no,id,title,original_title,original_language,popularity,release_date,vote_average,vote_count
0,1423191,Resident Evil,Resident Evil,en,556.6877,2026-09-16,7.295,178
1,1101383,The End of Oak Street,The End of Oak Street,en,514.5001,2026-08-12,7.0,1251
2,1240889,Teenage Sex and Death at Camp Miasma,Teenage Sex and Death at Camp Miasma,en,64.8235,2026-08-06,6.5,135
3,969681,Spider-Man: Brand New Day,Spider-Man: Brand New Day,en,684.7189,2026-07-29,7.857,2783
4,1514863,Best of the Best,Best of the Best,en,48.3659,2026-09-18,7.063,8
5,1368337,The Odyssey,The Odyssey,en,377.4824,2026-07-15,8.0,3807
6,1641629,You+Me - Against the World,Toi+Moi - Seuls contre tous,fr,75.2724,2026-09-18,5.7,24
7,1339713,Obsession,Obsession,en,142.7581,2026-05-13,8.2,5623
8,1451944,Lust Stories 3,Lust Stories 3,hi,52.4475,2026-09-18,7.0,3
9,1279493,The Get Out,The Get Out,en,32.6272,2026-06-18,6.0,82
10,1108427,Moana,Moana,en,216.803,2026-07-08,7.363,705
11,1083381,Backrooms,Backrooms,en,89.4898,2026-05-27,7.038,3345
12,1228834,The Fix,The Fix,en,78.2818,2026-09-10,7.154,13
13,1137844,Mayday,Mayday,en,119.6787,2026-09-03,8.032,706
14,1058424,Hope,호프,ko,99.6239,2026-07-15,7.4,79
15,687163,Project Hail Mary,Project Hail Mary,en,99.5429,2026-03-15,8.638,7850
16,1284186,Sacrifice,Sacrifice,en,28.7784,2026-04-09,4.9,13
17,1204680,Coyote vs. Acme,Coyote vs. Acme,en,485.616,2026-08-20,7.6,458
18,1329016,Tony,Tony,en,47.9643,2026-08-07,7.601,84
19,1084244,Toy Story 5,Toy Story 5,en,152.0103,2026-06-17,8.361,2206
0,1124142,The Rivals of Amziah King,The Rivals of Amziah King,en,53.0336,2026-08-13,6.688,69
1,1284465,The Death of Robin Hood,The Death of Robin Hood,en,61.2509,2026-06-18,6.224,317
2,1084244,Toy Story 5,Toy Story 5,en,152.0103,2026-06-17,8.361,2206
3,1656489,Sultana,Sultana,tr,59.5773,2026-04-17,7.0,3
4,1273221,Scary Movie,Scary Movie,en,69.1605,2026-06-03,6.383,1914
5,1288341,Seven Snipers,Seven Snipers,en,37.4582,2026-04-30,6.0,140
6,1433367,One Night Only,One Night Only,en,44.8569,2026-08-06,6.518,137
7,1741770,Karmakhya,Karmakhya,te,5.9118,2026-07-31,0.0,0
8,950028,The Invite,The Invite,en,33.0022,2026-06-25,7.278,549
9,1263337,Heart of the Beast,Heart of the Beast,en,31.0084,2026-09-19,8.8,4
10,1377237,Runner,Runner,en,67.2496,2026-09-07,7.887,31
11,1386315,The Runner,The Runner,en,148.4007,2026-09-03,6.8,526
12,1541125,Make Zhonghe Great Again,年会不能停！2,zh,11.212,2026-07-24,7.0,4
13,1003596,Avengers: Doomsday,Avengers: Doomsday,en,45.1294,2026-12-16,0.0,0
14,1275779,Disclosure Day,Disclosure Day,en,92.3818,2026-06-10,7.463,3380
15,1248832,Digger,Digger,en,23.6594,2026-09-30,0.0,0
16,1323244,Rage of Stars,Rage of Stars,en,123.0926,2026-08-06,6.628,156
17,1418811,The Fin,지느러미,ko,5.2415,2026-07-08,6.0,1
18,1315772,Minions & Monsters,Minions & Monsters,en,128.2356,2026-06-24,7.546,1141
19,1288445,Mutiny,Mutiny,en,254.1106,2026-08-19,6.4,418
0,1315772,Minions & Monsters,Minions & Monsters,en,128.2356,2026-06-24,7.546,1141
1,1288445,Mutiny,Mutiny,en,254.1106,2026-08-19,6.4,418
2,1441228,Irumudi,ఇరుముడి,te,39.0263,2026-08-20,6.789,19
3,1302904,Practical Magic 2,Practical Magic 2,en,69.9114,2026-09-09,6.014,72
4,1400940,Clayface,Clayface,en,16.1602,2026-10-21,0.0,0
5,1514026,Buddy,Buddy,en,33.1468,2026-08-27,7.9,62
6,936075,Michael,Michael,en,60.2833,2026-04-22,8.633,4373
7,980431,Avatar Aang: The Last Airbender,Avatar Aang: The Last Airbender,en,91.0249,2026-07-24,9.144,1160
8,1290945,Ein Münchner im Himmel - Der Tod ist erst der Anfang,Ein Münchner im Himmel - Der Tod ist erst der Anfang,de,4.8068,2026-05-14,7.0,3
9,1122573,In the Grey,In the Grey,en,44.3157,2026-05-13,7.575,988
10,1248832,Digger,Digger,en,23.6594,2026-09-30,0.0,0
11,1375646,Colony,군체,ko,351.7051,2026-05-21,8.1,827
12,1751676,UFC 331: Van vs. Pantoja 2,UFC 331: Van vs. Pantoja 2,en,2.7737,2026-09-19,8.0,1
13,1081003,Supergirl,Supergirl,en,74.7824,2026-06-24,6.7,2361
14,1414413,Brothers Under Fire,Brothers Under Fire,en,16.0329,2026-04-15,5.698,48
15,1709391,Hanuman Ansh,हनुमान अंश,hi,26.7072,2026-08-07,8.0,11
16,1228710,The Mandalorian and Grogu,The Mandalorian and Grogu,en,85.2211,2026-05-20,7.478,1668
17,860508,The Whisper Man,The Whisper Man,en,75.1158,2026-08-27,6.834,733
18,1432474,Nimrods,Nimrods,en,22.5718,2026-08-06,7.083,12
19,1101412,Fall 2: Deadpoint,Fall 2: Deadpoint,en,71.4217,2026-09-01,6.763,38
0,1081003,Supergirl,Supergirl,en,74.7824,2026-06-24,6.7,2361
1,1400940,Clayface,Clayface,en,16.1602,2026-10-21,0.0,0
2,1284041,The Last House,The Last House,en,35.31,2026-08-06,6.864,1367
3,1283515,Verity,Verity,en,16.402,2026-09-30,0.0,0
4,1430077,Hokum,Hokum,en,30.3228,2026-04-29,6.86,868
5,1280738,The Furious,火遮眼,zh,56.8315,2026-06-10,8.2,733
6,1643135,Run Hide Fight: Infidels,Run Hide Fight: Infidels,en,20.207,2026-09-15,5.6,5
7,1422011,It Ends,It Ends,en,17.5055,2026-08-21,5.384,43
8,1558568,Go Team!,"Gracias, equipo",es,22.5778,2026-09-11,5.207,30
9,1122030,Alpha,अल्फा,hi,12.7199,2026-07-02,5.1,27
10,1433583,The Weight,The Weight,en,26.3006,2026-09-16,6.682,11
11,1306055,Keep the Beat,数到三,zh,2.375,2026-08-28,5.0,1
12,1325734,The Drama,The Drama,en,33.873,2026-04-01,6.902,1817
13,1560520,Batman: Knightfall Part 1: Knightfall,Batman: Knightfall Part 1: Knightfall,en,76.4791,2026-06-23,9.191,345
14,1476682,Gail Daughtry and the Celebrity Sex Pass,Gail Daughtry and the Celebrity Sex Pass,en,13.8037,2026-07-09,6.162,37
15,1078605,Weapons,Weapons,en,40.0857,2025-08-04,7.261,3945
16,1408162,Vishwanath & Sons,விஸ்வநாத் & சன்ஸ்,ta,132.9726,2026-08-14,7.212,26
17,1365884,Call My Agent! The Movie,Dix Pour Cent ! Le Film,fr,21.4849,2026-08-29,6.424,79
18,1773587,General Mayhem: The Killing of Brigadier J,Skenario Sang Jenderal,id,0.9729,2026-09-18,0.0,0
19,1417127,It’s All Good,Tout va super,fr,6.2099,2026-05-27,6.85,10
0,1294189,The Mongoose,The Mongoose,en,295.5531,2026-10-29,0.0,0
1,1340206,Tuner,Tuner,en,24.9857,2026-05-21,7.6,446
2,1417127,It’s All Good,Tout va super,fr,6.2099,2026-05-27,6.85,10
3,1365884,Call My Agent! The Movie,Dix Pour Cent ! Le Film,fr,21.4849,2026-08-29,6.424,79
4,1773587,General Mayhem: The Killing of Brigadier J,Skenario Sang Jenderal,id,0.9729,2026-09-18,0.0,0
5,1384216,The Dog Stars,The Dog Stars,en,47.408,2026-08-26,6.634,279
6,1669841,Bleach: Thousand-Year Blood War - The Calamity,Bleach: Thousand-Year Blood War - The Calamity,ja,6.3942,2026-06-25,7.833,12
7,607833,The Intern,인턴,ko,4.2697,2026-09-16,8.5,2
8,1439930,The Punisher: One Last Kill,The Punisher: One Last Kill,en,49.3879,2026-05-12,8.274,2235
9,1318467,The Last Kiss,The Last Kiss,en,75.6928,2026-09-15,6.5,11
10,1558568,Go Team!,"Gracias, equipo",es,22.5778,2026-09-11,5.207,30
11,1701141,Gator Face,Gator Face,en,10.5245,2026-09-11,4.7,5
12,1480574,Just Play Dead,Just Play Dead,en,26.5044,2026-08-28,5.884,43
13,1760576,Zakir Khan: Papa Yaar,Zakir Khan: Papa Yaar,hi,5.9655,2026-09-18,10.0,1
14,83533,Avatar: Fire and Ash,Avatar: Fire and Ash,en,76.3638,2025-12-17,7.64,4340
15,1432474,Nimrods,Nimrods,en,22.5718,2026-08-06,7.083,12
16,1400837,Other Mommy,Other Mommy,en,27.604,2026-10-07,0.0,0
17,1170608,Dune: Part Three,Dune: Part Three,en,18.1293,2026-12-15,0.0,0
18,1061474,Superman,Superman,en,50.7715,2025-07-09,7.326,5464
19,1422562,The Moment,The Moment,en,8.2585,2026-01-30,6.367,83
0,1365884,Call My Agent! The Movie,Dix Pour Cent ! Le Film,fr,21.4849,2026-08-29,6.424,79
1,1318413,Pressure,Pressure,en,30.674,2026-05-28,7.675,432
2,1391021,Once Upon a Time in the Middle East,欢迎来龙餐馆,zh,13.7315,2026-08-08,9.1,40
3,1356963,Little Lorraine,Little Lorraine,en,10.5365,2026-04-17,7.107,14
4,977942,The Uprising,The Uprising,en,31.5966,2026-09-10,6.8,14
5,1437703,Flies,Moscas,es,7.4754,2026-07-01,6.7,9
6,1608445,Tarung: Unforgiven,Tarung: Unforgiven,ms,17.8276,2026-05-07,8.2,5
7,1311031,Demon Slayer: Kimetsu no Yaiba Infinity Castle,劇場版「鬼滅の刃」無限城編 第一章 猗窩座再来,ja,68.9932,2025-07-18,8.799,2156
8,1479832,DC,டிசி,ta,12.1363,2026-08-07,7.9,22
9,1226863,The Super Mario Galaxy Movie,The Super Mario Galaxy Movie,en,64.63,2026-04-01,8.223,3694
10,1215889,Daayra,दायरा,hi,5.3467,2026-09-18,0.0,0
11,1477170,LOL 2.0: Anne’s Golden Hour,LOL 2.0,fr,4.8836,2026-02-11,6.0,63
12,1621552,Facing El Chapo,La captura,es,100.3001,2026-08-21,8.8,750
13,1476682,Gail Daughtry and the Celebrity Sex Pass,Gail Daughtry and the Celebrity Sex Pass,en,13.8037,2026-07-09,6.1,36
14,1084242,Zootopia 2,Zootopia 2,en,79.8051,2025-11-26,7.674,3436
15,1417127,It’s All Good,Tout va super,fr,6.2099,2026-05-27,6.85,10
16,1061474,Superman,Superman,en,50.7715,2025-07-09,7.326,5463
17,1698863,The Odyssey,The Odyssey,en,39.5954,2026-07-03,4.027,564
18,1368314,Passenger,Passenger,en,25.917,2026-05-20,7.295,881
0,1381071,Godzilla Minus Zero,ゴジラ-0.0,ja,10.0028,2026-11-03,0.0,0
1,1356963,Little Lorraine,Little Lorraine,en,10.5365,2026-04-17,7.107,14
2,1685882,Modha Rathri,மொத ராத்திரி,ta,41.5922,2026-08-21,7.0,1
3,1592395,The Plantation,The Plantation,en,5.7915,2025-12-19,0.0,0
4,1428766,Penny Lane Is Dead,Penny Lane Is Dead,en,3.1459,2026-07-23,6.5,16
5,986056,Thunderbolts*,Thunderbolts*,en,39.7693,2025-04-30,7.299,4058
6,1712454,Shark Frenzy,Shark Frenzy,en,5.8592,2026-07-17,5.5,4
7,1284046,Onslaught,Onslaught,en,21.8102,2026-09-02,6.02,25
8,1084242,Zootopia 2,Zootopia 2,en,79.8051,2025-11-26,7.674,3436
9,1564614,Leviticus,Leviticus,en,40.1404,2026-06-17,6.8,515
10,1522689,Why Did I Get Married Again?,Why Did I Get Married Again?,en,29.3318,2026-09-08,6.731,26
11,1751701,After Impact,After Impact,en,7.5336,2026-09-15,5.2,2
12,1483525,Possible Love,가능한 사랑,ko,15.1207,2026-09-23,0.0,0
13,1439930,The Punisher: One Last Kill,The Punisher: One Last Kill,en,49.3879,2026-05-12,8.274,2235
14,1281331,The Social Reckoning,The Social Reckoning,en,10.839,2026-10-07,0.0,0
15,1631807,The Secret Woman,Den hemmelige kvinde,da,26.4115,2026-08-28,6.371,116
16,931285,Mortal Kombat II,Mortal Kombat II,en,43.0836,2026-05-06,7.806,2588
17,1215889,Daayra,दायरा,hi,5.3467,2026-09-18,0.0,0
18,1621552,Facing El Chapo,La captura,es,100.3001,2026-08-21,8.8,750
19,1671548,Dear You,给阿嬷的情书,zh,10.7163,2026-04-30,8.8,71
0,1281331,The Social Reckoning,The Social Reckoning,en,10.839,2026-10-07,0.0,0
1,1631807,The Secret Woman,Den hemmelige kvinde,da,26.4115,2026-08-28,6.371,116
2,1339588,Finding Emily,Finding Emily,en,31.3638,2026-05-21,6.8,57
3,1387382,Hunting Season,Hunting Season,en,22.221,2025-12-05,7.412,448
4,1472210,Goody Goody,Goody Goody,en,7.3376,2026-04-10,6.8,3
5,1577498,Después de Kim,Después de Kim,es,3.932,2026-04-24,4.0,1
6,1682974,The India Story,The India Story,hi,3.6381,2026-07-24,0.0,0
7,1378742,Drive Through Fire,Drive Through Fire,en,6.5729,2026-09-11,7.2,5
8,1319977,Nothing Personal,A la cara,es,2.7255,2026-05-29,6.5,2
9,454639,Masters of the Universe,Masters of the Universe,en,54.8466,2026-06-03,7.119,2141
10,791523,Wildwood,Wildwood,en,13.3274,2026-10-21,0.0,0
11,1284046,Onslaught,Onslaught,en,21.8102,2026-09-02,6.02,25
12,999136,Do Not Enter,Do Not Enter,en,14.2996,2026-03-19,6.257,352
13,1437511,How to Rob a Bank,How to Rob a Bank,en,9.8749,2026-11-11,0.0,0
14,1428226,Until the End of the World,Hasta el Fin del Mundo,es,28.4388,2026-07-23,7.848,46
15,1196573,She Rides Shotgun,She Rides Shotgun,en,10.8587,2025-07-31,7.048,335
16,1751701,After Impact,After Impact,en,7.5336,2026-09-15,5.25,2
17,1218925,Chainsaw Man - The Movie: Reze Arc,劇場版 チェンソーマン レゼ篇,ja,28.4225,2025-09-19,8.55,1189
18,1319525,Henry's First Dates,จีบซ้ำซ้ำ เฮนรี่จำไม่ได้,th,3.9535,2026-09-17,9.0,1
19,1198994,Send Help,Send Help,en,30.1694,2026-01-22,7.028,2302
0,1477170,LOL 2.0: Anne’s Golden Hour,LOL 2.0,fr,4.8836,2026-02-11,6.0,63
1,1671548,Dear You,给阿嬷的情书,zh,10.7163,2026-04-30,8.8,71
2,1444466,Awarapan 2,आवारापन २,hi,5.1593,2026-08-14,0.0,0
3,1483525,Possible Love,가능한 사랑,ko,15.1207,2026-09-23,0.0,0
4,1245859,Savage House,Savage House,en,11.7241,2026-06-05,6.9,44
5,1621552,Facing El Chapo,La captura,es,100.3001,2026-08-21,8.8,750
6,1116201,Iron Lung,Iron Lung,en,11.627,2026-01-30,6.932,431
7,87513,Motor City,Motor City,en,30.6374,2026-07-23,6.248,115
8,1422041,La bola negra,La bola negra,es,7.4514,2026-09-25,0.0,0
9,1235877,Jana Nayagan,ஜன நாயகன்,ta,15.7679,2026-07-22,5.3,20
10,1770842,Max vs 100,Max vs 100,en,2.4263,2026-09-16,7.5,2
11,1255833,Whalefall,Whalefall,en,9.9768,2026-10-14,0.0,0
12,1453317,Hari Ka Om,Hari Ka Om,hi,2.0184,2026-09-18,0.0,0
13,1242332,Normal,Normal,en,18.3391,2026-04-16,7.3,591
14,1363387,Saccharine,Saccharine,en,16.9218,2026-05-22,6.974,176
15,1265609,War Machine,War Machine,en,42.6914,2026-02-12,7.485,2474
16,1550338,The Last Scene,Öngörü,tr,6.5947,2026-08-28,6.95,10
17,1327819,Hoppers,Hoppers,en,53.1811,2026-03-04,8.1,2352
18,1477712,Ice Cream Man,Ice Cream Man,en,15.5527,2026-08-03,4.466,59
19,1770849,Norton Creek Massacre,Norton Creek Massacre,en,3.078,2026-09-10,1.0,1
0,1540987,The Condor Conspiracy,A Conspiração Condor,pt,2.919,2026-04-09,10.0,1
1,1214931,Nuremberg,Nuremberg,en,18.4403,2025-11-06,7.608,1414
2,1171145,Crime 101,Crime 101,en,39.4489,2026-02-11,7.013,1362
3,1553200,Rascal Does Not Dream of a Dear Friend,青春ブタ野郎はディアフレンドの夢を見ない,ja,2.467,2026-10-16,0.0,0
4,1305672,I Know Who You Are,抓特务,zh,4.3719,2026-06-19,6.9,16
5,1579941,The Musical,The Musical,en,3.773,2026-09-18,10.0,1
6,967941,Wicked: For Good,Wicked: For Good,en,33.4353,2025-11-19,6.6,1153
7,1304313,Lee Cronin's The Mummy,Lee Cronin's The Mummy,en,45.5985,2026-04-15,7.868,2675
8,1423253,Korean Kanakaraju,కొరియన్ కనకరాజు,te,3.5459,2026-08-06,7.0,4
9,1595124,Steps,Steps,en,6.7743,2026-11-20,0.0,0
10,858024,Hamnet,Hamnet,en,21.9719,2025-11-26,7.728,1617
11,1032863,The Love Hypothesis,The Love Hypothesis,en,37.814,2026-09-23,10.0,1
12,1341138,Spa Weekend,Spa Weekend,en,17.3993,2026-08-20,6.7,32
13,1214361,Bad Men Must Bleed,Bad Men Must Bleed,en,4.0111,2026-03-12,0.0,0
14,1469930,Project Sacrifice,Tumbal Proyek,id,109.31,2026-05-13,3.875,4
15,617126,The Fantastic 4: First Steps,The Fantastic 4: First Steps,en,43.3515,2025-07-23,6.945,3879
16,1292695,They Will Kill You,They Will Kill You,en,19.3163,2026-03-25,6.945,1130
17,1266127,Ready or Not: Here I Come,Ready or Not: Here I Come,en,27.953,2026-03-19,7.566,1632
18,1714670,Heer Sara,Heer Sara,hi,3.6329,2026-06-12,5.0,1
19,1244523,Beware Boiúna,Beware Boiúna,en,10.3978,2026-10-01,0.0,0
0,1244523,Beware Boiúna,Beware Boiúna,en,10.3978,2026-10-01,0.0,0
1,1307118,Soulm8te,Soulm8te,en,27.6164,2026-07-31,7.424,334
2,1242332,Normal,Normal,en,18.3391,2026-04-16,7.3,591
3,1119449,"Good Luck, Have Fun, Don't Die","Good Luck, Have Fun, Don't Die",en,24.553,2026-02-13,7.125,1025
4,1088548,Bitter Christmas,Amarga Navidad,es,10.9887,2026-03-20,6.2,144
5,1422041,La bola negra,La bola negra,es,7.4514,2026-09-25,0.0,0
6,1368166,The Housemaid,The Housemaid,en,50.3889,2025-12-18,7.255,3080
7,813418,Hot Spot,Hot Spot,en,67.1385,2026-08-21,5.05,20
8,1244531,Beast of War,Beast of War,en,8.5806,2025-08-22,6.2,145
9,1317872,Sardar 2,சர்தார் 2,ta,4.1318,2026-09-10,4.0,1
10,1476614,All of a Sudden,急に具合が悪くなる,ja,5.8696,2026-06-19,7.9,50
11,1376831,Another Man,Un altre home,ca,3.3129,2026-03-27,6.0,1
12,467905,How to Make a Killing,How to Make a Killing,en,17.3597,2026-02-16,6.97,745
13,1546530,Cat Cam,Cat Cam,en,5.026,2026-04-13,3.5,2
14,1553969,Sheep in the Box,箱の中の羊,ja,7.0084,2026-05-29,6.38,25
15,192139,The Brink of War,The Brink of War,en,9.2332,2026-08-13,7.2,23
16,1381027,Good Boy,Good Boy,en,19.2187,2026-03-05,7.304,296
17,1214361,Bad Men Must Bleed,Bad Men Must Bleed,en,4.0111,2026-03-12,0.0,0
18,1318447,Apex,Apex,en,31.6017,2026-04-24,6.89,1932
19,1382832,Hungry,Hungry,en,13.6068,2026-06-03,7.0,266
0,1739206,Untold Mr. T: I Pity the Fool,Untold Mr. T: I Pity the Fool,en,9.1358,2026-09-08,7.81,21
1,1202033,Enola Holmes 3,Enola Holmes 3,en,16.0251,2026-06-30,6.732,684
2,1103437,Please Don't Feed the Children,Please Don't Feed the Children,en,6.9671,2025-07-03,6.1,96
3,687238,Warriors of the Wasteland,Volja Sinovljeva,sr,3.3618,2024-11-28,6.563,8
4,1530349,Fragmentos,Fragmentos,es,6.0177,2025-12-12,6.5,4
5,1401459,Fjord,Fjord,ro,8.891,2026-06-13,7.226,73
6,1442211,Balandrau: Where the Fierce Wind Blew,Balandrau: Where the Fierce Wind Blew,ca,8.3558,2026-02-20,7.0,22
7,1038392,The Conjuring: Last Rites,The Conjuring: Last Rites,en,27.1436,2025-09-03,6.946,2124
8,1492640,UNABOMBER,UNABOMBER,en,5.6434,2026-09-25,0.0,0
9,1214361,Bad Men Must Bleed,Bad Men Must Bleed,en,4.0111,2026-03-12,0.0,0
10,1297842,GOAT,GOAT,en,42.7345,2026-02-11,8.058,1086
11,912649,Venom: The Last Dance,Venom: The Last Dance,en,42.1981,2024-10-22,6.671,4529
12,1579941,The Musical,The Musical,en,3.773,2026-09-18,10.0,1
13,1541560,Stop! That! Train!,Stop! That! Train!,en,9.6193,2026-06-12,5.1,49
14,1423253,Korean Kanakaraju,కొరియన్ కనకరాజు,te,3.5459,2026-08-06,7.0,4
15,1774602,Avengers Endgame: Encore,Avengers Endgame: Encore,en,0.0,,0.0,0
16,1526519,Reversion,Reversión,es,3.2609,2025-11-07,6.2,22
17,1288069,Tenzing,Tenzing,en,6.0529,2026-10-09,0.0,0
18,1773306,There Is a Me,There Is a Me,en,0.4896,2026-08-01,0.0,0
19,1487704,The Legend of the Scythian Gold,Легенда о золоте скифов,ru,1.2332,2026-08-20,0.0,0
0,1591675,Look Back,ルックバック,ja,4.1687,2026-09-11,7.8,8
1,1465685,The Devil Within,Caminando con el diablo,es,6.9472,2026-03-06,5.3,10
2,1218925,Chainsaw Man - The Movie: Reze Arc,劇場版 チェンソーマン レゼ篇,ja,28.4225,2025-09-19,8.55,1189
3,1462861,Spider Island,Spider Island,en,31.3814,2026-08-28,5.048,21
4,1234821,Jurassic World Rebirth,Jurassic World Rebirth,en,57.0877,2025-06-23,6.256,3764
5,552524,Lilo & Stitch,Lilo & Stitch,en,37.4614,2025-05-17,7.2,2282
6,1590380,Ram and Leela,Ram and Leela,ta,4.0076,2026-08-21,5.0,1
7,1477104,Shaun the Sheep: The Beast of Mossy Bottom,Shaun the Sheep: The Beast of Mossy Bottom,en,16.0845,2026-09-17,5.857,7
8,1241982,Moana 2,Moana 2,en,41.9535,2024-11-21,6.996,3287
9,426063,Nosferatu,Nosferatu,en,24.2282,2024-12-25,6.714,3968
10,1589248,"My Best Friend, His Girlfriend and Me","Mein bester Freund, seine Freundin und ich",de,8.0635,2026-08-14,6.2,41
11,1221061,Sound of Falling,In die Sonne schauen,de,6.7687,2025-08-28,6.93,122
12,1088548,Bitter Christmas,Amarga Navidad,es,10.9887,2026-03-20,6.2,144
13,1257147,My Best Friend,Minha Melhor Amiga,pt,6.8433,2026-09-03,8.5,13
14,889737,Joker: Folie à Deux,Joker: Folie à Deux,en,23.0923,2024-10-01,5.404,3067
15,1378537,Mirzapur: The Movie,मिर्ज़ापुर - द मूवी,hi,13.574,2026-09-03,6.9,18
16,1341138,Spa Weekend,Spa Weekend,en,17.3993,2026-08-20,6.7,32
17,541671,Ballerina,Ballerina,en,35.7668,2025-06-04,7.272,2972
18,1367220,Karuppu,கருப்பு,ta,8.8592,2026-05-14,6.767,30
19,1288069,Tenzing,Tenzing,en,6.0529,2026-10-09,0.0,0
0,541671,Ballerina,Ballerina,en,35.7668,2025-06-04,7.272,2972
1,1367220,Karuppu,கருப்பு,ta,8.8592,2026-05-14,6.767,30
2,1494724,My Friend Barry,Mein Freund Barry,de,2.3938,2026-01-14,7.5,2
3,574475,Final Destination Bloodlines,Final Destination Bloodlines,en,26.873,2025-05-14,7.036,3118
4,1303331,Dhamaal 4,धमाल ४,hi,13.1157,2026-07-10,4.3,13
5,1506560,Clash of the Thundermans,Clash of the Thundermans,en,100.1924,2026-09-03,6.754,61
6,1193501,Whistle,Whistle,en,17.0368,2026-01-20,6.318,693
7,822119,Captain America: Brave New World,Captain America: Brave New World,en,56.1787,2025-02-12,5.954,3409
8,1679730,THE RIBBON HERO,THE RIBBON HERO リボンヒーロー,ja,14.5196,2026-08-07,6.4,24
9,1241574,No Good Men,Kabul Jan,ps,6.7176,2026-05-28,7.4,5
10,1641580,The Last Assassins,The Last Assassins,en,53.8398,2026-08-11,5.2,5
11,1074074,The Beloved,El ser querido,es,10.0877,2026-05-16,6.873,83
12,1286656,I Play Rocky,I Play Rocky,en,5.4418,2026-11-06,0.0,0
13,1413976,Citizen Vigilante,Citizen Vigilante,en,35.4143,2026-06-19,6.502,401
14,1475799,Haiwaan,हैवान,hi,5.744,2026-09-11,0.0,0
15,1381078,Love of Your Life,Love of Your Life,en,3.5115,2026-10-07,0.0,0
16,950387,A Minecraft Movie,A Minecraft Movie,en,40.5513,2025-03-31,6.221,3291
17,1715492,Shipwrecked: Nightmare at Sea,Shipwrecked: Nightmare at Sea,en,5.4108,2026-07-10,7.177,79
18,1568060,Perfect Liars,Perfectos mentirosos,es,3.1718,2026-11-20,0.0,0
19,1013482,Borderline,Borderline,en,4.5045,2025-03-14,5.703,197
0,1633056,All Wishes Come True!,八仙！,zh,6.4638,2026-07-10,7.963,27
1,1444466,Awarapan 2,आवारापन २,hi,5.1593,2026-08-14,0.0,0
2,1773807,"Eat, my love","Eat, my love",en,0.4296,2026-09-18,0.0,0
3,1456391,Almost Popular,Almost Popular,en,2.5695,2025-08-28,6.0,5
4,539972,Kraven the Hunter,Kraven the Hunter,en,34.5231,2024-12-11,6.414,2502
5,1455079,"You, Me & Tuscany","You, Me & Tuscany",en,12.028,2026-04-09,7.3,111
6,1479537,Bad Counselors,Bad Counselors,en,2.2251,2026-07-22,5.8,4
7,1705729,Man of War,Man of War,en,5.866,2026-07-03,6.586,35
8,1765701,Angel in the Rubble: The Genelle Guzman Story,Angel in the Rubble: The Genelle Guzman Story,en,3.3535,2026-09-02,9.0,3
9,1506560,Clash of the Thundermans,Clash of the Thundermans,en,100.1924,2026-09-03,6.754,61
10,1512841,Last Routine,Šampión,sk,4.3806,2026-03-26,0.0,0
11,1242265,Fuze,Fuze,en,18.2894,2025-09-05,7.141,408
12,1762506,Band of Brothers: Legacy,Band of Brothers: Legacy,en,15.86,2026-09-09,9.1,12
13,1241982,Moana 2,Moana 2,en,41.9535,2024-11-21,7.0,3286
14,1408208,Exit 8,８番出口,ja,14.9726,2025-08-03,7.034,800
15,1530121,The Girl in the River,The Girl in the River,en,21.1758,2026-09-04,7.3,9
16,1221061,Sound of Falling,In die Sonne schauen,de,6.7687,2025-08-28,6.93,122
17,891621,Wild Horse Nine,Wild Horse Nine,en,8.156,2026-11-04,0.0,0
18,1667190,"Dark Blue, Celestial Blue","Azul oscuro, azul celeste",es,1.2548,2026-05-28,7.0,1
19,889737,Joker: Folie à Deux,Joker: Folie à Deux,en,23.0923,2024-10-01,5.404,3066
0,1762506,Band of Brothers: Legacy,Band of Brothers: Legacy,en,15.86,2026-09-09,9.1,12
1,426063,Nosferatu,Nosferatu,en,24.2282,2024-12-25,6.714,3968
2,1408208,Exit 8,８番出口,ja,14.9726,2025-08-03,7.034,800
3,1530121,The Girl in the River,The Girl in the River,en,21.1758,2026-09-04,7.3,9
4,1367642,Reminders of Him,Reminders of Him,en,15.1009,2026-03-11,7.795,420
5,1130948,Rosebush Pruning,Rosebush Pruning,en,87.2795,2026-04-23,6.2,50
6,1147572,Narnia: The Magician's Nephew,Narnia: The Magician's Nephew,en,8.7142,2027-02-10,0.0,0
7,1221061,Sound of Falling,In die Sonne schauen,de,6.7687,2025-08-28,6.93,122
8,891621,Wild Horse Nine,Wild Horse Nine,en,8.156,2026-11-04,0.0,0
9,1667190,"Dark Blue, Celestial Blue","Azul oscuro, azul celeste",es,1.2548,2026-05-28,7.0,1
10,889737,Joker: Folie à Deux,Joker: Folie à Deux,en,23.0923,2024-10-01,5.404,3067
11,1175174,Fackham Hall,Fackham Hall,en,7.8483,2025-12-05,6.658,218
12,1538497,Hexed,Hexed,en,8.6015,2026-11-25,0.0,0
13,1760194,Optimus Prime Awakening,Optimus Prime Awakening,en,2.4856,2026-09-17,7.5,4
14,1594914,Lucky Strike,Lucky Strike,en,58.0958,2026-06-26,6.875,45
15,1065834,Kattalan,കാട്ടാളൻ,ml,5.5762,2026-05-14,5.5,10
16,1376831,Another Man,Un altre home,ca,3.3129,2026-03-27,6.0,1
17,1656220,23 000 Lives,23 000 Leben,de,10.3133,2026-07-02,6.103,78
18,1317149,I Swear,I Swear,en,18.6287,2025-09-22,8.253,574
19,1064213,Anora,Anora,en,27.3278,2024-10-14,7.075,3449
0,1718834,26F Seeking Friend,26F Seeking Friend,en,2.7553,2026-09-07,0.0,0
1,1175942,The Bad Guys 2,The Bad Guys 2,en,29.0128,2025-07-24,7.6,900
2,1419406,The Shadow's Edge,捕风追影,zh,81.0401,2025-08-16,8.269,1437
3,1226699,The Wrong Girls,The Wrong Girls,en,17.0786,2026-08-14,5.893,28
4,1223601,Sisu: Road to Revenge,Sisu 2,fi,19.0249,2025-10-21,7.309,912
5,1620313,The Samurai and the Prisoner,黒牢城,ja,3.7838,2026-06-19,7.9,12
6,575265,Mission: Impossible - The Final Reckoning,Mission: Impossible - The Final Reckoning,en,40.9284,2025-05-17,7.175,3154
7,1341137,A Great Awakening,A Great Awakening,en,12.0775,2026-04-03,7.16,25
8,445466,Idiots,Idiots,en,9.1399,2026-08-20,6.0,7
9,949838,72 HOURS,72 HOURS,en,18.1777,2026-07-20,6.763,443
10,1774411,Bharat Desh Hai Mera,Bharat Desh Hai Mera,en,0.0286,,0.0,0
11,1071585,M3GAN 2.0,M3GAN 2.0,en,17.2273,2025-06-25,7.148,1487
12,1390300,Over Your Dead Body,Over Your Dead Body,en,19.8113,2026-03-14,6.434,601
13,1389765,Batman: Knightfall Part 2: Knightquest,Batman: Knightfall Part 2: Knightquest,en,3.2593,,0.0,0
14,1613798,Vengeance,Venganza,es,27.9229,2026-02-26,7.498,312
15,1399525,Rose of Nevada,Rose of Nevada,en,4.2494,2026-04-24,6.5,30
16,587370,Tales from the Magic Garden,Pohádky po babičce,cs,3.67,2025-05-18,5.5,10
17,1329471,Carolina Caroline,Carolina Caroline,en,7.4848,2026-06-05,6.74,73
18,1330021,Remarkably Bright Creatures,Remarkably Bright Creatures,en,22.8606,2026-05-07,8.415,917
19,1461254,Salmokji: Whispering Water,살목지,ko,7.5156,2026-04-08,6.069,29
0,1530941,Gintama the Movie 2026: Yoshiwara in Flames,新劇場版 銀魂 -吉原大炎上-,ja,12.6094,2026-02-13,8.95,20
1,891621,Wild Horse Nine,Wild Horse Nine,en,8.156,2026-11-04,0.0,0
2,1774411,Bharat Desh Hai Mera,Bharat Desh Hai Mera,en,0.0286,,0.0,0
3,1071585,M3GAN 2.0,M3GAN 2.0,en,17.2273,2025-06-25,7.148,1487
4,1748520,Exiles of Earth,Exiles of Earth,en,0.5452,2026-08-11,0.0,0
5,1154730,La Gradiva,La Gradiva,fr,5.3733,2026-10-21,0.0,0
6,1399525,Rose of Nevada,Rose of Nevada,en,4.2494,2026-04-24,6.5,30
7,1774602,Avengers Endgame: Encore,Avengers Endgame: Encore,en,0.0,,0.0,0
8,1329471,Carolina Caroline,Carolina Caroline,en,7.4848,2026-06-05,6.74,73
9,1380291,Tom Clancy's Jack Ryan: Ghost War,Tom Clancy's Jack Ryan: Ghost War,en,33.4525,2026-05-20,6.926,780
10,1330021,Remarkably Bright Creatures,Remarkably Bright Creatures,en,22.8606,2026-05-07,8.414,917
11,1461254,Salmokji: Whispering Water,살목지,ko,7.5156,2026-04-08,6.069,29
12,1517206,Bouchra,Bouchra,en,7.7472,2026-06-03,5.917,6
13,533533,TRON: Ares,TRON: Ares,en,23.6991,2025-10-08,6.462,1637
14,910850,MOBILE SUIT GUNDAM HATHAWAY The Sorcery of Nymph Circe,機動戦士ガンダム  閃光のハサウェイ キルケーの魔女,ja,10.6884,2026-01-30,7.981,27
15,539972,Kraven the Hunter,Kraven the Hunter,en,34.5231,2024-12-11,6.414,2502
16,870028,The Accountant²,The Accountant²,en,26.7224,2025-04-23,7.083,1937
17,1774336,In Verses' Rhytm,V Rytme Veršov,sk,0.1929,2025-10-19,10.0,1
18,1404791,Dollhouse,ドールハウス,ja,9.8442,2025-06-13,7.623,142
19,1770859,Jo Koy: Blue in the Face,Jo Koy: Blue in the Face,en,1.9594,2026-09-15,6.0,1
0,1360812,An Autumn Summer,An Autumn Summer,en,2.2558,2026-05-01,0.0,0
1,1480387,undertone,undertone,en,15.5242,2026-03-12,5.996,655
2,1516456,Ghost School,گوسٹ اسکول,ur,2.3002,2026-07-30,0.0,0
3,1384514,The Vvaan,द वन,hi,5.5985,2026-09-25,0.0,0
4,1062722,Frankenstein,Frankenstein,en,29.6185,2025-10-17,7.615,3849
5,1427832,No Hit Wonder,No Hit Wonder,de,2.9104,2025-10-30,6.8,16
6,1284016,Power Ballad,Power Ballad,en,9.6929,2026-05-18,7.1,106
7,1267116,Bad Man,Bad Man,en,5.4329,2025-09-05,5.509,57
8,898704,Desert Warrior,Desert Warrior,en,14.3238,2026-04-23,6.174,43
9,1616131,A Child of My Own,Un hijo propio,es,6.8233,2026-07-30,8.6,76
10,425274,Now You See Me: Now You Don't,Now You See Me: Now You Don't,en,38.3891,2025-11-12,6.454,1822
11,1645368,Forsaken,L'abandon,fr,5.5289,2026-05-13,7.621,62
12,1368492,The Wolf and the Lamb,The Wolf and the Lamb,en,4.1674,2026-04-24,5.286,7
13,1471168,Barreda,Barreda,es,25.9745,2026-08-28,7.215,72
14,1244517,Tow,Tow,en,5.2796,2026-03-20,6.7,33
15,1769801,Echoes from the Void,Echoes from the Void,en,2.6706,2026-08-27,0.0,0
16,939243,Sonic the Hedgehog 3,Sonic the Hedgehog 3,en,34.5748,2024-12-19,7.601,3462
17,1317512,The World of Love,세계의 주인,ko,3.0601,2025-10-22,7.7,37
18,1541560,Stop! That! Train!,Stop! That! Train!,en,9.6193,2026-06-12,5.1,49
19,1131759,Omniscient Reader: The Prophecy,전지적 독자 시점,ko,8.6228,2025-07-23,7.1,110
0,1234139,Jailer 2,ஜெயிலர் 2,ta,5.1627,2026-10-15,0.0,0
1,846049,The Dresden Sun,The Dresden Sun,en,2.326,2026-02-06,4.0,15
2,1157869,Parallel Tales,Histoires parallèles,fr,6.2312,2026-05-14,5.7,54
3,1130948,Rosebush Pruning,Rosebush Pruning,en,87.2795,2026-04-23,6.2,50
4,1612018,Jackass: Best and Last,Jackass: Best and Last,en,29.9257,2026-06-25,7.494,249
5,1658653,Vanishing Point,消失的人,zh,6.1837,2026-05-01,6.4,15
6,1306368,The Rip,The Rip,en,26.6388,2026-01-13,7.1,1927
7,1220564,The Secret Agent,O Agente Secreto,pt,12.2327,2025-07-23,7.156,871
8,1765955,Operation Hummingbird,蜂鸟行动,zh,3.8505,2026-09-12,4.667,3
9,1404684,Just an Illusion,Juste une illusion,fr,4.3726,2026-04-15,7.3,208
10,1501547,Jonesing: When Love Is a Habit,Jonesing: When Love Is a Habit,en,1.4669,2025-06-27,10.0,1
11,1327147,Pixie. The New Beginning,Skrzat. Nowy początek,pl,1.5604,2025-09-19,7.0,4
12,1770859,Jo Koy: Blue in the Face,Jo Koy: Blue in the Face,en,1.9594,2026-09-15,6.0,1
13,701387,Bugonia,Bugonia,en,22.3236,2025-10-23,7.294,2416
14,1771967,Mahoor,Mahoor,fa,0.4421,2025-11-16,0.0,0
15,1288220,A Mosquito in the Ear,A Mosquito in the Ear,en,6.757,2026-06-11,5.2,2
16,1272837,28 Years Later: The Bone Temple,28 Years Later: The Bone Temple,en,28.1455,2026-01-14,7.097,1755
17,1287322,Christy,Christy,en,10.8177,2025-10-27,7.067,230
18,1471224,Bazaar (Murder in the Building),Le Crime du 3e étage,fr,15.965,2026-03-11,6.441,76
19,1584215,The Internship,The Internship,en,11.386,2026-01-13,6.4,146
0,1471224,Bazaar (Murder in the Building),Le Crime du 3e étage,fr,15.965,2026-03-11,6.441,76
1,1584215,The Internship,The Internship,en,11.386,2026-01-13,6.4,146
2,1308767,Young Washington,Young Washington,en,15.0677,2026-07-02,7.857,119
3,1305781,Blades of the Guardians,镖人：风起大漠,zh,23.7141,2026-02-17,8.194,232
4,1353926,Keep Real,特立独行,zh,2.9129,2026-07-03,6.7,10
5,803796,KPop Demon Hunters,KPop Demon Hunters,en,43.8354,2025-06-20,7.998,3210
6,604685,Den of Thieves 2: Pantera,Den of Thieves 2: Pantera,en,13.1292,2025-01-08,6.602,853
7,1562642,Ghost Soldier,Ghost Soldier,en,11.8915,2026-11-04,0.0,0
8,1007734,Nobody 2,Nobody 2,en,24.2369,2025-08-13,6.916,1840
9,1496696,Breeder,Breeder,en,8.0292,2026-10-16,0.0,0
10,1124566,Sentimental Value,Affeksjonsverdi,no,14.0094,2025-08-20,7.462,1097
11,1508168,Bethlehem Kudumba Unit,ബെത്‌ലഹേം കുടുംബ യൂണിറ്റ്,ml,8.9943,2026-08-21,8.8,19
12,1530941,Gintama the Movie 2026: Yoshiwara in Flames,新劇場版 銀魂 -吉原大炎上-,ja,12.6094,2026-02-13,8.95,20
13,987400,Aztec Batman: Clash of Empires,Batman Azteca: Choque de imperios,es,6.4081,2025-09-18,7.602,166
14,1668364,Desire,Deseo,es,28.4065,2026-05-07,6.707,251
15,1241918,Give You A Candy,出入平安,zh,2.7107,2024-09-30,6.7,3
16,1169537,Batwara 1947,बटवारा १९४७,hi,4.6485,2026-08-13,6.0,1
17,1239198,My Dearest Señorita,Mi querida señorita,es,5.7327,2026-04-17,6.558,43
18,870028,The Accountant²,The Accountant²,en,26.7224,2025-04-23,7.083,1937
19,1774329,A Night in the Rain ft. The Stray,A Night in the Rain ft. The Stray,en,0.1714,2026-09-19,10.0,1
0,812583,Wake Up Dead Man: A Knives Out Mystery,Wake Up Dead Man: A Knives Out Mystery,en,19.9084,2025-11-26,7.213,2878
1,1157869,Parallel Tales,Histoires parallèles,fr,6.2312,2026-05-14,5.7,54
2,1442669,La Vénus électrique,La Vénus électrique,fr,6.7403,2026-05-12,7.226,93
3,1394740,Tazza: The Song of Beelzebub,타짜: 벨제붑의 노래,ko,3.5507,2026-09-23,0.0,0
4,1477317,Your Fault: London,Your Fault: London,en,17.2655,2026-06-17,7.444,197
5,1748841,Dark Hollow,Dark Hollow,en,6.0334,2026-09-04,4.2,2
6,1321883,In a Violent Nature: Part 2,In a Violent Nature: Part 2,en,2.6621,2026-09-18,0.0,0
7,1575337,Cosmic Princess Kaguya!,超かぐや姫！,ja,14.1178,2026-01-22,8.095,116
8,1272837,28 Years Later: The Bone Temple,28 Years Later: The Bone Temple,en,28.1455,2026-01-14,7.097,1755
9,1564831,Tombé du ciel,Tombé du ciel,fr,4.203,2026-08-12,6.3,28
10,558449,Gladiator II,Gladiator II,en,29.6897,2024-11-13,6.591,4738
11,1744462,Grand Theft Auto VI: An Extended Look,Grand Theft Auto VI: An Extended Look,en,91.7733,2026-08-27,8.8,342
12,842924,The Life of Chuck,The Life of Chuck,en,13.404,2025-06-02,7.286,1290
13,1636593,Us in the End,Tayo sa Wakas,tl,3.5012,2026-05-27,8.5,3
14,1664583,Stranger Things: Tales from '85 Theatrical Preview,Stranger Things: Tales from '85 Theatrical Preview,en,3.5259,2026-04-18,6.3,3
15,1710008,Nothing to Lose,Jusqu'au bout,fr,4.1166,2026-07-08,7.178,76
16,1748520,Exiles of Earth,Exiles of Earth,en,0.5452,2026-08-11,0.0,0
17,607141,Be Happy,Be Happy,hi,2.8033,2025-03-14,6.4,25
18,1557915,Special Op: Rent-a-Cop,Special Op: Rent-a-Cop,en,3.8255,2026-04-14,9.0,2
19,1376043,Mata,Mata,fr,5.0384,2026-05-27,6.2,22
0,1318335,The Rays and Shadows,Les Rayons et les Ombres,fr,7.4888,2026-03-18,7.527,112
1,1513253,Tiny Fugitives,Tiny Fugitives,en,3.424,2026-09-18,0.0,0
2,1507877,Another Day,Garance,fr,2.9468,2026-09-23,0.0,0
3,1159831,The Bride!,The Bride!,en,23.0598,2026-03-04,6.107,660
4,1384758,Ice Age: Boiling Point,Ice Age: Boiling Point,en,11.146,2027-02-03,0.0,0
5,604079,The Long Walk,The Long Walk,en,23.69,2025-09-10,6.864,1937
6,1198984,We Bury the Dead,We Bury the Dead,en,11.9632,2026-01-01,6.147,382
7,1585239,Club Kid,Club Kid,en,4.6531,2026-11-04,0.0,0
8,1607127,One Last Shot,One Last Shot,en,2.1155,2026-09-22,6.0,1
9,1773230,Iruttarai,Iruttarai,en,0.8921,2026-09-18,0.0,0
10,1596296,The History of Concrete,The History of Concrete,en,2.9462,2026-09-18,0.0,0
11,1131759,Omniscient Reader: The Prophecy,전지적 독자 시점,ko,8.6228,2025-07-23,7.1,110
12,1730233,UFC 330: Makhachev vs. Machado Garry,UFC 330: Makhachev vs. Machado Garry,en,2.5685,2026-08-15,4.5,2
13,1742441,V/H/S/Mixtape,V/H/S/Mixtape,en,3.2161,2026-09-30,0.0,0
14,1763619,The Braggart,المهايطية,ar,3.1207,2026-10-01,0.0,0
15,1355228,Gandhari,गांधारी,hi,31.1378,2026-09-03,6.8,15
16,1378537,Mirzapur: The Movie,मिर्ज़ापुर - द मूवी,hi,13.574,2026-09-03,6.9,18
17,1383154,The Eyes,눈동자,ko,1.9107,2026-06-24,6.3,9
18,1532365,Coming of Age,철들 무렵,ko,1.9251,2026-09-16,0.0,0
19,1439808,Hadestown: The Musical,Hadestown: The Musical,en,4.9524,2026-07-23,9.0,21
0,1763619,The Braggart,المهايطية,ar,3.1207,2026-10-01,0.0,0
1,806704,The Batman: Part II,The Batman: Part II,en,8.215,2028-02-17,0.0,0
2,1355228,Gandhari,गांधारी,hi,31.1378,2026-09-03,6.8,15
3,1383154,The Eyes,눈동자,ko,1.9107,2026-06-24,6.3,9
4,1532365,Coming of Age,철들 무렵,ko,1.9251,2026-09-16,0.0,0
5,1439808,Hadestown: The Musical,Hadestown: The Musical,en,4.9524,2026-07-23,9.0,21
6,1567605,Ebenezer,Ebenezer,en,7.6223,2026-11-11,0.0,0
7,1517206,Bouchra,Bouchra,en,7.7472,2026-06-03,5.917,6
8,1274706,The Marked Woman,La desconocida,es,7.6915,2026-06-05,5.615,126
9,656908,Ramayana,रामायण,hi,8.3255,2026-11-05,0.0,0
10,1269644,Amrum,Amrum,de,5.7902,2025-10-09,7.158,101
11,1732625,LEGO Disney Princess: Magical Mayhem,LEGO Disney Princess: Magical Mayhem,en,13.7227,2026-08-21,7.2,12
12,1297311,Quantum Supremacy,Quantum Supremacy,en,25.1656,2026-02-16,4.0,5
13,1444084,Narcisa's Will,Herança de Narcisa,pt,3.3407,2026-07-09,6.0,1
14,1266798,Dog 51,Chien 51,fr,6.9906,2025-10-15,6.13,355
15,1242419,Roofman,Roofman,en,16.4324,2025-10-06,7.038,1034
16,1772062,England 'Til I Die,England 'Til I Die,en,0.2821,2026-09-16,0.0,0
17,1500890,Lockbox,Lockbox,en,5.2717,2026-07-02,6.6,18
18,604079,The Long Walk,The Long Walk,en,23.69,2025-09-10,6.864,1937
19,1175267,The Thieving Magpie,La Pie voleuse,fr,1.7478,2025-01-29,6.2,98
0,1753554,The Random Guest,The Random Guest,en,1.1883,2026-08-11,0.0,0
1,1384758,Ice Age: Boiling Point,Ice Age: Boiling Point,en,11.146,2027-02-03,0.0,0
2,1758524,VERITY™ [FULL MINECRAFT MOVIE],VERITY™ [FULL MINECRAFT MOVIE],en,0.4743,2026-07-12,0.0,0
3,1180894,Under Your Feet,Bajo tus pies,es,64.881,2026-02-19,5.135,26
4,1035259,The Naked Gun,The Naked Gun,en,29.5861,2025-07-30,6.35,1977
5,639988,No Other Choice,어쩔수가없다,ko,17.44,2025-09-24,7.5,1286
6,1050981,Being Heumann,Being Heumann,en,2.3866,2026-11-06,0.0,0
7,1515615,Kissing Is the Easy Part,Kissing Is the Easy Part,en,24.7478,2026-02-13,7.331,86
8,1752159,Turning Point: Generation 9/11,Turning Point: Generation 9/11,en,9.2886,2026-09-02,6.152,23
9,614945,Voicemails for Isabelle,Voicemails for Isabelle,en,23.2702,2026-06-20,8.3,914
10,1381273,Paper Tiger,Paper Tiger,en,5.7918,2026-11-12,0.0,0
11,1515139,Back to the Beginning: Ozzy's Final Bow,Back to the Beginning: Ozzy's Final Bow,en,2.4748,2026-10-28,0.0,0
12,129,Spirited Away,千と千尋の神隠し,ja,43.9534,2001-07-20,8.535,18916
13,1617852,Speed Faster,Speed Faster,en,4.4969,2026-01-23,7.4,9
14,920167,Witch on the Holy Night,魔法使いの夜,ja,2.523,2026-11-20,0.0,0
15,1562777,The Stunt Driver,The Stunt Driver,en,2.6308,2026-09-25,0.0,0
16,1316719,The Ugly,얼굴,ko,2.9176,2025-09-11,6.9,39
17,1542187,Varavu,വരവ്,ml,6.5195,2026-07-16,4.5,2
18,1241436,Warfare,Warfare,en,16.0912,2025-04-09,7.068,1612
19,1771937,I'm Late!,I'm Late!,en,0.3526,2026-08-28,0.0,0
0,1393326,Ghost in the Cell,Ghost in the Cell,id,116.013,2026-04-16,7.201,67
1,840464,Greenland 2: Migration,Greenland 2: Migration,en,38.3963,2026-01-07,6.383,1549
2,1771928,Turn 2,Turn 2,en,0.8582,2026-07-25,0.0,0
3,1596260,Night Nurse,Night Nurse,en,4.7901,2026-07-10,4.867,15
4,1503023,Go for Broke 2,重生2,zh,1.3211,2026-10-03,0.0,0
5,1378537,Mirzapur: The Movie,मिर्ज़ापुर - द मूवी,hi,13.574,2026-09-03,6.9,18
6,1269325,Drishyam: The Conclusion,दृश्यम्: द कन्क्लूजन,hi,5.8996,2026-10-02,0.0,0
7,1159206,Father Mother Sister Brother,Father Mother Sister Brother,en,8.3401,2025-12-01,6.399,340
8,1205515,"Sorry, Baby","Sorry, Baby",en,9.0009,2025-06-27,6.875,349
9,1571687,Justin the Just,Justin le Juste,fr,1.7553,2026-09-23,0.0,0
10,1057265,Peddi,పెద్ది,te,9.5097,2026-06-03,5.8,69
11,1473148,Gentle Monster,Gentle Monster,de,6.0111,2026-09-17,9.0,1
12,822653,Puella Magi Madoka Magica the Movie -Walpurgisnacht: Rising-,劇場版 魔法少女まどか☆マギカ〈ワルプルギスの廻天〉,ja,36.0532,2026-08-28,9.0,2
13,1491920,Kung Fu Soccer,功夫女足,zh,14.302,2026-07-11,6.111,27
14,1022787,Elio,Elio,en,22.9193,2025-06-18,6.928,1128
15,806704,The Batman: Part II,The Batman: Part II,en,8.215,2028-02-17,0.0,0
16,974576,Conclave,Conclave,en,14.7286,2024-10-25,7.189,3620
17,1700944,"Love, Ngo","Love, Ngo",tl,7.0259,2026-06-03,9.5,2
18,1405742,Portal to Hell,Portal to Hell,en,73.7499,2025-02-22,5.091,11
19,1676318,Back to the 90s,Back to the 90s,de,7.9278,2026-08-18,5.6,24
0,1596260,Night Nurse,Night Nurse,en,4.7901,2026-07-10,4.867,15
1,1369286,What is Love?,C’est quoi l’amour ?,fr,2.8402,2026-05-06,6.064,47
2,1503023,Go for Broke 2,重生2,zh,1.3211,2026-10-03,0.0,0
3,1159206,Father Mother Sister Brother,Father Mother Sister Brother,en,8.3401,2025-12-01,6.399,340
4,1144107,The Legend of Hei 2,罗小黑战记 2,zh,13.4736,2025-07-18,8.95,139
5,587370,Tales from the Magic Garden,Pohádky po babičce,cs,3.67,2025-05-18,5.5,10
6,1571687,Justin the Just,Justin le Juste,fr,1.7553,2026-09-23,0.0,0
7,1057265,Peddi,పెద్ది,te,9.5097,2026-06-03,5.8,69
8,1473148,Gentle Monster,Gentle Monster,de,6.0111,2026-09-17,9.0,1
9,822653,Puella Magi Madoka Magica the Movie -Walpurgisnacht: Rising-,劇場版 魔法少女まどか☆マギカ〈ワルプルギスの廻天〉,ja,36.0532,2026-08-28,9.0,2
10,1465943,Mandaadi,மண்டாடி,ta,5.6956,2026-09-10,8.0,2
11,974576,Conclave,Conclave,en,14.7286,2024-10-25,7.189,3621
12,1269325,Drishyam: The Conclusion,दृश्यम्: द कन्क्लूजन,hi,5.8996,2026-10-02,0.0,0
13,1297311,Quantum Supremacy,Quantum Supremacy,en,25.1656,2026-02-16,4.0,5
14,24428,The Avengers,The Avengers,en,69.7834,2012-04-25,8.076,39766
15,1700944,"Love, Ngo","Love, Ngo",tl,7.0259,2026-06-03,9.5,2
16,1405742,Portal to Hell,Portal to Hell,en,73.7499,2025-02-22,5.091,11
17,1676318,Back to the 90s,Back to the 90s,de,7.9278,2026-08-18,5.6,24
18,1554956,The Incomer,The Incomer,en,4.6447,2026-09-04,6.2,4
19,1431071,System,सिस्टम,hi,3.1014,2026-05-22,7.0,5
0,1263532,Beast Race,Corrida dos Bichos,pt,17.6922,2026-03-17,6.992,121
1,1422096,Good Boy,Good Boy,en,19.3466,2025-10-01,6.6,737
2,1358005,Office Romance,Office Romance,en,15.5219,2026-06-04,6.418,380
3,1597196,A Common Story,Una storia,it,2.1595,2026-09-07,5.0,1
4,1380291,Tom Clancy's Jack Ryan: Ghost War,Tom Clancy's Jack Ryan: Ghost War,en,33.4525,2026-05-20,6.926,780
5,964849,Nightborn,Yön lapsi,fi,23.0985,2026-07-01,6.0,134
6,1138528,Bad Fairies,Bad Fairies,en,1.9323,2027-05-20,0.0,0
7,1110034,Kraken,Kraken,no,48.755,2026-02-06,6.275,326
8,1560309,All the Lovers in the Night,すべて真夜中の恋人たち,ja,1.7493,2026-11-13,0.0,0
9,1390382,Couture,Coutures,fr,9.9359,2026-02-18,6.2,64
10,1379266,Kokuho,国宝,ja,6.3794,2025-06-06,7.8,115
11,1436214,Amityverse: Infinity,Amityverse: Infinity,en,3.3261,2026-03-13,0.0,0
12,1242434,Highest 2 Lowest,Highest 2 Lowest,en,20.4572,2025-08-14,5.482,535
13,972533,Last Breath,Last Breath,en,10.2264,2025-02-24,6.873,697
14,1659670,One of the Good Ones,One of the Good Ones,en,2.5683,2026-03-08,5.5,2
15,1326891,Ananthan Kaadu,അനന്തൻ കാട്,ml,3.5657,2026-06-25,4.0,1
16,1360829,VIRGIN PUNK Clockwork Girl,ヴァージン・パンク Clockwork Girl,ja,9.306,2025-06-27,8.098,41
17,1005331,Carry-On,Carry-On,en,15.3521,2024-12-05,6.873,2924
18,1315303,Primate,Primate,en,19.0375,2026-01-01,6.476,891
19,1300926,The Angry Birds Movie 3,The Angry Birds Movie 3,en,8.3045,2026-12-23,0.0,0
0,1746651,The Copycat Killer,The Copycat Killer,en,2.2539,2026-08-29,9.0,3
1,1420041,Memburu Pemangsa,Memburu Pemangsa,id,3.8046,2026-09-24,0.0,0
2,1688652,Gary,Gary,en,7.5512,2026-05-05,6.6,66
3,1144107,The Legend of Hei 2,罗小黑战记 2,zh,13.4736,2025-07-18,8.95,139
4,1658214,Scorpio Nights 4,Scorpio Nights 4,tl,6.9092,2026-03-31,8.0,4
5,961214,Reawaken Man: The Red,부활남: 더 레드,ko,2.8601,2026-09-30,0.0,0
6,1582770,Dhurandhar: The Revenge,धुरंधर: द रिवेंज,hi,7.9155,2026-03-18,7.3,162
7,549509,The Brutalist,The Brutalist,en,37.9708,2024-12-20,6.928,1812
8,798645,The Running Man,The Running Man,en,38.1582,2025-11-11,6.725,1971
9,1107166,Psycho Killer,Psycho Killer,en,10.6311,2026-02-20,6.596,230
10,1653894,Başıbozuklar,Başıbozuklar,tr,2.9852,2026-04-17,3.0,1
11,1330421,Bone Lake,Bone Lake,en,8.9491,2025-10-02,5.903,258
12,1522333,Carry On Jatta 4,Carry On Jatta 4,pa,9.8941,2026-06-26,7.0,2
13,1367125,Gaua (The Night),Gaua,eu,5.1017,2025-11-13,6.867,79
14,1774537,Qlimax 2024: The Final Prophecy,Qlimax 2024,en,0.0071,2024-11-16,0.0,0
15,1084033,42.6 Years,42.6 Years,en,1.2464,,0.0,0
16,1075456,O'Dessa,O'Dessa,en,4.3947,2025-03-08,5.759,112
17,1755867,Miss Phantom,Bóng Ma Nhà Hát,vi,1.9688,2026-09-18,0.0,0
18,1100988,28 Years Later,28 Years Later,en,38.3895,2025-06-18,6.609,2961
19,730251,Happyend,HAPPYEND,ja,4.9803,2024-10-04,6.86,43
0,1084033,42.6 Years,42.6 Years,en,1.2464,,0.0,0
1,1075456,O'Dessa,O'Dessa,en,4.3947,2025-03-08,5.759,112
2,1755867,Miss Phantom,Bóng Ma Nhà Hát,vi,1.9688,2026-09-18,0.0,0
3,1100988,28 Years Later,28 Years Later,en,38.3895,2025-06-18,6.609,2961
4,730251,Happyend,HAPPYEND,ja,4.9803,2024-10-04,6.86,43
5,1114967,Good Fortune,Good Fortune,en,13.7145,2025-10-14,6.867,822
6,1768496,The Delivery Girl,The Delivery Girl,en,3.1759,2026-09-11,10.0,1
7,1576934,The Echo Chamber,The Echo Chamber,en,2.2665,2026-09-10,5.375,8
8,1217690,Homestead,Homestead,en,4.8199,2024-12-19,6.567,119
9,1422117,For Worse,For Worse,en,3.5227,2026-02-27,5.9,8
10,1595852,Boulevard,Boulevard,es,14.4355,2026-04-10,7.475,198
11,1571101,Evolution,Evolution,en,8.9954,2026-02-06,6.909,22
12,1264805,Once We Were Us,만약에 우리,ko,4.501,2025-12-31,7.8,25
13,1361982,The Room Below,The Room Below,en,2.7899,2026-09-01,4.625,8
14,1774722,The Living Corpse,The Living Corpse,en,0.0,2026-09-01,0.0,0
15,1754354,VCR Willie: Tape 3,VCR Willie: Tape 3,en,0.9923,2026-09-01,1.0,1
16,1498072,"End of August, Sexual Awakening Mio Ishikawa",八月の終わり、性の目覚め 石川澪,ja,2.212,2024-11-12,0.0,0
17,1195506,Novocaine,Novocaine,en,13.1295,2025-03-03,6.77,1760
18,1379266,Kokuho,国宝,ja,6.3794,2025-06-06,7.8,115
19,1576389,Gondhal,गोंधळ,mr,5.0381,2025-11-14,3.0,1
0,1386128,La fianza,La fianza,es,2.1794,2024-12-05,5.4,5
1,931349,Ash,Ash,en,11.7649,2025-03-20,5.151,483
2,1372443,Mr. Irrelevant,Mr. Irrelevant,en,9.1935,2026-12-25,0.0,0
3,1421155,Ikatan Darah,Ikatan Darah,id,9.961,2026-04-30,6.45,10
4,1655419,Everytime,Everytime,de,3.8432,2026-08-06,7.8,5
5,1421594,Inside the Trustor Scandal,Trustorhärvan,sv,5.1776,2026-08-05,6.45,10
6,1321179,The King's Warden,왕과 사는 남자,ko,8.7742,2026-02-04,7.1,31
7,1275215,Aves de Corral,Aves de Corral,es,17.8251,2026-03-06,4.5,4
8,1302916,Heart Eyes,Heart Eyes,en,9.1096,2025-02-06,6.2,596
9,1376415,The Money Maker,L'Affaire Bojarski,fr,5.4366,2026-01-12,7.068,161
10,1698856,Master of the Universe,Master of the Universe,en,21.3764,2026-05-22,5.1,82
11,1596335,The AI Doc: Or How I Became an Apocaloptimist,The AI Doc: Or How I Became an Apocaloptimist,en,9.6715,2026-03-27,7.2,24
12,1285959,The Passenger,The Passenger,en,16.9943,2026-06-05,5.594,53
13,421892,Shrek 5,Shrek 5,en,10.4742,2027-06-30,0.0,0
14,1731489,Girl in the Coffin,Girl in the Coffin,en,1.3791,2026-07-25,5.0,2
15,603,The Matrix,The Matrix,en,54.0322,1999-03-31,8.259,28751
16,1534882,Katukutu Buro,কাতুকুতু বুড়ো,bn,1.5334,2026-07-24,0.0,0
17,1421903,Werwulf,Werwulf,en,7.7684,2026-12-25,0.0,0
18,1386238,Black Gold,Oro negro,es,54.9312,2024-12-06,3.0,1
19,1630409,The Debt Collector,คนเดือดทวงแค้น,th,23.3281,2026-07-20,7.971,137
0,1003598,Avengers: Secret Wars,Avengers: Secret Wars,en,15.1577,2027-12-15,0.0,0
1,1504630,Mysaa,మైసా,te,0.9272,2026-11-27,0.0,0
2,11,Star Wars,Star Wars,en,38.6865,1977-05-25,8.208,22877
3,1375161,Don't Move,Don't Move,en,4.6865,2026-09-11,2.5,2
4,1263012,Dead Man's Wire,Dead Man's Wire,en,9.0472,2026-01-09,6.5,222
5,1523145,Your Heart Will Be Broken,Твоё сердце будет разбито,ru,48.5492,2026-03-26,7.082,122
6,1236470,The Lost Bus,The Lost Bus,en,14.5129,2025-09-19,7.01,831
7,1233575,Black Bag,Black Bag,en,17.8964,2025-03-12,6.381,1378
8,1197306,A Working Man,A Working Man,en,30.1795,2025-03-26,6.683,2087
9,1515404,Red Flag,ريد فلاج,ar,2.108,2026-09-09,6.0,1
10,1542261,Doraemon the Movie: New Nobita and the Castle of the Undersea Devil,映画ドラえもん 新・のび太の海底鬼岩城,ja,11.4887,2026-02-27,7.3,10
11,1498050,Burundanga,Burundanga,es,2.1231,2026-12-04,0.0,0
12,1765924,Illegal intruder,非法闯入者,zh,1.6849,2026-09-03,2.0,1
13,1659155,The Truthers,Los creyentes,es,8.9336,2026-07-24,5.718,103
14,1383750,Rise of the Footsoldier: Retribution,Rise of the Footsoldier: Retribution,en,3.9069,2026-08-28,6.5,2
15,603,The Matrix,The Matrix,en,54.0322,1999-03-31,8.259,28751
16,1021848,Queen at Sea,Queen at Sea,en,3.409,2026-09-18,7.5,2
17,1631192,The Other People,The Other People,en,3.2935,2025-03-22,6.6,5
18,1714841,关索岭,关索岭,zh,9.6847,2026-06-25,0.0,0
19,1126336,Anniversary,Anniversary,en,12.301,2025-10-29,6.884,181
0,1468683,Heartstopper Forever,Heartstopper Forever,en,12.1392,2026-07-14,7.234,269
1,1375161,Don't Move,Don't Move,en,4.6865,2026-09-11,2.5,2
2,1263012,Dead Man's Wire,Dead Man's Wire,en,9.0472,2026-01-09,6.5,222
3,1523145,Your Heart Will Be Broken,Твоё сердце будет разбито,ru,48.5492,2026-03-26,7.082,122
4,1236470,The Lost Bus,The Lost Bus,en,14.5129,2025-09-19,7.01,831
5,1233575,Black Bag,Black Bag,en,17.8964,2025-03-12,6.381,1378
6,1515404,Red Flag,ريد فلاج,ar,2.108,2026-09-09,6.0,1
7,1542261,Doraemon the Movie: New Nobita and the Castle of the Undersea Devil,映画ドラえもん 新・のび太の海底鬼岩城,ja,11.4887,2026-02-27,7.3,10
8,1498050,Burundanga,Burundanga,es,2.1231,2026-12-04,0.0,0
9,1765924,Illegal intruder,非法闯入者,zh,1.6849,2026-09-03,2.0,1
10,1659155,The Truthers,Los creyentes,es,8.9336,2026-07-24,5.718,103
11,1383750,Rise of the Footsoldier: Retribution,Rise of the Footsoldier: Retribution,en,3.9069,2026-08-28,6.5,2
12,1021848,Queen at Sea,Queen at Sea,en,3.409,2026-09-18,7.5,2
13,1631192,The Other People,The Other People,en,3.2935,2025-03-22,6.6,5
14,1084199,Companion,Companion,en,21.4792,2025-01-22,7.004,2634
15,8392,My Neighbor Totoro,となりのトトロ,ja,23.5252,1988-04-16,8.067,9083
16,1436219,Pizza Movies,Pizza Movies,es,6.1621,2026-03-26,5.5,10
17,1714841,关索岭,关索岭,zh,9.6847,2026-06-25,0.0,0
18,1126336,Anniversary,Anniversary,en,12.301,2025-10-29,6.884,181
19,1291829,& Sons,& Sons,en,3.4208,2026-08-21,6.0,3
0,1058588,The Invisible Guest,The Invisible Guest,id,2.3458,2026-08-07,7.7,3
1,1545484,Deathwoods,Deathwoods,en,33.8423,2026-08-07,6.3,3
2,1291335,Solo Mio,Solo Mio,en,8.9525,2026-02-05,7.53,286
3,1560681,Colors of Evil: Black,Kolory zła: Czerń,pl,8.2936,2026-06-10,6.783,161
4,1117898,The Cat in the Hat,The Cat in the Hat,en,8.9823,2026-11-04,0.0,0
5,1417935,Filipiñana,Filipiñana,tl,2.5187,2026-08-26,6.0,1
6,1321008,Black Box,Black Box,en,25.5426,2026-06-25,5.994,90
7,1291608,Dhurandhar,धुरंधर,hi,9.4164,2025-12-05,7.317,357
8,348,Alien,Alien,en,34.8477,1979-05-25,8.174,16848
9,1510517,Atlas King,Atlas King,en,1.913,2026-08-21,6.5,4
10,8392,My Neighbor Totoro,となりのトトロ,ja,23.5252,1988-04-16,8.067,9083
11,1623740,Snake 5: Monster City,大蛇5：怪兽都市,zh,4.8932,2026-01-29,5.7,3
12,1392469,Cocktail 2,कॉकटेल २,hi,5.6721,2026-06-19,5.529,35
13,1498072,"End of August, Sexual Awakening Mio Ishikawa",八月の終わり、性の目覚め 石川澪,ja,2.212,2024-11-12,0.0,0
14,1092936,The Holy Boy,La valle dei sorrisi,it,7.8448,2025-09-17,6.8,160
15,1286185,The Carpenter's Son,The Carpenter's Son,en,5.6904,2025-11-13,5.9,112
16,1197698,Cursed Waters,Cursed Waters,en,1.1002,2026-09-18,0.0,0
17,1625455,Polong,Polong,ms,7.7024,2026-05-28,8.6,5
18,991494,The SpongeBob Movie: Search for SquarePants,The SpongeBob Movie: Search for SquarePants,en,26.1863,2025-12-16,6.803,356
19,1001414,Fear Street: Prom Queen,Fear Street: Prom Queen,en,8.1171,2025-05-23,5.33,597
0,1567203,The Convenience Store,夜勤事件,ja,3.6353,2026-02-20,4.9,12
1,155,The Dark Knight,The Dark Knight,en,67.2625,2008-07-16,8.535,36736
2,557,Spider-Man,Spider-Man,en,48.8633,2002-05-01,7.355,21438
3,1058588,The Invisible Guest,The Invisible Guest,id,2.3458,2026-08-07,7.7,3
4,1545484,Deathwoods,Deathwoods,en,33.8423,2026-08-07,6.3,3
5,1291335,Solo Mio,Solo Mio,en,8.9525,2026-02-05,7.53,286
6,1560681,Colors of Evil: Black,Kolory zła: Czerń,pl,8.2936,2026-06-10,6.783,161
7,1417935,Filipiñana,Filipiñana,tl,2.5187,2026-08-26,6.0,1
8,1290432,A Private Life,Vie privée,fr,8.8909,2025-09-27,5.495,276
9,1321008,Black Box,Black Box,en,25.5426,2026-06-25,5.994,90
10,1291608,Dhurandhar,धुरंधर,hi,9.4164,2025-12-05,7.317,357
11,1510517,Atlas King,Atlas King,en,1.913,2026-08-21,6.5,4
12,1698575,"Snoopy Presents: There's No Place Like Home, Snoopy","Snoopy Presents: There's No Place Like Home, Snoopy",en,17.6483,2026-07-30,8.451,41
13,1396749,Wild Sing,와일드 씽,ko,3.7322,2026-06-03,6.333,24
14,1623740,Snake 5: Monster City,大蛇5：怪兽都市,zh,4.8932,2026-01-29,5.7,3
15,1392469,Cocktail 2,कॉकटेल २,hi,5.6721,2026-06-19,5.529,35
16,1092936,The Holy Boy,La valle dei sorrisi,it,7.8448,2025-09-17,6.8,160
17,1286185,The Carpenter's Son,The Carpenter's Son,en,5.6904,2025-11-13,5.9,112
18,1197698,Cursed Waters,Cursed Waters,en,1.1002,2026-09-18,0.0,0
19,1625455,Polong,Polong,ms,7.7024,2026-05-28,8.6,5
0,1083312,Due Dating,Due Dating,en,0.7572,2025-11-10,0.0,0
1,1560166,I'mPerfect,I'mPerfect,tl,3.7319,2025-12-25,0.0,0
2,1007757,Swapped,Swapped,en,48.9449,2026-05-01,8.868,2189
3,1726,Iron Man,Iron Man,en,44.3942,2008-04-30,7.666,28833
4,1465986,Man Finds Tape,Man Finds Tape,en,2.6091,2025-12-05,5.602,44
5,1365378,The American Dream,Le rêve américain,fr,4.1798,2026-02-18,7.4,143
6,1257942,It's My Time,魔方小姐,zh,1.8888,2026-06-19,6.0,2
7,966643,He Never Left,He Never Left,en,1.9334,2024-11-01,5.8,14
8,1257406,Two Prosecutors,Zwei Staatsanwälte,ru,6.3595,2025-10-03,6.867,49
9,1523140,Man of Tomorrow,Man of Tomorrow,en,6.244,2027-07-07,0.0,0
10,1083884,Signal One,Signal One,en,8.0297,2026-06-05,6.3,51
11,675871,Super Troopers 3,Super Troopers 3,en,5.9031,2026-08-06,6.5,16
12,1481955,Sunshine Women's Choir,陽光女子合唱團,zh,5.1544,2025-12-31,7.111,9
13,1336283,Tara And Akash: Love Beyond Realms,Tara And Akash: Love Beyond Realms,hi,2.0234,2025-09-26,1.0,1
14,507244,Afterburn,Afterburn,en,10.9254,2025-08-20,6.2,342
15,1168719,Silent Friend,Silent Friend,de,8.9287,2026-01-15,7.1,53
16,238,The Godfather,The Godfather,en,68.8591,1972-03-14,8.687,23595
17,1600950,宫下玲奈与你相遇的事件,宫下玲奈与你相遇的事件,zh,0.7735,,0.0,0
18,1214028,Kangaroo,Kangaroo,el,4.2323,2025-08-21,6.569,36
19,1729088,Project Hail Mary | Watch Rocky Sleep,Project Hail Mary | Watch Rocky Sleep,en,1.4162,2026-04-01,2.0,1
0,1083884,Signal One,Signal One,en,8.0297,2026-06-05,6.3,51
1,675871,Super Troopers 3,Super Troopers 3,en,5.9031,2026-08-06,6.5,16
2,1336283,Tara And Akash: Love Beyond Realms,Tara And Akash: Love Beyond Realms,hi,2.0234,2025-09-26,1.0,1
3,507244,Afterburn,Afterburn,en,10.9254,2025-08-20,6.2,342
4,1168719,Silent Friend,Silent Friend,de,8.9287,2026-01-15,7.1,53
5,238,The Godfather,The Godfather,en,68.8591,1972-03-14,8.687,23595
6,1600950,宫下玲奈与你相遇的事件,宫下玲奈与你相遇的事件,zh,0.7735,,0.0,0
7,155,The Dark Knight,The Dark Knight,en,67.2625,2008-07-16,8.535,36736
8,1214028,Kangaroo,Kangaroo,el,4.2323,2025-08-21,6.569,36
9,1729088,Project Hail Mary | Watch Rocky Sleep,Project Hail Mary | Watch Rocky Sleep,en,1.4162,2026-04-01,2.0,1
10,1576,Resident Evil,Resident Evil,en,19.144,2002-03-15,6.672,7162
11,1401778,Turbulence,Turbulence,en,8.0268,2025-11-26,6.449,188
12,1397163,Mobile Suit Gundam GQuuuuuuX -Beginning-,機動戦士Gundam GQuuuuuuX -Beginning-,ja,4.4538,2025-01-17,7.458,24
13,1306293,It Takes Two To Tango,Aimons-nous vivants,fr,3.1345,2025-04-16,5.918,67
14,1743700,Garage Sale Mysteries: Murder Takes the Stage,Garage Sale Mysteries: Murder Takes the Stage,en,1.2577,2026-09-19,0.0,0
15,1594043,No Pain,Nessun dolore,it,3.7073,2026-09-24,0.0,0
16,1376400,Crawlers,Crawlers,en,4.2393,2026-09-24,0.0,0
17,1126097,Charlie Harper,Charlie Harper,en,2.9492,2026-09-24,0.0,0
18,1771719,"Liberté, la statue qui voulait changer le monde","Liberté, la statue qui voulait changer le monde",fr,0.6885,2026-09-16,8.0,1
19,1770942,东游令,东游令,zh,0.7581,2026-09-15,0.0,0
0,1533029,The Loved One,The Loved One,tl,5.713,2026-02-11,5.917,12
1,533535,Deadpool & Wolverine,Deadpool & Wolverine,en,63.8543,2024-07-24,7.59,9472
2,1531601,My Little Grandma,Cục Vàng Của Ngoại,vi,1.3237,2025-10-17,10.0,1
3,1458099,The Only Living Pickpocket in New York,The Only Living Pickpocket in New York,en,3.5626,2026-10-23,0.0,0
4,1581278,The Princess & The Dragon,The Princess & The Dragon,en,2.4871,2026-04-10,0.0,0
5,19995,Avatar,Avatar,en,63.9577,2009-12-16,7.609,34686
6,1656018,Michael Jackson: A Life in Music,Michael Jackson: A Life in Music,en,3.444,2026-10-29,0.0,0
7,1458300,The Mosquito Bowl,The Mosquito Bowl,en,3.3536,2026-10-30,0.0,0
8,1753554,The Random Guest,The Random Guest,en,1.1883,2026-08-11,0.0,0
9,1447219,Arjun S/O Vyjayanthi,అర్జున్ S/O వైజయంతి,te,1.3853,2025-04-18,7.3,5
10,1377900,Knightfall,Knightfall,en,5.9672,2025-02-24,0.75,2
11,1284120,The Ugly Stepsister,Den stygge stesøsteren,no,16.2008,2025-03-07,7.326,1316
12,1218628,Trouble Man,Trouble Man,en,4.2988,2025-08-01,6.333,24
13,1119878,Ice Road: Vengeance,Ice Road: Vengeance,en,20.9476,2025-06-27,6.234,669
14,945883,Without Blood,Without Blood,en,3.481,2025-04-10,6.2,25
15,648878,Eddington,Eddington,en,10.5462,2025-07-16,6.475,949
16,1306284,Wolfgang,Wolfgang (Extraordinari),ca,3.7855,2025-03-14,6.618,55
17,1728593,You Don't Belong Here,Nu e locul tau aici,ro,1.5234,2026-08-09,0.0,0
18,1745149,The Hunt Down 2,猎虎贰,zh,0.8355,2026-08-08,6.0,1
19,157336,Interstellar,Interstellar,en,73.516,2014-11-05,8.5,41197
0,1728593,You Don't Belong Here,Nu e locul tau aici,ro,1.5234,2026-08-09,0.0,0
1,1745149,The Hunt Down 2,猎虎贰,zh,0.8355,2026-08-08,6.0,1
2,157336,Interstellar,Interstellar,en,73.516,2014-11-05,8.5,41197
3,1433339,Three Goodbyes,Tre ciotole,it,3.8331,2025-10-09,7.069,108
4,717787,Your Letter,연의 편지,ko,2.4788,2025-10-01,7.5,21
5,1444249,The Highest Stakes,The Highest Stakes,en,10.4589,2026-04-14,5.9,7
6,1436219,Pizza Movies,Pizza Movies,es,6.1621,2026-03-26,5.5,10
7,1381202,The Outer Threat,The Outer Threat,en,4.9278,2026-07-24,5.571,14
8,1534882,Katukutu Buro,কাতুকুতু বুড়ো,bn,1.5334,2026-07-24,0.0,0
9,1629193,En annan Håkan,En annan Håkan,sv,1.9883,2026-03-24,0.0,0
10,1620682,Love in Slow Motion,أحبك من زمان,ar,4.0676,2026-07-23,6.4,28
11,1630409,The Debt Collector,คนเดือดทวงแค้น,th,23.3281,2026-07-20,7.971,137
12,1549128,Twin Stars,Stella gemella,it,1.7604,2026-05-14,5.786,21
13,1314786,Agent Zeta,Zeta,es,17.0375,2026-03-20,6.644,187
14,1733043,Torsten Sträter: Mach mal das große Licht an,Torsten Sträter: Mach mal das große Licht an,de,0.7593,2026-07-17,0.0,0
15,1727780,Borderline,Borderline,en,41.4741,2026-07-17,6.0,16
16,1208348,Rental Family,Rental Family,en,14.3905,2025-11-20,7.703,1022
17,1481603,Hold the Fort,Hold the Fort,en,2.0504,2025-07-16,5.875,12
18,1468683,Heartstopper Forever,Heartstopper Forever,en,12.1392,2026-07-14,7.234,269
19,1440304,Tough Luck,Mauvaise Pioche,fr,6.1765,2026-04-01,6.026,39
0,1314786,Agent Zeta,Zeta,es,17.0375,2026-03-20,6.644,187
1,1733043,Torsten Sträter: Mach mal das große Licht an,Torsten Sträter: Mach mal das große Licht an,de,0.7593,2026-07-17,0.0,0
2,1727780,Borderline,Borderline,en,41.4741,2026-07-17,6.0,16
3,1208348,Rental Family,Rental Family,en,14.3905,2025-11-20,7.703,1022
4,1481603,Hold the Fort,Hold the Fort,en,2.0504,2025-07-16,5.875,12
5,1468683,Heartstopper Forever,Heartstopper Forever,en,12.1392,2026-07-14,7.234,269
6,1440304,Tough Luck,Mauvaise Pioche,fr,6.1765,2026-04-01,6.026,39
7,1488950,Aajo Ardhangini,আজও অর্ধাঙ্গিনী,bn,3.7515,2026-07-10,0.0,0
8,1160360,If I Had Legs I'd Kick You,If I Had Legs I'd Kick You,en,12.1291,2025-10-10,6.33,418
9,873967,The Devil’s Trap,The Devil’s Trap,en,3.0511,2024-11-01,7.3,6
10,1037264,The Disappearance of Josef Mengele,La Disparition de Josef Mengele,de,6.7102,2025-10-16,6.6,48
11,1401542,Project Y,프로젝트 Y,ko,4.3445,2026-01-21,6.222,18
12,1442396,Nagabandham: The Secret Treasure,నాగబంధం,te,4.8948,2026-07-02,4.5,4
13,1549703,PEDDLERS,PEDDLERS,en,0.8793,2025-09-20,10.0,2
14,1734379,A Mind in Chaos,A Mind in Chaos,en,1.6298,2025-09-12,0.0,0
15,1306816,My Daughter Is a Zombie,좀비딸,ko,3.9645,2025-07-30,7.3,51
16,1005985,Organ Child,器子,zh,2.066,2025-04-11,6.014,37
17,1232546,Until Dawn,Until Dawn,en,16.5233,2025-04-23,6.3,1583
18,1768355,Schloss Schönbrunn - Hinter der Fassade der Macht,Schloss Schönbrunn - Hinter der Fassade der Macht,de,1.5324,2026-09-19,7.0,1
19,1459725,Meat Kills,Vleesdag,nl,4.1335,2025-09-24,6.6,77
0,1774486,The Adult Man,L'Uomo Adulto,it,0.1214,2026-07-14,10.0,1
1,1197306,A Working Man,A Working Man,en,30.1795,2025-03-26,6.683,2087
2,1488950,Aajo Ardhangini,আজও অর্ধাঙ্গিনী,bn,3.7515,2026-07-10,0.0,0
3,1160360,If I Had Legs I'd Kick You,If I Had Legs I'd Kick You,en,12.1291,2025-10-10,6.33,418
4,873967,The Devil’s Trap,The Devil’s Trap,en,3.0511,2024-11-01,7.3,6
5,1037264,The Disappearance of Josef Mengele,La Disparition de Josef Mengele,de,6.7102,2025-10-16,6.6,48
6,271110,Captain America: Civil War,Captain America: Civil War,en,41.6145,2016-04-27,7.5,24583
7,1401542,Project Y,프로젝트 Y,ko,4.3445,2026-01-21,6.222,18
8,1442396,Nagabandham: The Secret Treasure,నాగబంధం,te,4.8948,2026-07-02,4.5,4
9,1549703,PEDDLERS,PEDDLERS,en,0.8793,2025-09-20,10.0,2
10,1734379,A Mind in Chaos,A Mind in Chaos,en,1.6298,2025-09-12,0.0,0
11,1306816,My Daughter Is a Zombie,좀비딸,ko,3.9645,2025-07-30,7.3,51
12,1005985,Organ Child,器子,zh,2.066,2025-04-11,6.014,37
13,1232546,Until Dawn,Until Dawn,en,16.5233,2025-04-23,6.3,1583
14,1125510,The Platform 2,El hoyo 2,es,14.5763,2024-09-27,5.562,1488
15,1768355,Schloss Schönbrunn - Hinter der Fassade der Macht,Schloss Schönbrunn - Hinter der Fassade der Macht,de,1.5324,2026-09-19,7.0,1
16,1459725,Meat Kills,Vleesdag,nl,4.1335,2025-09-24,6.6,77
17,1327862,Regretting You,Regretting You,en,21.2664,2025-10-22,7.104,571
18,1596947,Six Neorealist Portraits,Six portraits néoréalistes,it,1.4061,2026-01-18,0.0,0
19,1294698,Case 137,Dossier 137,fr,7.7423,2025-11-19,6.897,292
0,1706919,The Ghost in the Shell,The Ghost in the Shell,ja,3.2075,2026-06-26,8.5,4
1,1711175,Summerween,Summerween,en,7.1484,2026-06-26,5.8,5
2,1323625,Night Patrol,Night Patrol,en,6.0416,2026-01-16,4.938,104
3,78,Blade Runner,Blade Runner,en,29.8394,1982-06-25,7.936,15408
4,1417668,Star Wars: Starfighter,Star Wars: Starfighter,en,2.8444,2027-05-26,0.0,0
5,1460308,The Guard Room,The Guard Room,en,1.0512,2026-02-28,0.0,0
6,1444454,Diary of a Mad Old Man,Diary of a Mad Old Man,ja,5.7121,2026-09-11,0.0,0
7,1243741,Ballistic,Ballistic,en,5.1707,2026-04-17,5.8,82
8,1774478,"Fly, Little Bird","Voa, Passarinho",pt,0.0143,2026-06-19,0.0,0
9,1397385,Little Brother,Little Brother,en,16.4209,2026-06-18,6.404,368
10,315635,Spider-Man: Homecoming,Spider-Man: Homecoming,en,49.0867,2017-07-05,7.333,23924
11,1749204,The Fallen Eden,The Fallen Eden,en,1.6615,2026-06-13,0.0,0
12,1771,Captain America: The First Avenger,Captain America: The First Avenger,en,24.1881,2011-07-22,7.0,23249
13,1695202,走马观花,走马观花,zh,1.0268,2026-06-12,5.0,1
14,1431068,Main Vaapas Aaunga,मैं वापस आऊंगा,hi,4.8916,2026-06-11,7.16,25
15,19995,Avatar,Avatar,en,63.9577,2009-12-16,7.609,34687
16,414906,The Batman,The Batman,en,53.143,2022-03-01,7.67,12528
17,1423035,Aontas,Aontas,ga,2.746,2026-02-13,7.5,2
18,1454699,Fujiko,FUJIKO,ja,2.622,2026-06-05,6.0,0
19,1327717,Crawl 2,Crawl 2,en,1.406,2027-07-16,0.0,0
0,1322562,Mononoke the Movie: Chapter III - The Curse of the Serpent,劇場版モノノ怪 第三章 蛇神,ja,3.1683,2026-05-29,10.0,1
1,7345,There Will Be Blood,There Will Be Blood,en,17.0744,2007-12-26,8.1,7706
2,1408493,The Turkish Coffee Table,Cam Sehpa,tr,2.8007,2026-02-20,6.375,8
3,1694978,Chum,Chum,en,10.2339,2026-05-27,4.7,44
4,1428990,This Is Not a Test,This Is Not a Test,en,6.1878,2026-02-20,5.6,77
5,1125701,Midwinter Break,Midwinter Break,en,5.6642,2026-02-20,7.2,27
6,1746656,Dragon,海墓寻龙,zh,1.4732,2026-08-10,0.0,0
7,1365378,The American Dream,Le rêve américain,fr,4.1798,2026-02-18,7.4,143
8,78,Blade Runner,Blade Runner,en,29.8394,1982-06-25,7.936,15408
9,557,Spider-Man,Spider-Man,en,48.8633,2002-05-01,7.355,21437
10,1774754,Resting,Resting,en,0.0,,0.0,0
11,1319972,Don't Let's Go to the Dogs Tonight,Don't Let's Go to the Dogs Tonight,en,2.4219,2025-07-11,6.823,31
12,975225,Spinal Tap II: The End Continues,Spinal Tap II: The End Continues,en,6.4069,2025-09-12,6.1,101
13,1368881,Ladies First,Ladies First,en,11.7956,2026-05-21,5.938,530
14,1513010,Dance of the Living,La Lucha,es,4.0908,2026-01-30,8.0,5
15,1440049,Preschool,Preschool,en,5.8769,2026-03-17,6.038,13
16,1380316,Is God Is,Is God Is,en,8.8185,2026-05-14,5.9,131
17,1208271,Wrangler,훈련사,ko,1.6287,2026-05-13,7.0,2
18,1211185,Asad,أسد,ar,2.162,2026-05-13,7.667,3
19,1398655,Blue Film,Blue Film,en,14.718,2026-05-08,7.4,14
0,7345,There Will Be Blood,There Will Be Blood,en,17.0744,2007-12-26,8.063,7706
1,1408493,The Turkish Coffee Table,Cam Sehpa,tr,2.8007,2026-02-20,6.375,8
2,1694978,Chum,Chum,en,10.2339,2026-05-27,4.7,44
3,1428990,This Is Not a Test,This Is Not a Test,en,6.1878,2026-02-20,5.6,77
4,1125701,Midwinter Break,Midwinter Break,en,5.6642,2026-02-20,7.2,27
5,1746656,Dragon,海墓寻龙,zh,1.4732,2026-08-10,0.0,0
6,1774754,Resting,Resting,en,0.0,,0.0,0
7,1319972,Don't Let's Go to the Dogs Tonight,Don't Let's Go to the Dogs Tonight,en,2.4219,2025-07-11,6.823,31
8,975225,Spinal Tap II: The End Continues,Spinal Tap II: The End Continues,en,6.4069,2025-09-12,6.1,101
9,1368881,Ladies First,Ladies First,en,11.7956,2026-05-21,5.938,530
10,1513010,Dance of the Living,La Lucha,es,4.0908,2026-01-30,8.0,5
11,1440049,Preschool,Preschool,en,5.8769,2026-03-17,6.038,13
12,1380316,Is God Is,Is God Is,en,8.8185,2026-05-14,5.9,131
13,1208271,Wrangler,훈련사,ko,1.6287,2026-05-13,7.0,2
14,1211185,Asad,أسد,ar,2.162,2026-05-13,7.667,3
15,1398655,Blue Film,Blue Film,en,14.718,2026-05-08,7.4,14
16,1409853,Neglected,Neglected,en,5.7418,2026-05-08,6.268,28
17,1446301,I Won't Die for Love,Yo no moriré de amor,es,3.4819,2026-05-08,5.0,5
18,1474048,LUPIN THE IIIRD: Zenigata and the Two Lupins,LUPIN THE IIIRD 銭形と2人のルパン,ja,13.4981,2025-06-20,7.9,25
19,1476292,Kalakal,Kalakal,tl,9.7363,2025-06-13,6.7,10
0,1774588,Mechamoefoe: Rise of Grogzilla,Mechamoefoe: Rise of Grogzilla,en,0.0,2026-09-20,0.0,0
1,1435734,Better Class,Altas capacidades,es,2.4153,2026-04-10,5.3,17
2,1177369,The Legend of Zelda,The Legend of Zelda,en,3.7809,2027-04-28,0.0,0
3,1759202,Eda Raa,එදා රෑ,si,4.6571,2026-09-18,0.0,0
4,1654566,Vibe,वाइब,hi,5.9633,2026-09-18,0.0,0
5,1723662,Dov’è la fiesta?,Dov’è la fiesta?,it,1.5692,2026-09-17,0.0,0
6,1290417,Thrash,Thrash,en,15.215,2026-04-09,6.162,827
7,1624274,Aaram,ആരം,ml,1.407,2026-09-25,0.0,0
8,1649424,70 Up,70 Up,en,4.3068,2026-09-15,10.0,1
9,487802,The Last Photograph,The Last Photograph,en,4.6067,2026-09-13,5.929,14
10,1157265,Dahaan,ଦାହାନ୍,or,6.0543,2026-09-11,0.0,0
11,1633263,Wonderful Nightmare,Wonderful Nightmare,tl,7.7856,2026-04-04,8.136,33
12,1211442,Rebuilding,Rebuilding,en,4.5061,2025-11-14,6.427,75
13,1020047,In the Hand of Dante,In the Hand of Dante,en,6.4748,2026-06-12,5.385,61
14,1408158,Epic - First Semester,ఎపిక్ - ఫస్ట్ సెమెస్టర్,te,2.6734,2026-09-10,6.0,1
15,414906,The Batman,The Batman,en,53.143,2022-03-01,7.67,12527
16,1404604,Compostelle,Compostelle,fr,3.7531,2026-04-01,6.852,44
17,1571701,The Dead Keep Dying,The Dead Keep Dying,en,1.3755,2026-03-31,0.0,0
18,1588846,Ekis,Ekis,tl,7.5748,2025-12-19,6.2,4
19,1762080,The Yellow Elephant,The Yellow Elephant,ta,0.6434,2026-09-04,0.0,0
0,1769438,A Modest Killing,A Modest Killing,en,1.8443,2026-01-01,4.0,1
1,1035048,Elevation,Elevation,en,10.6714,2024-11-07,6.431,1057
2,1300116,Fall for Me,Fall for Me,de,10.0814,2025-08-20,6.1,239
3,776864,The Maid,The Maid,en,1.451,,0.0,0
4,1774588,Mechamoefoe: Rise of Grogzilla,Mechamoefoe: Rise of Grogzilla,en,0.0,2026-09-20,0.0,0
5,1435734,Better Class,Altas capacidades,es,2.4153,2026-04-10,5.3,17
6,1177369,The Legend of Zelda,The Legend of Zelda,en,3.7809,2027-04-28,0.0,0
7,1759202,Eda Raa,එදා රෑ,si,4.6571,2026-09-18,0.0,0
8,1654566,Vibe,वाइब,hi,5.9633,2026-09-18,0.0,0
9,1723662,Dov’è la fiesta?,Dov’è la fiesta?,it,1.5692,2026-09-17,0.0,0
10,1290417,Thrash,Thrash,en,15.215,2026-04-09,6.162,827
11,1624274,Aaram,ആരം,ml,1.407,2026-09-25,0.0,0
12,1649424,70 Up,70 Up,en,4.3068,2026-09-15,10.0,1
13,487802,The Last Photograph,The Last Photograph,en,4.6067,2026-09-13,5.929,14
14,1010756,The Strangers: Chapter 2,The Strangers: Chapter 2,en,10.9454,2025-09-25,6.038,392
15,1157265,Dahaan,ଦାହାନ୍,or,6.0543,2026-09-11,0.0,0
16,1633263,Wonderful Nightmare,Wonderful Nightmare,tl,7.7856,2026-04-04,8.136,33
17,1211442,Rebuilding,Rebuilding,en,4.5061,2025-11-14,6.427,75
18,1020047,In the Hand of Dante,In the Hand of Dante,en,6.4748,2026-06-12,5.385,61
19,1408158,Epic - First Semester,ఎపిక్ - ఫస్ట్ సెమెస్టర్,te,2.6734,2026-09-10,6.0,1
0,1404604,Compostelle,Compostelle,fr,3.7531,2026-04-01,6.852,44
1,1571701,The Dead Keep Dying,The Dead Keep Dying,en,1.3755,2026-03-31,0.0,0
2,1588846,Ekis,Ekis,tl,7.5748,2025-12-19,6.2,4
3,1762080,The Yellow Elephant,The Yellow Elephant,ta,0.6434,2026-09-04,0.0,0
4,1735476,CHAT,CHAT,en,2.7397,2026-09-04,9.5,2
5,1553672,Das gewisse Etwas,Das gewisse Etwas,de,2.251,2026-09-03,7.6,5
6,849192,Pools,Pools,en,2.7388,2025-06-05,6.5,16
7,1559512,The Killing Cell,The Killing Cell,en,1.5899,2026-03-27,0.0,0
8,1739202,Untold Raygun: Breaking Badly,Untold Raygun: Breaking Badly,en,6.1352,2026-09-01,6.033,15
9,1437698,Horst Schlämmer sucht das Glück,Horst Schlämmer sucht das Glück,de,3.5611,2026-03-26,5.088,17
10,1421963,Whatever It Takes,Ceux qui comptent,fr,1.3805,2026-03-25,6.263,40
11,1033148,Die My Love,Die My Love,en,14.2045,2025-10-06,6.06,642
12,1235769,The Journey to Gyeong-ju,경주기행,ko,3.1154,2026-08-26,9.0,2
13,23766,Billa,బిల్లా,te,1.1897,2009-04-03,5.269,26
14,911916,Spider-Man: Beyond the Spider-Verse,Spider-Man: Beyond the Spider-Verse,en,7.7685,2027-06-17,0.0,0
15,801937,"Silent Night, Deadly Night","Silent Night, Deadly Night",en,8.3869,2025-12-10,6.414,163
16,1437981,Coward,Coward,fr,4.8069,2026-10-21,0.0,0
17,1727734,Ali G: Who Iz I?,Ali G: Who Iz I?,en,2.906,2026-10-22,0.0,0
18,1314826,Yellow Eyes,Yellow Eyes,en,15.8262,2026-08-18,4.813,8
19,1751625,Bed Rot,Bed Rot,en,0.6545,2026-08-17,8.0,1
0,849192,Pools,Pools,en,2.7388,2025-06-05,6.5,16
1,1559512,The Killing Cell,The Killing Cell,en,1.5899,2026-03-27,0.0,0
2,1739202,Untold Raygun: Breaking Badly,Untold Raygun: Breaking Badly,en,6.1352,2026-09-01,6.033,15
3,1437698,Horst Schlämmer sucht das Glück,Horst Schlämmer sucht das Glück,de,3.5611,2026-03-26,5.088,17
4,1421963,Whatever It Takes,Ceux qui comptent,fr,1.3805,2026-03-25,6.263,40
5,1510003,Invisibles,Invisibles,fr,2.872,2026-03-25,0.0,0
6,1033148,Die My Love,Die My Love,en,14.2045,2025-10-06,6.06,642
7,1235769,The Journey to Gyeong-ju,경주기행,ko,3.1154,2026-08-26,9.0,2
8,23766,Billa,బిల్లా,te,1.1897,2009-04-03,5.269,26
9,911916,Spider-Man: Beyond the Spider-Verse,Spider-Man: Beyond the Spider-Verse,en,7.7685,2027-06-17,0.0,0
10,801937,"Silent Night, Deadly Night","Silent Night, Deadly Night",en,8.3869,2025-12-10,6.414,163
11,1437981,Coward,Coward,fr,4.8069,2026-10-21,0.0,0
12,10138,Iron Man 2,Iron Man 2,en,48.4243,2010-04-28,6.855,22927
13,1727734,Ali G: Who Iz I?,Ali G: Who Iz I?,en,2.906,2026-10-22,0.0,0
14,1314826,Yellow Eyes,Yellow Eyes,en,15.8262,2026-08-18,4.813,8
15,1751625,Bed Rot,Bed Rot,en,0.6545,2026-08-17,8.0,1
16,1648760,The Seemingly Perfect Family,The Seemingly Perfect Family,en,6.4065,2026-03-15,6.0,1
17,1746692,The Daughter She Left Behind,The Daughter She Left Behind,en,3.871,2026-08-15,4.0,2
18,1641319,Sniper: No Nation,Sniper: No Nation,en,14.7921,2026-03-13,6.72,100
19,1506833,Magudam,மகுடம்,ta,3.0473,2026-08-14,0.0,0
0,1636891,Mexicali,Mexicali,en,7.3827,2026-03-13,7.872,74
1,1217584,Torrente for President,Torrente presidente,es,8.9353,2026-03-13,6.142,151
2,1629063,Downbeat,Downbeat,en,3.3223,2026-03-13,5.5,2
3,1084187,Pretty Lethal,Pretty Lethal,en,27.8697,2026-03-13,6.788,501
4,1124,The Prestige,The Prestige,en,31.3083,2006-10-19,8.2,18134
5,1266791,Alter Ego,Alter ego,fr,4.5989,2026-03-04,6.338,102
6,938150,Wardriver,Wardriver,en,6.9716,2026-03-04,7.4,103
7,1765776,The Woman Upstairs,The Woman Upstairs,en,2.319,2026-03-03,0.0,0
8,1587351,Verão da Lata,Verão da Lata,pt,1.2915,2026-11-19,0.0,0
9,558,Spider-Man 2,Spider-Man 2,en,16.1942,2004-06-25,7.332,16923
10,1232449,Young Hearts,Young Hearts,nl,16.8477,2024-10-26,8.587,316
11,1211472,September 5,September 5,en,7.6621,2024-11-07,6.974,606
12,1091181,Family Pack,Loups-Garous,fr,9.1637,2024-10-22,5.608,570
13,774370,Dog Man,Dog Man,en,15.3327,2025-01-24,7.4,394
14,335984,Blade Runner 2049,Blade Runner 2049,en,51.4973,2017-10-04,7.606,15688
15,1543797,Samurai Vengeance,木挽町のあだ討ち,ja,2.017,2026-02-27,8.571,7
16,1356454,Gezhi Town,得闲谨制,zh,2.5604,2025-12-06,6.9,55
17,1321108,Dude,டியூட்,ta,2.5327,2025-10-17,5.519,52
18,933260,The Substance,The Substance,en,42.8945,2024-09-07,7.134,6475
19,1671183,Butterfly Effect: Azzam,أثر الفراشة: عزام,ar,1.3508,2026-07-23,1.0,1
0,1495716,App the Horror,귀신 부르는 앱: 영,ko,3.319,2026-02-18,5.0,4
1,438631,Dune,Dune,en,49.3949,2021-09-15,7.785,15553
2,1140535,Presence,Presence,en,11.7903,2025-01-17,6.112,814
3,1495699,Firstborn,Il primo figlio,it,4.1245,2025-11-27,0.0,0
4,1576549,Contamination,Contamination,en,1.9724,2025-11-14,5.5,2
5,1774720,Returning Winter,겨울을 반납,ko,0.0,2026-07-10,0.0,0
6,1373956,Die Ältern,Die Ältern,de,3.4174,2026-02-12,6.75,8
7,1592032,Furious Attack,怒袭,zh,6.3728,2026-02-12,6.0,5
8,10138,Iron Man 2,Iron Man 2,en,48.4243,2010-04-28,6.855,22927
9,1339175,The Birthday Party,The Birthday Party,en,3.6509,2026-04-17,5.292,12
10,1570282,This Is I,This is I,ja,3.8305,2026-02-09,7.1,23
11,1156594,Our Fault,Culpa nuestra,es,27.6615,2025-10-15,7.369,746
12,1604264,Rakkasapuradhol,ರಕ್ಕಸಪುರದೊಳ್,kn,3.3539,2026-02-06,0.0,0
13,1387891,Dawning,Demring,no,1.459,2025-10-03,8.0,1
14,1766733,The Responders: Breaking the Silence,The Responders: Breaking the Silence,en,0.6202,2026-06-29,7.0,1
15,1326886,Love Barista,나혼자 프린스,ko,4.9618,2025-10-03,5.5,2
16,1290159,A House of Dynamite,A House of Dynamite,en,16.8363,2025-10-02,6.409,1390
17,1599993,Animals,Animales,es,87.2542,2026-02-05,6.213,47
18,1010755,The Strangers: Chapter 3,The Strangers: Chapter 3,en,17.2267,2026-02-05,5.895,287
19,1541119,Not My Dog,Not My Dog,en,1.4553,,0.0,0
0,1354939,Young Stalin,ახალგაზრდა სტალინი,ka,1.2231,,0.0,0
1,1299652,Watchmen: Chapter II,Watchmen: Chapter II,en,4.9278,2024-11-25,7.352,183
2,1296678,The Complete Rankin/Bass Christmas Collection,The Complete Rankin/Bass Christmas Collection,en,0.5095,,10.0,1
3,1290242,Christy,Christy,en,1.8717,2025-08-29,6.5,13
4,1280684,Corina,Corina,es,3.0673,2025-01-09,7.5,42
5,1278950,The Ritual,The Ritual,en,11.7586,2025-04-18,5.92,300
6,1241470,Osiris,Osiris,en,9.7876,2025-07-25,6.125,313
7,1218670,Night Drifting,夜のまにまに,ja,0.8729,2024-11-22,6.0,1
8,1164991,Miss Balderdash,Miss Balderdash,en,0.7412,,0.0,0
9,1126166,Flight Risk,Flight Risk,en,14.2518,2025-01-22,5.917,1226
10,1087891,The Amateur,The Amateur,en,21.3815,2025-04-09,6.92,1779
11,1047373,The Silent Hour,The Silent Hour,en,5.1944,2024-10-03,6.362,300
12,976734,Canary Black,Canary Black,en,10.9824,2024-10-10,6.197,542
13,668489,Havoc,Havoc,en,13.3258,2025-04-25,6.407,1338
14,556574,Hamilton,Hamilton,en,7.3504,2025-09-05,7.884,155
15,1774127,Ce qu'on devient,Ce qu'on devient,fr,0.0929,2026-09-19,0.0,0
16,1774475,Ojo con el arte: 1547.,Ojo con el arte: 1547.,es,0.0714,2026-09-19,0.0,0
17,1774017,Mission Impochausette,Mission Impochausette,fr,0.7214,2026-09-19,10.0,3
18,1745274,Stardom Silver Week Tour 2026 in Tottori,STARDOM SILVER WEEK TOUR 2026 in TOTTORI,ja,0.6255,2026-09-19,0.0,0
19,1755880,Piece,Piyesa,tl,6.4492,2026-09-18,0.0,0
0,1488346,Symptomaniac,Symptomaniac,fr,1.433,2025-04-10,0.0,0
1,1446474,Revenge of the Boogeyman,Revenge of the Boogeyman,en,35.5393,2025-03-18,5.4,5
2,1419053,ChaO,ChaO,ja,4.0368,2025-08-15,8.2,15
3,1380415,The Last Supper,The Last Supper,en,3.9718,2025-03-14,7.235,68
4,1374686,Light of the World,Light of the World,en,5.5213,2025-09-04,8.905,58
5,1358124,Hero Camp!,Hero Camp!,en,0.5491,2024-10-12,0.0,0
6,1356039,Counterattack,Contraataque,es,12.8577,2025-02-27,8.278,860
7,1354939,Young Stalin,ახალგაზრდა სტალინი,ka,1.2231,,0.0,0
8,1299652,Watchmen: Chapter II,Watchmen: Chapter II,en,4.9278,2024-11-25,7.352,183
9,1296678,The Complete Rankin/Bass Christmas Collection,The Complete Rankin/Bass Christmas Collection,en,0.5095,,10.0,1
10,1290242,Christy,Christy,en,1.8717,2025-08-29,6.5,13
11,1280684,Corina,Corina,es,3.0673,2025-01-09,7.5,42
12,1278950,The Ritual,The Ritual,en,11.7586,2025-04-18,5.92,300
13,1241470,Osiris,Osiris,en,9.7876,2025-07-25,6.125,313
14,1218670,Night Drifting,夜のまにまに,ja,0.8729,2024-11-22,6.0,1
15,1182047,The Apprentice,The Apprentice,en,12.7039,2024-10-09,6.839,1039
16,1164991,Miss Balderdash,Miss Balderdash,en,0.7412,,0.0,0
17,1087891,The Amateur,The Amateur,en,21.3815,2025-04-09,6.92,1779
18,1083433,I Know What You Did Last Summer,I Know What You Did Last Summer,en,18.1616,2025-07-16,5.623,871
19,1075676,Uprising,"전,란",ko,4.7744,2024-10-02,7.018,223
0,1620873,HalloWiebe: Overdrive,HalloWiebe: Overdrive,nl,2.3204,2026-09-23,0.0,0
1,1772450,La Bienvenida a la Uni,La Bienvenida a la Uni,es,0.1836,2026-09-17,0.0,0
2,1720724,FINI DE RIRE ! L'humour politique au garde-à-vous ?,FINI DE RIRE ! L'humour politique au garde-à-vous ?,fr,1.5534,2026-09-23,8.0,1
3,1401757,Antarctic,Antártida,pt,2.2663,2026-09-17,3.0,1
4,1548697,Terbang,Terbang,ms,2.0384,2026-09-17,7.0,1
5,1438212,Before We Leave Tuscany,Egy nő sziluettje,hu,0.7835,2026-09-17,0.0,0
6,1513026,A Scary Movie,Una película de miedo,es,0.8676,2026-06-05,0.0,0
7,1046304,9 Temples to Heaven,9 วัด สู่สวรรค์,th,1.8629,2026-09-17,10.0,1
8,1629051,Never After Dark,Never After Dark,ja,3.2232,2026-06-05,7.5,4
9,1259230,The Ultimate Planet,Девятая планета,ru,2.5476,2026-09-24,0.0,0
10,1191818,The Birthday Party,Histoires de la nuit,fr,3.07,2026-09-16,5.4,5
11,1771787,荒山野店,荒山野店,zh,0.4676,2026-09-16,0.0,1
12,1760604,Juan Tamariz: Amor y Magia,Juan Tamariz: Amor y Magia,es,3.5962,2026-09-16,0.0,0
13,1760114,Lovebox,Lovebox,de,0.6238,2026-09-24,0.0,0
14,1247041,Edjop,Edjop,tl,4.2536,2026-09-16,0.0,0
15,1592734,Love on the Amazon,Love on the Amazon,en,2.3161,2026-01-17,6.333,15
16,1522970,Félrelépni szabad,Félrelépni szabad,hu,1.3432,2026-09-24,0.0,0
17,1086037,Long Day's Journey into Night,Long Day's Journey into Night,en,2.8598,2026-09-25,0.0,0
18,1595400,Matched: True Love,マッチング TRUE LOVE,ja,2.865,2026-09-25,0.0,0
19,1613037,Buzzkill,Buzzkill,en,2.904,2026-09-25,0.0,0
0,1511747,The Journey of Heroes,Trại Buôn Người,vi,1.553,2026-09-25,0.0,0
1,1743016,WWE/AAA Worlds Collide 2026: Chicago,WWE/AAA Worlds Collide 2026: Chicago,en,0.511,2026-09-26,0.0,0
2,1396749,Wild Sing,와일드 씽,ko,3.7322,2026-06-03,6.333,24
3,1766307,Légitime Défense - L'affaire de la route toxique,Légitime Défense - L'affaire de la route toxique,fr,1.7571,2026-09-14,7.0,1
4,1930,The Amazing Spider-Man,The Amazing Spider-Man,en,40.8016,2012-06-23,6.763,19114
5,1774343,Cazuritos,Cazuritos,en,0.0071,2026-09-13,0.0,0
6,1287141,Pillion,Pillion,en,10.2759,2025-11-28,6.458,332
7,1749121,AAA Triplemanía 34 - Sunday,AAA Triplemanía 34 - Sunday,es,3.9327,2026-09-13,8.0,1
8,862739,The Virgin of the Quarry Lake,La virgen de la tosquera,es,1.8029,2026-01-15,5.81,42
9,1427838,The Holy Grill,Extrawurst,de,3.0309,2026-01-15,6.592,50
10,1769051,Giot,Giọt,xx,0.4479,2026-09-12,0.0,0
11,1732360,Ryan Garcia vs. Conor Benn,Ryan Garcia vs. Conor Benn,en,3.2447,2026-09-12,0.0,0
12,1765379,Sa Loob ng Akin,Sa Loob ng Akin,tl,1.2712,2026-09-11,0.0,0
13,1597199,Back to Buenos Aires,Ritorno a Buenos Aires,it,2.6536,2026-09-11,7.1,7
14,1049064,Mahendragiri Varahi,మహేంద్రగిరి వారాహి,te,3.9657,2026-09-11,0.0,0
15,1051646,The Face of Horror,The Face of Horror,en,1.9104,2026-09-11,0.0,0
16,1544847,Pradhama Drishtya Kuttakkar,പ്രഥമ ദൃഷ്ട്യാ കുറ്റക്കാർ,ml,2.9155,2026-09-11,6.0,1
17,1749120,AAA Triplemanía 34 - Friday,AAA Triplemanía 34 - Friday,en,5.1319,2026-09-11,7.0,1
18,1768221,Adkitta,Adkitta,mr,1.0511,2026-09-11,0.0,0
19,1614964,Sunshine on the Road,가족여행,ko,1.1421,2026-09-30,0.0,0
0,1541330,Stuffed,Stuffed,en,2.1409,2026-09-10,0.0,0
1,1523426,Cowriters,Соавторы,ru,2.7833,2026-09-10,0.0,0
2,1556321,Death Whisperer: Saming the Werebeast,ธี่หยด: สมิงเขาขวาง,th,8.6088,2026-09-30,0.0,0
3,1280401,Gill,아가미,ko,2.5621,2026-09-09,0.0,0
4,1735950,Camouflage,Camouflage,uk,2.0873,2026-09-09,5.0,1
5,1208117,Les Héros du Louvre,Les Héros du Louvre,fr,2.5148,2026-09-09,6.188,8
6,1698869,Alien Disclosure Day,Alien Disclosure Day,en,1.4896,2026-05-29,3.5,2
7,1484085,Atonement,Atonement,en,2.0617,2026-10-02,0.0,0
8,1477583,Corpus Delicti,Corpus Delicti,de,2.7774,2026-10-01,0.0,0
9,1320039,Stranglehold,Stranglehold,en,1.6102,2026-10-02,0.0,0
10,1736495,Conversation with the Sea,حوار مع البحر,ar,1.3342,2026-09-07,0.0,0
11,1242501,Icefall,Icefall,en,10.2592,2025-10-16,6.545,242
12,1735947,"Sometimes Sadness, Sometimes Rebellion","A veces me entra tristeza, otras veces rebelión",es,1.8368,2026-09-07,0.0,0
13,533535,Deadpool & Wolverine,Deadpool & Wolverine,en,63.8543,2024-07-24,7.59,9473
14,1736511,Citizen Osama,المواطن أسامة,ar,1.5214,2026-09-05,0.0,0
15,6435,Practical Magic,Practical Magic,en,80.2363,1998-10-16,6.801,1942
16,10138,Iron Man 2,Iron Man 2,en,48.4243,2010-04-28,6.855,22927
17,1505305,Immortal,இமார்டல்,ta,1.9729,2026-09-04,0.0,0
18,1725074,Sekiro: No Defeat,SEKIRO: NO DEFEAT,ja,2.0441,2026-09-04,0.0,0
19,1702575,Avec Kim,Avec Kim,fr,4.0948,2026-09-05,4.3,3
0,1386467,The Mage,拾荒法師,cn,1.57,2026-10-08,0.0,0
1,1752154,9/11: United We Stand -- 25 Years Later,9/11: United We Stand -- 25 Years Later,en,3.6062,2026-09-01,3.667,3
2,1290436,Summer Beats,Ma frère,fr,2.7039,2026-01-07,7.1,58
3,1381221,Misty Green,Misty Green,en,2.6652,2026-10-09,0.0,0
4,1774722,The Living Corpse,The Living Corpse,en,0.0,2026-09-01,0.0,0
5,1744197,The Spirit of Halloween,The Spirit of Halloween,en,1.216,2026-10-10,0.0,0
6,1611977,Housemaid,Housemaid,en,3.9307,2026-01-06,3.813,8
7,1774428,Between Summers,Zwei Sommer in der Badi,de,0.0786,2026-10-11,0.0,0
8,1509381,Oradour,Oradour,fr,6.5155,2026-08-30,5.286,7
9,1753885,"Die Pharaoninnen. Frauen, die das Reich Ägypten formten","Die Pharaoninnen. Frauen, die das Reich Ägypten formten",de,1.0744,2026-08-29,7.0,2
10,1448560,Wildcat,Wildcat,en,11.6017,2025-11-19,6.049,226
11,1489932,Always Lalisa,Always Lalisa,en,3.965,2026-10-12,0.0,0
12,1537518,The Cycle of Love,The Cycle of Love,en,1.3917,2026-08-28,0.0,0
13,1433568,The Rope Curse 4: Kuntilanak,粽邪4：坤蒂拉娜,zh,28.8637,2026-08-27,0.0,0
14,1403676,April X,April X,en,3.2997,2026-08-27,0.0,0
15,1541802,Operasi Pesta Copet,Operasi Pesta Copet,id,3.2304,2026-08-27,8.0,2
16,1287520,November 1963,November 1963,en,3.8707,2026-11-20,0.0,0
17,1187326,Tad and The Magic Lamp,Tadeo Jones y La Lámpara Maravillosa,es,6.6554,2026-08-26,6.5,12
18,1715037,Pass the Bottle,Pass the Bottle,en,1.0692,2026-08-25,0.0,0
19,1755974,The Eight Kings: Dragon Heist,千门之群龙夺宝,zh,1.8435,2026-08-25,2.0,1
0,1596300,Once Upon a Time in Harlem,Once Upon a Time in Harlem,en,3.1311,2026-10-16,0.0,0
1,1768222,Tiber,Tiber,en,0.4761,2026-10-16,0.0,0
2,1654581,Nayyi Navelli,नय्यी नवेल्ली,hi,1.902,2026-10-16,0.0,0
3,1774238,Border,مرز,xx,0.0286,2026-10-17,0.0,0
4,1592947,Sex,Seks,en,8.3409,2026-01-01,10.0,1
5,1588208,Bo Bo,Бо-бо,ru,2.0068,2026-08-22,0.0,0
6,1726059,Love Finds You,Love Finds You,en,1.9756,2026-08-22,0.0,0
7,1555734,A Mighty Adventure,小蟲蟲大冒險,xx,1.5001,2026-08-22,0.0,0
8,1529024,How to Divorce During the War,Skyrybos karo metu,lt,3.4907,2026-08-21,7.0,1
9,1322379,Rinrada the Influencer,รินรดา,th,2.2221,2026-08-20,2.0,1
10,858035,Klara and the Sun,Klara and the Sun,en,6.1742,2026-10-21,0.0,0
11,1208274,Little Dreamerz,리틀 드리머즈,ko,1.6232,2026-08-19,0.0,0
12,1660660,Marie Madeleine,Marie Madeleine,ht,2.2519,2026-10-21,0.0,0
13,1567937,V,空枪,cn,27.1219,2026-08-19,5.7,6
14,1084409,A Talent for Murder,A Talent for Murder,en,4.1745,2026-10-22,0.0,0
15,1738070,Kelsey Cook: Happy Hour,Kelsey Cook: Happy Hour,en,1.4597,2026-08-18,5.8,5
16,1636996,Blueberry Inn,Blueberry Inn,en,0.9646,2026-10-23,0.0,0
17,1754103,Officer Grey,Officer Grey,en,2.5993,2026-10-25,0.0,0
18,1363123,The Family Plan 2,The Family Plan 2,en,16.3785,2025-11-11,6.557,647
19,1736062,Disney Worldbuilders,Disney Worldbuilders,en,4.2776,2026-08-16,0.0,0
0,1509381,Oradour,Oradour,fr,6.5155,2026-08-30,5.286,7
1,1753885,"Die Pharaoninnen. Frauen, die das Reich Ägypten formten","Die Pharaoninnen. Frauen, die das Reich Ägypten formten",de,1.0744,2026-08-29,7.0,2
2,1448560,Wildcat,Wildcat,en,11.6017,2025-11-19,6.049,226
3,1489932,Always Lalisa,Always Lalisa,en,3.965,2026-10-12,0.0,0
4,1537518,The Cycle of Love,The Cycle of Love,en,1.3917,2026-08-28,0.0,0
5,1433568,The Rope Curse 4: Kuntilanak,粽邪4：坤蒂拉娜,zh,28.8637,2026-08-27,0.0,0
6,947493,Iron Boy,Le Corset,fr,3.7574,2026-10-14,0.0,0
7,1403676,April X,April X,en,3.2997,2026-08-27,0.0,0
8,1541802,Operasi Pesta Copet,Operasi Pesta Copet,id,3.2304,2026-08-27,8.0,2
9,1287520,November 1963,November 1963,en,3.8707,2026-11-20,0.0,0
10,1187326,Tad and The Magic Lamp,Tadeo Jones y La Lámpara Maravillosa,es,6.6554,2026-08-26,6.5,12
11,1715037,Pass the Bottle,Pass the Bottle,en,1.0692,2026-08-25,0.0,0
12,1755974,The Eight Kings: Dragon Heist,千门之群龙夺宝,zh,1.8435,2026-08-25,2.0,1
13,1596300,Once Upon a Time in Harlem,Once Upon a Time in Harlem,en,3.1311,2026-10-16,0.0,0
14,1768222,Tiber,Tiber,en,0.4761,2026-10-16,0.0,0
15,1654581,Nayyi Navelli,नय्यी नवेल्ली,hi,1.902,2026-10-16,0.0,0
16,1774238,Border,مرز,xx,0.0286,2026-10-17,0.0,0
17,68721,Iron Man 3,Iron Man 3,en,32.3005,2013-04-18,6.932,23884
18,1592947,Sex,Seks,en,8.3409,2026-01-01,10.0,1
19,1588208,Bo Bo,Бо-бо,ru,2.0068,2026-08-22,0.0,0
0,1726059,Love Finds You,Love Finds You,en,1.9756,2026-08-22,0.0,0
1,1555734,A Mighty Adventure,小蟲蟲大冒險,xx,1.5001,2026-08-22,0.0,0
2,1529024,How to Divorce During the War,Skyrybos karo metu,lt,3.4907,2026-08-21,7.0,1
3,1322379,Rinrada the Influencer,รินรดา,th,2.2221,2026-08-20,2.0,1
4,858035,Klara and the Sun,Klara and the Sun,en,6.1742,2026-10-21,0.0,0
5,1208274,Little Dreamerz,리틀 드리머즈,ko,1.6232,2026-08-19,0.0,0
6,1660660,Marie Madeleine,Marie Madeleine,ht,2.2519,2026-10-21,0.0,0
7,1567937,V,空枪,cn,27.1219,2026-08-19,5.7,6
8,1084409,A Talent for Murder,A Talent for Murder,en,4.1745,2026-10-22,0.0,0
9,1738070,Kelsey Cook: Happy Hour,Kelsey Cook: Happy Hour,en,1.4597,2026-08-18,5.8,5
10,1636996,Blueberry Inn,Blueberry Inn,en,0.9646,2026-10-23,0.0,0
11,361743,Top Gun: Maverick,Top Gun: Maverick,en,45.9837,2022-05-21,8.158,11564
12,1754103,Officer Grey,Officer Grey,en,2.5993,2026-10-25,0.0,0
13,1363123,The Family Plan 2,The Family Plan 2,en,16.3785,2025-11-11,6.557,647
14,1736062,Disney Worldbuilders,Disney Worldbuilders,en,4.2776,2026-08-16,0.0,0
15,1770234,BTS WORLD TOUR 'ARIRANG' IN SÃO PAULO: LIVE VIEWING,BTS WORLD TOUR 'ARIRANG' IN SÃO PAULO: LIVE VIEWING,en,0.8368,2026-10-25,0.0,0
16,1742434,Hushar Pittalu,హుషార్ పిట్టలు,te,2.4772,2026-08-15,4.0,1
17,1317448,No Place to Be Single,Non è un paese per single,it,6.588,2026-05-08,6.702,114
18,1688804,Freefall: A Reckoning for Boeing,Freefall: A Reckoning for Boeing,en,5.2337,2026-08-14,7.0,38
19,1632473,"This, That, and Everything in Between","Ganito, Ganyan, Ganoon",tl,6.3499,2026-08-13,6.375,4
0,1653771,The Elder Eagle,Старый орёл,ru,2.9397,2026-07-30,0.0,0
1,1580582,Carnaval,CARNAVAL,nl,1.7511,2026-11-11,0.0,0
2,1148207,New Fears Eve,New Fears Eve,en,2.1312,2025-12-16,3.5,4
3,1698575,"Snoopy Presents: There's No Place Like Home, Snoopy","Snoopy Presents: There's No Place Like Home, Snoopy",en,17.6483,2026-07-30,8.451,41
4,1371185,Song Sung Blue,Song Sung Blue,en,8.8729,2025-12-15,7.375,320
5,1723570,Mary Beth Barone: Galaxy Brain,Mary Beth Barone: Galaxy Brain,en,1.1932,2026-07-28,5.9,6
6,1773695,Skyward: The Sport Rocketry Revolution,Skyward: The Sport Rocketry Revolution,en,0.1439,2026-07-25,0.0,0
7,1730324,Heartstopper: Ending on a Hi,Heartstopper: Ending on a Hi,en,1.8944,2026-07-24,8.0,3
8,694,The Shining,The Shining,en,31.257,1980-05-23,8.2,19382
9,1712439,Behind the Screens,เพื่อนรัก เพื่อนลับ,th,7.1761,2026-07-23,7.0,3
10,1628071,Ip Man: Kung Fu Legend,宗师叶问2,zh,7.5745,2026-07-22,6.368,19
11,1364953,Mārama,Mārama,en,5.5348,2026-04-17,6.263,38
12,747509,Ah Girl,泡泡糖女孩,zh,2.3177,2026-11-20,0.0,0
13,1771521,The Walten Files,The Walten Files,en,0.2622,,0.0,0
14,1752867,Gandhi,Gandhi,hi,1.224,,0.0,0
15,1481608,Mother of Flies,Mother of Flies,en,1.7814,2025-07-24,5.6,37
16,1472668,Wick Is Pain,Wick Is Pain,en,5.2628,2025-05-09,7.402,112
17,1416651,Invincible Swordsman,笑傲江湖,zh,2.6496,2025-01-23,6.529,17
18,1371151,Off the Grid,Off the Grid,en,6.5805,2025-06-27,6.371,140
19,1329336,The Bad Guys: Haunted Heist,The Bad Guys: Haunted Heist,en,5.4826,2024-10-02,6.859,167
0,1312157,Somebody to Love,FolleMente,it,4.3889,2025-02-20,7.148,578
1,1297188,Esa semana juntos,Esa semana juntos,es,1.5448,2025-02-20,7.0,5
2,1295026,100 METERS,ひゃくえむ。,ja,4.9577,2025-09-19,7.803,150
3,1275412,蛇神大人慰安祭,蛇神大人慰安祭,zh,0.6793,,0.0,0
4,1271895,96 Minutes,96分鐘,zh,6.1654,2025-09-05,6.228,90
5,1261501,Ad Vitam,Ad Vitam,fr,4.5609,2025-01-09,6.228,459
6,1229563,The Wave,La Ola,es,2.0601,2025-08-28,5.1,6
7,1220936,Stork of Hope,Stork of Hope,he,2.0725,2025-01-21,7.0,4
8,1210732,How to Make a Killing,Un ours dans le Jura,fr,3.8867,2025-01-01,6.447,402
9,1196943,Chhaava,छावा,hi,3.0083,2025-02-14,7.048,63
10,1182861,Romería,Romería,es,4.8757,2025-09-05,6.5,78
11,1118031,Apocalypse Z: The Beginning of the End,Apocalipsis Z: el principio del fin,es,11.9411,2024-10-04,6.76,1288
12,1107216,Pets on a Train,Falcon Express,fr,7.5018,2025-07-02,7.1,70
13,1079244,Bonhoeffer: Pastor. Spy. Assassin,Bonhoeffer: Pastor. Spy. Assassin,en,4.8461,2024-11-20,6.7,84
14,1033462,Bureau 749,749局,zh,9.6679,2024-10-01,6.426,122
15,995045,The Ghost,An Taibhse,ga,2.0184,2025-03-28,7.7,3
16,975511,The Return,The Return,en,11.0886,2024-11-28,6.589,533
17,896536,The Legend of Ochi,The Legend of Ochi,en,11.0465,2025-04-18,6.129,346
18,845781,Red One,Red One,en,35.0909,2024-10-31,6.96,3163
19,1315702,The Residence,Dalloway,fr,3.5135,2025-09-17,6.4,111
0,1723570,Mary Beth Barone: Galaxy Brain,Mary Beth Barone: Galaxy Brain,en,1.1932,2026-07-28,5.9,6
1,1773695,Skyward: The Sport Rocketry Revolution,Skyward: The Sport Rocketry Revolution,en,0.1439,2026-07-25,0.0,0
2,1730324,Heartstopper: Ending on a Hi,Heartstopper: Ending on a Hi,en,1.8944,2026-07-24,8.0,3
3,694,The Shining,The Shining,en,31.257,1980-05-23,8.2,19382
4,1712439,Behind the Screens,เพื่อนรัก เพื่อนลับ,th,7.1761,2026-07-23,7.0,3
5,1628071,Ip Man: Kung Fu Legend,宗师叶问2,zh,7.5745,2026-07-22,6.368,19
6,1364953,Mārama,Mārama,en,5.5348,2026-04-17,6.263,38
7,747509,Ah Girl,泡泡糖女孩,zh,2.3177,2026-11-20,0.0,0
8,1771521,The Walten Files,The Walten Files,en,0.2622,,0.0,0
9,1757120,It Follows 2,It Follows 2,en,0.9309,,0.0,0
10,1752867,Gandhi,Gandhi,hi,1.224,,0.0,0
11,1481608,Mother of Flies,Mother of Flies,en,1.7814,2025-07-24,5.6,37
12,1472668,Wick Is Pain,Wick Is Pain,en,5.2628,2025-05-09,7.402,112
13,1416651,Invincible Swordsman,笑傲江湖,zh,2.6496,2025-01-23,6.529,17
14,1371151,Off the Grid,Off the Grid,en,6.5805,2025-06-27,6.371,140
15,1329336,The Bad Guys: Haunted Heist,The Bad Guys: Haunted Heist,en,5.4826,2024-10-02,6.859,167
16,1312157,Somebody to Love,FolleMente,it,4.3889,2025-02-20,7.148,578
17,1297188,Esa semana juntos,Esa semana juntos,es,1.5448,2025-02-20,7.0,5
18,1295026,100 METERS,ひゃくえむ。,ja,4.9577,2025-09-19,7.803,150
19,1285965,Dangerous Animals,Dangerous Animals,en,8.9657,2025-06-05,6.475,704
0,1404304,The Isolate Thief,The Isolate Thief,en,16.9823,2026-07-10,6.881,21
1,1010756,The Strangers: Chapter 2,The Strangers: Chapter 2,en,10.9454,2025-09-25,6.038,392
2,1157322,Franz,Franz,cs,2.4509,2025-09-25,6.1,26
3,1609274,The Education of Jane Cumming,The Education of Jane Cumming,en,2.2895,2026-12-02,0.0,0
4,218,The Terminator,The Terminator,en,64.2947,1984-10-26,7.694,15143
5,1711676,Almost with You,Almost with You,en,0.8309,2026-07-09,0.0,0
6,1689005,Boss Cat,Boss Cat,en,1.8456,2026-12-03,0.0,0
7,286217,The Martian,The Martian,en,33.0803,2015-09-30,7.708,21822
8,1370191,Tender Loving Care,Tender Loving Care,en,2.3043,2026-12-04,0.0,0
9,1642448,The Little Prince and the Day Dreams,The Little Prince and the Day Dreams,en,1.4564,2025-11-30,10.0,1
10,1509599,Gatta Kusthi 2,கட்டா குஸ்தி 2,ta,30.8477,2026-07-03,4.9,7
11,1724816,Helena,Helena,tl,11.3393,2026-07-03,4.0,1
12,284054,Black Panther,Black Panther,en,36.7358,2018-02-13,7.4,23970
13,1589073,HIM: Who Gives Me Strength,힘,ko,0.6439,2025-11-27,0.0,0
14,1141970,Morte Cucina,ครัวสาว,th,15.5432,2026-07-02,5.4,4
15,403514,Dial 1975,डायल १९७५,hi,1.6629,2026-07-01,0.0,0
16,1689448,Toy Story 6,Toy Story 6,en,1.8353,,0.0,0
17,1534571,Die Polizistin und die Todesstille,Die Polizistin und die Todesstille,de,1.5479,2026-09-21,0.0,0
18,1465563,A Poet,Un poeta,es,3.3529,2025-08-28,8.733,133
19,1368371,Right Where I Left You,Seni Bıraktığım Yerdeyim,tr,1.7911,2024-10-09,0.0,0
0,1752867,Gandhi,Gandhi,hi,1.224,,0.0,0
1,1481608,Mother of Flies,Mother of Flies,en,1.7814,2025-07-24,5.6,37
2,1472668,Wick Is Pain,Wick Is Pain,en,5.2628,2025-05-09,7.402,112
3,1416651,Invincible Swordsman,笑傲江湖,zh,2.6496,2025-01-23,6.529,17
4,1411614,Raaka,రాకా,te,2.4151,,0.0,0
5,1371151,Off the Grid,Off the Grid,en,6.5805,2025-06-27,6.371,140
6,1329336,The Bad Guys: Haunted Heist,The Bad Guys: Haunted Heist,en,5.4826,2024-10-02,6.859,167
7,1312157,Somebody to Love,FolleMente,it,4.3889,2025-02-20,7.148,578
8,1297188,Esa semana juntos,Esa semana juntos,es,1.5448,2025-02-20,7.0,5
9,1295026,100 METERS,ひゃくえむ。,ja,4.9577,2025-09-19,7.803,150
10,1285965,Dangerous Animals,Dangerous Animals,en,8.9657,2025-06-05,6.475,704
11,1275412,蛇神大人慰安祭,蛇神大人慰安祭,zh,0.6793,,0.0,0
12,1271895,96 Minutes,96分鐘,zh,6.1654,2025-09-05,6.228,90
13,1261501,Ad Vitam,Ad Vitam,fr,4.5609,2025-01-09,6.228,459
14,1229563,The Wave,La Ola,es,2.0601,2025-08-28,5.1,6
15,1220936,Stork of Hope,Stork of Hope,he,2.0725,2025-01-21,7.0,4
16,1210732,How to Make a Killing,Un ours dans le Jura,fr,3.8867,2025-01-01,6.447,402
17,1196943,Chhaava,छावा,hi,3.0083,2025-02-14,7.048,63
18,1182861,Romería,Romería,es,4.8757,2025-09-05,6.5,78
19,1118031,Apocalypse Z: The Beginning of the End,Apocalipsis Z: el principio del fin,es,11.9411,2024-10-04,6.76,1288
0,1728180,Bring Me The Horizon - Hellfest 2026,Bring Me The Horizon - Hellfest 2026,fr,0.9233,2026-06-18,0.0,0
1,1397485,Girls Like Girls,Girls Like Girls,en,12.3569,2026-06-18,7.586,64
2,1477664,Unraveled,Vores Løfte,da,3.3708,2026-06-18,6.5,4
3,1227241,Maa Inti Bangaram,మా ఇంటి బంగారం,te,6.0098,2026-06-18,6.861,18
4,1457138,1780,1780,en,1.7435,2026-06-17,10.0,1
5,1061798,Jim Queen and the Quest for Chloroqueer,Jim Queen à la recherche de la Chloroqueer,fr,8.593,2026-06-17,7.872,86
6,1002109,Flashback to the 80s,Police Flash 80,fr,2.6895,2026-03-18,6.055,64
7,1492198,Artificial,Artificial,en,4.2724,2026-12-25,0.0,0
8,933260,The Substance,The Substance,en,42.8945,2024-09-07,7.134,6474
9,1396674,Dog Day Evening,一個部門的誕生,cn,1.375,2026-06-13,8.0,3
10,1712068,Trevlig midsommarhelg!,Trevlig midsommarhelg!,sv,1.9586,2026-06-12,0.0,0
11,1501018,A Family of Bastards,Une Famille De Bâtards,fr,4.1376,2026-06-12,5.6,73
12,1511549,Still Sexy,Ancora più sexy,it,3.1051,2026-06-12,5.257,35
13,670,Oldboy,올드보이,ko,19.2113,2003-11-21,8.235,10208
14,1494715,New Group,NEW GROUP,ja,2.0154,2026-06-12,0.0,0
15,1699155,Maternal Instinct,Maternal Instinct,en,6.9205,2026-06-11,7.1,128
16,1668499,Vertiginous,Le Vertige,fr,3.178,2026-06-10,5.943,44
17,1513261,Dante,Dante de noche,es,1.3309,2026-06-07,0.0,0
18,1710330,Stargate,Stargate,en,0.555,2026-06-07,0.0,0
19,1707914,Detective Chen 2,卧底神探,zh,2.2603,2026-06-06,5.5,6
0,1511051,Rain Reign,Rain Reign,en,1.2049,2026-06-06,0.0,0
1,1287145,Madfabulous,Madfabulous,en,3.221,2026-06-05,6.0,2
2,1224440,Smart Working,Smart Working,it,3.0858,2026-06-04,7.5,4
3,1628448,Maa Behen,माँ बहन,hi,3.9686,2026-06-04,6.8,23
4,324857,Spider-Man: Into the Spider-Verse,Spider-Man: Into the Spider-Verse,en,50.4155,2018-12-06,8.401,17884
5,505642,Black Panther: Wakanda Forever,Black Panther: Wakanda Forever,en,35.6256,2022-11-09,6.992,7783
6,1566727,Zac Power,Zac Power,en,2.1787,2027-01-07,0.0,0
7,1698040,Paralysis,Paralysis,en,1.7824,2026-06-03,0.0,0
8,1396749,Wild Sing,와일드 씽,ko,3.7322,2026-06-03,6.333,24
9,1418901,Mother's Pride,Mother's Pride,en,3.1831,2026-03-06,5.833,9
10,1279865,A New Dawn,花緑青が明ける日に,ja,5.071,2026-03-06,7.0,10
11,1290432,A Private Life,Vie privée,fr,8.8909,2025-09-27,5.495,276
12,1656616,Cleb's,Cleb's,fr,1.5171,2026-05-31,0.0,0
13,1070157,Balti,ബൾട്ടി,ml,1.4073,2025-09-26,5.4,5
14,1574630,Heals,Heals,th,1.889,2026-05-30,0.0,0
15,1453778,Tokyo Burst: Crime City,TOKYO BURST-犯罪都市-,ja,2.5596,2026-05-29,3.0,2
16,1232667,"Miss You, Love You","Miss You, Love You",en,4.0961,2026-05-29,6.676,17
17,10138,Iron Man 2,Iron Man 2,en,48.4243,2010-04-28,6.9,22926
18,680,Pulp Fiction,Pulp Fiction,en,48.9221,1994-09-10,8.481,30890
19,1422117,For Worse,For Worse,en,3.5227,2026-02-27,5.9,8
0,694,The Shining,The Shining,en,31.257,1980-05-23,8.2,19382
1,403514,Dial 1975,डायल १९७५,hi,1.6629,2026-07-01,0.0,0
2,1689448,Toy Story 6,Toy Story 6,en,1.8353,,0.0,0
3,1534571,Die Polizistin und die Todesstille,Die Polizistin und die Todesstille,de,1.5479,2026-09-21,0.0,0
4,1465563,A Poet,Un poeta,es,3.3529,2025-08-28,8.733,133
5,1368371,Right Where I Left You,Seni Bıraktığım Yerdeyim,tr,1.7911,2024-10-09,0.0,0
6,1278101,Big World,小小的我,zh,13.3691,2024-12-27,8.664,134
7,1205229,Night of the Zoopocalypse,Night of the Zoopocalypse,en,11.8758,2025-01-23,6.769,104
8,1109086,War 2,वॉर 2,hi,7.7354,2025-08-13,6.007,74
9,1100099,We Live in Time,We Live in Time,en,13.8293,2024-10-10,7.224,1395
10,982843,The Great Flood,대홍수,ko,10.0661,2025-09-18,6.0,776
11,76170,The Wolverine,The Wolverine,en,5.2739,2013-07-21,6.436,10568
12,1630464,Clarissa,Clarissa,en,2.7794,2026-12-11,0.0,0
13,1660380,Daddy's Girl,Daddy's Girl,en,0.8902,2026-03-29,0.0,0
14,1592055,Guided by Horses,Guided by Horses,en,0.6615,2026-06-29,0.0,0
15,1671541,Three Kingdoms: The Beginning,三国第一部：争洛阳,zh,6.1659,2026-06-27,6.333,3
16,100402,Captain America: The Winter Soldier,Captain America: The Winter Soldier,en,20.2236,2014-03-20,7.655,20469
17,76338,Thor: The Dark World,Thor: The Dark World,en,27.5927,2013-10-30,6.508,18732
18,1165369,De Gaulle: Liberté,La Bataille de Gaulle : J’écris ton nom,fr,6.1165,2026-06-26,7.832,179
19,1478146,A Quiet Love,Grá Ciúin,ga,1.0574,2025-11-21,0.0,1
0,1224440,Smart Working,Smart Working,it,3.0858,2026-06-04,7.5,4
1,1628448,Maa Behen,माँ बहन,hi,3.9686,2026-06-04,6.8,23
2,1701539,Executioner,Executioner,en,1.7714,2026-06-04,6.7,3
3,1566727,Zac Power,Zac Power,en,2.1787,2027-01-07,0.0,0
4,1698040,Paralysis,Paralysis,en,1.7824,2026-06-03,0.0,0
5,1418901,Mother's Pride,Mother's Pride,en,3.1831,2026-03-06,5.833,9
6,1279865,A New Dawn,花緑青が明ける日に,ja,5.071,2026-03-06,7.0,10
7,1656616,Cleb's,Cleb's,fr,1.5171,2026-05-31,0.0,0
8,1070157,Balti,ബൾട്ടി,ml,1.4073,2025-09-26,5.4,5
9,1574630,Heals,Heals,th,1.889,2026-05-30,0.0,0
10,1453778,Tokyo Burst: Crime City,TOKYO BURST-犯罪都市-,ja,2.5596,2026-05-29,3.0,2
11,1232667,"Miss You, Love You","Miss You, Love You",en,4.0961,2026-05-29,6.676,17
12,102899,Ant-Man,Ant-Man,en,26.318,2015-07-14,7.067,21251
13,1895,Star Wars: Episode III - Revenge of the Sith,Star Wars: Episode III - Revenge of the Sith,en,17.9474,2005-05-17,7.475,15303
14,1753605,The Tiger and Her Wings the Movie,劇場版「虎に翼」,ja,0.6629,2027-01-15,0.0,0
15,475557,Joker,Joker,en,40.3324,2019-10-01,8.116,28330
16,1701665,The Marine Spirit: A Tale Of The Mami Wata,The Marine Spirit: A Tale Of The Mami Wata,en,1.1574,2026-05-25,0.0,0
17,1703507,PHREAKOUT!,PHREAKOUT!,en,1.1469,2026-05-24,10.0,1
18,1211776,Violent Ends,Violent Ends,en,4.5891,2025-10-31,6.3,65
19,1694487,Kuniko's Story,クニコからはじまる話,ja,1.4311,2026-05-22,0.0,0
0,1453778,Tokyo Burst: Crime City,TOKYO BURST-犯罪都市-,ja,2.5596,2026-05-29,3.0,2
1,1232667,"Miss You, Love You","Miss You, Love You",en,4.0961,2026-05-29,6.676,17
2,1504150,How to Save the Immortal 2: Elixir of Life,Кощей. Тайна живой воды,ru,3.1544,2026-05-28,0.0,0
3,102899,Ant-Man,Ant-Man,en,26.318,2015-07-14,7.067,21251
4,1895,Star Wars: Episode III - Revenge of the Sith,Star Wars: Episode III - Revenge of the Sith,en,17.9474,2005-05-17,7.475,15303
5,1753605,The Tiger and Her Wings the Movie,劇場版「虎に翼」,ja,0.6629,2027-01-15,0.0,0
6,1701665,The Marine Spirit: A Tale Of The Mami Wata,The Marine Spirit: A Tale Of The Mami Wata,en,1.1574,2026-05-25,0.0,0
7,1703507,PHREAKOUT!,PHREAKOUT!,en,1.1469,2026-05-24,10.0,1
8,1211776,Violent Ends,Violent Ends,en,4.5891,2025-10-31,6.3,65
9,1694487,Kuniko's Story,クニコからはじまる話,ja,1.4311,2026-05-22,0.0,0
10,1693442,Monay,Monay,tl,5.4695,2026-05-22,0.0,0
11,1455661,For the Opponents,Para los contrincantes,es,1.1041,2026-05-22,0.0,0
12,1559416,Mankitsu Happening,Mankitsu Happening,en,0.6878,,0.0,0
13,1510235,Udaipur Files: Kanhaiya Lal Tailor Murder,Udaipur Files: Kanhaiya Lal Tailor Murder,hi,2.329,2025-08-08,7.0,1
14,1497970,Tom and Jerry: Forbidden Compass,猫和老鼠：星盘奇缘,zh,10.6243,2025-08-02,6.6,56
15,1446746,As One,アズワン／AS ONE,ja,1.3267,2025-08-22,1.0,1
16,1423983,Sham,でっちあげ 〜殺人教師と呼ばれた男,ja,2.4614,2025-06-27,7.0,9
17,1317088,The Assessment,The Assessment,en,8.1878,2025-03-21,6.848,481
18,1307078,My Oxford Year,My Oxford Year,en,8.2143,2025-07-31,7.007,642
0,1618864,Sexo e Destino,Sexo e Destino,pt,1.3436,2026-05-21,0.0,0
1,1473878,Speed Demon,Speed Demon,en,4.0832,2026-05-20,4.833,24
2,1115030,Animal Friends,Animal Friends,en,3.8605,2027-01-21,0.0,0
3,1429348,The Stranger,L'Étranger,fr,7.1715,2025-10-29,6.79,233
4,1470329,Another World,世外,cn,4.4619,2025-10-29,7.4,10
5,1290183,The First Ride,퍼스트 라이드,ko,3.1699,2025-10-29,6.9,11
6,1458914,The Man I Love,The Man I Love,en,3.2007,2027-01-27,0.0,0
7,1445363,EPiC: Elvis Presley in Concert,EPiC: Elvis Presley in Concert,en,8.9624,2026-02-18,8.204,103
8,1320660,Pati Patni Aur Woh Do,पति पत्नी और वो दो,hi,5.9418,2026-05-15,6.0,20
9,1600771,Aakhri Sawal,आखरी सवाल,hi,2.8401,2026-05-15,1.0,1
10,1662414,Propeller One-Way Night Coach,Propeller One-Way Night Coach,en,8.9572,2026-05-15,6.3,54
11,1398486,Maigret and the Dead Lover,Maigret et le mort amoureux,fr,5.9369,2026-02-18,5.986,36
12,1684226,Bride of the Year,Bruid van die Jaar,af,4.7116,2026-05-15,6.958,36
13,1693346,Apple Music Live: Lady Gaga MAYHEM Requiem,Apple Music Live: Lady Gaga MAYHEM Requiem,en,2.9666,2026-05-14,8.236,36
14,1660343,Ghostfluencer,สาปเมือง,th,1.8332,2026-05-14,5.0,1
15,1447971,Scare Out,惊蛰无声,zh,8.4573,2026-02-17,6.25,22
16,1314829,Monkey’s Magic Merry Go Round,Monkey’s Magic Merry Go Round,en,3.0087,2026-05-14,7.939,41
17,1510767,Athiradi,അതിരടി,ml,3.4155,2026-05-14,6.7,16
18,1579138,Siccîn 9,Siccîn 9,tr,4.2969,2026-05-14,2.0,1
19,1528577,Bunny!!,Thỏ Ơi!!,vi,3.6103,2026-02-17,7.0,1
0,1521133,Glory Revenge,空姐復仇記,zh,0.8471,2026-04-24,0.0,0
1,1680985,Test Like You Fly,Test Like You Fly,en,0.8957,2026-04-24,0.0,0
2,244786,Whiplash,Whiplash,en,37.181,2014-10-10,8.376,17089
3,1669051,Kesong Puti,Kesong puti,tl,32.3131,2026-04-24,3.75,4
4,1659193,Instant,Instante,es,3.0719,2026-04-23,2.0,1
5,1561144,Madhuvidhu,മധുവിധു,ml,2.7846,2026-04-23,6.429,7
6,974228,Cotton Queen,ملكة القطن,ar,1.6434,2026-04-23,6.75,4
7,1567711,Love in Curaçao,Verliefd op Curaçao,nl,1.6219,2026-01-29,5.3,8
8,1554882,Nothing to Lose,Nothing to Lose,en,1.1865,2026-04-22,7.0,1
9,1253000,Deathstalker,Deathstalker,en,4.7178,2025-10-10,5.9,82
10,1773511,Pervaneler,Pervaneler,tr,0.2321,2027-01-08,0.0,0
11,149,Akira,AKIRA,ja,24.3211,1988-06-10,7.9,4996
12,1538439,"Come on, Dad! Please!",阿爸請你嘛嘛吼,zh,1.4902,2026-04-19,3.0,1
13,301528,Toy Story 4,Toy Story 4,en,31.6167,2019-06-19,7.464,10991
14,1393728,The Cholesterol Code,The Cholesterol Code,en,1.6858,2026-04-17,8.5,2
15,1177767,Mile End Kicks,Mile End Kicks,en,4.7257,2026-04-17,5.7,37
16,1593275,One Last Love Letter,人はなぜラブレターを書くのか,ja,1.6585,2026-04-17,0.0,0
17,20352,Despicable Me,Despicable Me,en,51.4267,2010-07-08,7.261,16386
18,1930,The Amazing Spider-Man,The Amazing Spider-Man,en,40.8016,2012-06-23,6.763,19113
19,1239134,Bhooth Bangla,भूत बंगला,hi,6.6185,2026-04-16,5.609,64
0,1541485,Welcome to the Countryside,Benvenuti in campagna,it,1.8641,2026-04-16,7.063,8
1,240,The Godfather Part II,The Godfather Part II,en,39.1243,1974-12-20,8.572,14341
2,569094,Spider-Man: Across the Spider-Verse,Spider-Man: Across the Spider-Verse,en,55.6751,2023-05-31,8.35,9260
3,872585,Oppenheimer,Oppenheimer,en,59.7397,2023-07-19,8.023,12507
4,1511057,Roommates,Roommates,en,9.5354,2026-04-13,6.5,168
5,1668178,Ram Naam Satya,राम नाम सत्य,ne,1.2623,2026-04-10,0.0,0
6,1659351,The Caretaker,The Caretaker,en,3.2004,2026-04-10,4.0,2
7,787844,Newborn,Newborn,en,4.3253,2026-04-10,5.375,8
8,1200320,Killing Faith,Killing Faith,en,5.4006,2025-10-03,6.279,70
9,1497464,Gatto,Gatto,en,17.8171,2027-03-03,0.0,0
10,118340,Guardians of the Galaxy,Guardians of the Galaxy,en,21.0411,2014-07-30,7.908,30316
11,475557,Joker,Joker,en,40.3324,2019-10-01,8.116,28330
12,1451078,Raakaasa,రాకాస,te,6.7921,2026-04-03,6.2,19
13,1662599,The Mummy,The Mummy,en,5.4234,2026-04-03,3.4,5
14,1688794,Whale at Bottom of Lippajärvi,Valas Lippajärven Pohjassa,fi,0.5224,2026-04-03,0.0,0
15,1657534,The Caged Butterfly,蝴蝶楼·惊魂,zh,1.7849,2026-04-03,4.7,3
16,1541138,McCartney: The Hunt for the Lost Bass,McCartney: The Hunt for the Lost Bass,en,2.3965,2026-04-02,8.4,4
17,425,Ice Age,Ice Age,en,32.6433,2002-03-14,7.386,14634
18,1319522,Gohan,โกฮัง..หัวใจโกโฮม,th,5.4145,2026-04-02,7.1,14
19,1442608,The Waves Will Carry Us,人生海海,zh,2.1081,2026-04-02,0.0,0
0,787844,Newborn,Newborn,en,4.3253,2026-04-10,5.375,8
1,1200320,Killing Faith,Killing Faith,en,5.4006,2025-10-03,6.279,70
2,1497464,Gatto,Gatto,en,17.8171,2027-03-03,0.0,0
3,102899,Ant-Man,Ant-Man,en,26.318,2015-07-14,7.067,21251
4,118340,Guardians of the Galaxy,Guardians of the Galaxy,en,21.0411,2014-07-30,7.908,30316
5,1049471,Outcome,Outcome,en,12.1637,2026-04-06,5.4,254
6,1451078,Raakaasa,రాకాస,te,6.7921,2026-04-03,6.2,19
7,1662599,The Mummy,The Mummy,en,5.4234,2026-04-03,3.4,5
8,1688794,Whale at Bottom of Lippajärvi,Valas Lippajärven Pohjassa,fi,0.5224,2026-04-03,0.0,0
9,1657534,The Caged Butterfly,蝴蝶楼·惊魂,zh,1.7849,2026-04-03,4.7,3
10,1541138,McCartney: The Hunt for the Lost Bass,McCartney: The Hunt for the Lost Bass,en,2.3965,2026-04-02,8.4,4
11,425,Ice Age,Ice Age,en,32.6433,2002-03-14,7.386,14635
12,1319522,Gohan,โกฮัง..หัวใจโกโฮม,th,5.4145,2026-04-02,7.1,14
13,1442608,The Waves Will Carry Us,人生海海,zh,2.1081,2026-04-02,0.0,0
14,1134517,Streets of Glória,Ruas da Glória,pt,1.9095,2026-04-02,6.0,4
15,1627926,Star Cash,Star Cash,en,1.8111,2026-04-01,0.0,0
16,1480608,Lapönia,Lapönia,es,1.9292,2026-04-01,5.25,16
17,1523067,Scuola di seduzione,Scuola di seduzione,it,2.2192,2026-04-01,5.56,42
18,1545953,Mayumi,Mayumi,tl,0.9685,2025-09-26,6.7,6
19,1601243,Oscar Shaw,Oscar Shaw,en,12.0822,2026-01-09,6.684,38
0,1657534,The Caged Butterfly,蝴蝶楼·惊魂,zh,1.7849,2026-04-03,4.7,3
1,1541138,McCartney: The Hunt for the Lost Bass,McCartney: The Hunt for the Lost Bass,en,2.3965,2026-04-02,8.4,4
2,1319522,Gohan,โกฮัง..หัวใจโกโฮม,th,5.4145,2026-04-02,7.1,14
3,1442608,The Waves Will Carry Us,人生海海,zh,2.1081,2026-04-02,0.0,0
4,1134517,Streets of Glória,Ruas da Glória,pt,1.9095,2026-04-02,6.0,4
5,1627926,Star Cash,Star Cash,en,1.8111,2026-04-01,0.0,0
6,1480608,Lapönia,Lapönia,es,1.9292,2026-04-01,5.25,16
7,1523067,Scuola di seduzione,Scuola di seduzione,it,2.2192,2026-04-01,5.56,42
8,1545953,Mayumi,Mayumi,tl,0.9685,2025-09-26,6.7,6
9,1601243,Oscar Shaw,Oscar Shaw,en,12.0822,2026-01-09,6.684,38
10,76600,Avatar: The Way of Water,Avatar: The Way of Water,en,48.1363,2022-12-14,7.584,14638
11,1530875,All the Devils Are Here,All the Devils Are Here,en,3.7215,2025-09-25,6.222,90
12,1706637,Maple Leaf Pro Wrestling: Uprising 2026,Maple Leaf Pro Wrestling: Uprising 2026,en,1.4998,2026-03-28,0.0,0
13,587792,Palm Springs,Palm Springs,en,12.6983,2020-07-10,7.339,3888
14,1465717,Underland,Underland,en,1.9514,2026-03-27,5.333,3
15,1658896,Breach,Breach,en,3.9259,2026-03-27,6.1,4
16,1474294,The God of Love,Il Dio dell'Amore,it,2.4471,2026-03-26,5.891,23
17,1510003,Invisibles,Invisibles,fr,2.872,2026-03-25,0.0,0
18,502356,The Super Mario Bros. Movie,The Super Mario Bros. Movie,en,45.3388,2023-04-05,7.594,11137
19,27205,Inception,Inception,en,64.6449,2010-07-15,8.374,40211
0,1451078,Raakaasa,రాకాస,te,6.7921,2026-04-03,6.2,19
1,1662599,The Mummy,The Mummy,en,5.4234,2026-04-03,3.4,5
2,1688794,Whale at Bottom of Lippajärvi,Valas Lippajärven Pohjassa,fi,0.5224,2026-04-03,0.0,0
3,1657534,The Caged Butterfly,蝴蝶楼·惊魂,zh,1.7849,2026-04-03,4.7,3
4,1319522,Gohan,โกฮัง..หัวใจโกโฮม,th,5.4145,2026-04-02,7.1,14
5,1442608,The Waves Will Carry Us,人生海海,zh,2.1081,2026-04-02,0.0,0
6,1134517,Streets of Glória,Ruas da Glória,pt,1.9095,2026-04-02,6.0,4
7,1627926,Star Cash,Star Cash,en,1.8111,2026-04-01,0.0,0
8,460458,Resident Evil: Welcome to Raccoon City,Resident Evil: Welcome to Raccoon City,en,55.3351,2021-11-24,5.925,2789
9,1480608,Lapönia,Lapönia,es,1.9292,2026-04-01,5.25,16
10,1523067,Scuola di seduzione,Scuola di seduzione,it,2.2192,2026-04-01,5.536,42
11,1545953,Mayumi,Mayumi,tl,0.9685,2025-09-26,6.7,6
12,284052,Doctor Strange,Doctor Strange,en,32.5503,2016-10-25,7.426,23927
13,1601243,Oscar Shaw,Oscar Shaw,en,12.0822,2026-01-09,6.684,38
14,76600,Avatar: The Way of Water,Avatar: The Way of Water,en,48.1363,2022-12-14,7.584,14638
15,1530875,All the Devils Are Here,All the Devils Are Here,en,3.7215,2025-09-25,6.222,90
16,1706637,Maple Leaf Pro Wrestling: Uprising 2026,Maple Leaf Pro Wrestling: Uprising 2026,en,1.4998,2026-03-28,0.0,0
17,1465717,Underland,Underland,en,1.9514,2026-03-27,5.333,3
18,1658896,Breach,Breach,en,3.9259,2026-03-27,6.1,4
19,10193,Toy Story 3,Toy Story 3,en,36.6607,2010-06-16,7.816,16233
0,1125257,Freakier Friday,Freakier Friday,en,19.7923,2025-08-06,6.8,796
1,1109255,Parthenope,Parthenope,it,10.1826,2024-10-24,6.666,791
2,1108336,Wild Diamond,Diamant brut,fr,3.154,2024-10-09,6.42,106
3,1098378,Your Monster,Your Monster,en,4.251,2024-10-25,6.6,126
4,1095604,Kata,Kata,hu,0.5745,,0.0,0
5,1093237,Hurry Up Tomorrow,Hurry Up Tomorrow,en,5.999,2025-05-14,4.981,183
6,1091291,Easy's Waltz,Easy's Waltz,en,1.8159,2025-09-11,2.0,1
7,1090869,The Lord of the Rings: The Hunt for Gollum,The Lord of the Rings: The Hunt for Gollum,en,4.0156,2027-12-15,0.0,0
8,1075676,Uprising,"전,란",ko,4.7744,2024-10-02,7.018,223
9,1063738,White River,燕交,zh,3.2213,2025-01-15,3.5,5
10,986097,HIM,HIM,en,9.8903,2025-09-18,5.6,458
11,962640,K.G.F: Chapter 3,K.G.F: Chapter 3,kn,4.6837,,0.0,0
12,957119,Sidelined: The QB and Me,Sidelined: The QB and Me,en,12.8693,2024-10-29,6.5,403
13,945956,I Am Legend 2,I Am Legend 2,en,2.741,,0.0,0
14,846586,Việt and Nam,Trong lòng đất,vi,2.0673,2024-09-25,6.929,21
15,839033,The Lord of the Rings: The War of the Rohirrim,The Lord of the Rings: The War of the Rohirrim,en,18.236,2024-12-05,6.519,936
16,748230,Salem's Lot,Salem's Lot,en,10.2111,2024-10-03,5.968,739
17,717196,Niko: Beyond the Northern Lights,Niko ja myrskyporojen arvoitus,fi,9.9403,2024-10-07,7.311,45
18,516729,Paddington in Peru,Paddington in Peru,en,15.9232,2024-11-08,6.8,748
19,338969,The Toxic Avenger Unrated,The Toxic Avenger Unrated,en,9.5065,2025-08-28,5.94,441
0,1656034,Pokémon feat. Hatsune Miku VOLTAGE Live!,ポケモン feat. 初音ミク VOLTAGE Live,ja,0.5201,2026-03-22,0.0,0
1,1630433,The Red Line,เส้นตาย สายลวง,th,7.0415,2026-03-22,6.825,80
2,1774620,A Forged Game,A Forged Game,en,0.0,,0.0,0
3,1774271,“没有信号”郑州场,“没有信号”郑州场,zh,0.0071,,0.0,0
4,1771876,"Big Thief - Live at The Opera House at 7A Ranch, Wimberley, TX, Nov 6, 2025","Big Thief - Live at The Opera House at 7A Ranch, Wimberley, TX, Nov 6, 2025",en,0.1836,2026-09-19,0.0,0
5,1771120,Chien bleu et autres belles histoires de l'école des loisirs,Chien bleu et autres belles histoires de l'école des loisirs,fr,0.6378,2026-09-16,0.0,0
6,1721762,Grandiose,Grandiose,fr,1.7733,,0.0,0
7,1655440,matricide,matricide,hu,0.4194,,0.0,0
8,1625381,Heart Eyes 2,Heart Eyes 2,en,1.2945,2028-02-04,0.0,0
9,1614818,6 portraits néoréalistes,6 portraits néoréalistes,en,0.8312,,0.0,0
10,1591771,Zootopia 3,Zootopia 3,en,4.6697,,0.0,0
11,1577235,The Second Bird,The Second Bird,en,1.2721,,0.0,0
12,1566991,Grown Ups 3,Grown Ups 3,en,2.6632,,0.0,0
13,1566209,No Sight,No Sight,en,1.206,,6.667,3
14,1558343,Hancock Park,Hancock Park,en,2.0372,2025-04-25,0.0,0
15,1542277,Weak Hero Class 2,Weak Hero Class 2,ko,0.5361,2025-09-06,5.0,1
16,1524477,Le grand concert du Philharmonique de Vienne au Palais Garnier,Le grand concert du Philharmonique de Vienne au Palais Garnier,fr,1.0461,2025-05-30,9.0,2
17,1496735,Genshin Impact: Star Odyssey,原神：尘间星旅,zh,3.0985,2025-06-12,7.0,1
18,1471937,The Last Class,The Last Class,en,1.2656,2025-06-27,10.0,1
0,748230,Salem's Lot,Salem's Lot,en,10.2111,2024-10-03,5.966,740
1,717196,Niko: Beyond the Northern Lights,Niko ja myrskyporojen arvoitus,fi,9.9403,2024-10-07,7.311,45
2,516729,Paddington in Peru,Paddington in Peru,en,15.9232,2024-11-08,6.8,748
3,338969,The Toxic Avenger Unrated,The Toxic Avenger Unrated,en,9.5065,2025-08-28,5.94,441
4,1628522,Two for Tee,Two for Tee,en,3.3658,2026-03-21,6.778,8
5,1184941,Blue Heron,Blue Heron,en,4.4308,2026-03-21,6.636,44
6,1513996,Maya & Samar,Maya & Samar,en,2.8091,2026-03-20,7.857,7
7,1274134,I Live Here Now,I Live Here Now,en,2.7405,2026-03-20,2.5,2
8,1464099,Ethan Bloom,Ethan Bloom,en,2.2399,2026-03-19,0.0,0
9,1288438,Godzilla x Kong: Supernova,Godzilla x Kong: Supernova,en,4.5141,2027-03-25,0.0,0
10,1589775,Wait For Me To Be Successful Later,Tunggu Aku Sukses Nanti,id,4.0586,2026-03-18,6.5,5
11,283995,Guardians of the Galaxy Vol. 2,Guardians of the Galaxy Vol. 2,en,35.8242,2017-04-25,7.61,23448
12,1666186,My Stepdaughter's Big Tits,My Stepdaughter's Big Tits,en,0.8754,2026-03-17,0.0,0
13,76341,Mad Max: Fury Road,Mad Max: Fury Road,en,66.6892,2015-05-13,7.639,24626
14,1340110,Redux Redux,Redux Redux,en,7.2987,2025-12-28,6.678,230
15,1648760,The Seemingly Perfect Family,The Seemingly Perfect Family,en,6.4065,2026-03-15,6.0,1
16,1115544,Mike & Nick & Nick & Alice,Mike & Nick & Nick & Alice,en,14.7252,2026-03-14,6.682,459
17,1464544,Sender,Sender,en,3.0531,2026-03-14,0.0,0
18,1229930,Stormbound,Stormbound,en,2.6193,2026-03-14,0.0,0
19,1397201,Golden Kamuy -The Abashiri Prison Raid-,ゴールデンカムイ 網走監獄襲撃編,ja,5.9884,2026-03-13,7.357,35
0,1493859,Pizza Movie,Pizza Movie,en,10.5954,2026-03-13,6.356,156
1,1633264,Louis Theroux: Inside the Manosphere,Louis Theroux: Inside the Manosphere,en,6.1997,2026-03-10,6.647,150
2,550,Fight Club,Fight Club,en,52.6281,1999-10-15,8.437,32886
3,14836,Coraline,Coraline,en,41.363,2009-02-05,7.939,9436
4,1645614,The Righteous,Los justos,es,6.5001,2026-03-09,5.4,10
5,36557,Casino Royale,Casino Royale,en,22.7744,2006-11-14,7.575,12006
6,1644807,Harry Styles. One Night in Manchester.,Harry Styles. One Night in Manchester.,en,2.7806,2026-03-08,7.615,13
7,1309083,Dolly,Dolly,en,12.0914,2026-03-06,5.725,233
8,35791,Resident Evil: Afterlife,Resident Evil: Afterlife,en,1.0302,2010-09-01,6.057,4343
9,920708,Vāranāsi,వారణాసి,te,3.499,2027-04-07,0.0,0
10,1472636,A Beautiful Day,Un bel giorno,it,2.8603,2026-03-05,5.847,108
11,569094,Spider-Man: Across the Spider-Verse,Spider-Man: Across the Spider-Verse,en,55.6751,2023-05-31,8.35,9260
12,49026,The Dark Knight Rises,The Dark Knight Rises,en,50.642,2012-07-17,7.798,24960
13,875828,Peaky Blinders: The Immortal Man,Peaky Blinders: The Immortal Man,en,22.7678,2026-03-05,7.178,1223
14,1315657,Yellow Letters,Gelbe Briefe,de,7.304,2026-03-05,7.3,44
15,534993,Petta,பேட்ட,ta,2.395,2019-01-10,7.221,95
16,1101644,When We Get There,When We Get There,en,2.5458,2026-03-03,4.6,5
17,372058,Your Name.,君の名は。,ja,28.9668,2016-07-01,8.487,13002
18,1650175,Goldmine,Goldmine,en,3.0818,2026-03-01,0.0,0
19,566525,Shang-Chi and the Legend of the Ten Rings,Shang-Chi and the Legend of the Ten Rings,en,31.0856,2021-09-01,7.486,10741
0,324849,The Lego Batman Movie,The Lego Batman Movie,en,18.5672,2017-02-08,7.3,5569
1,1517305,The Napa Boys,The Napa Boys,en,2.7155,2026-02-27,5.0,5
2,1451867,Ghost Elephants,Ghost Elephants,en,10.2287,2026-02-27,7.6,64
3,269149,Zootopia,Zootopia,en,41.7379,2016-02-11,7.766,18531
4,1381151,Holy Days,Holy Days,en,3.7965,2026-02-26,6.6,10
5,1606251,Keo - Live at Village Underground,Keo - Live at Village Underground,en,0.812,2026-02-25,0.0,0
6,1451117,Weightless,Vægtløs,da,2.8773,2026-02-26,6.2,5
7,1163940,Crocodile Tears,Air Mata Buaya,id,2.6469,2026-02-26,7.3,3
8,15136,So Close,夕陽天使,cn,4.8034,2002-05-14,6.895,256
9,1368830,Chers parents,Chers parents,fr,2.5332,2026-02-25,6.157,54
10,1542309,O Coreto,O Coreto,pt,2.6332,2025-12-11,0.0,0
11,1043197,Dust Bunny,Dust Bunny,en,9.7031,2025-12-11,6.677,408
12,278,The Shawshank Redemption,The Shawshank Redemption,en,78.5478,1994-09-23,8.731,31360
13,207,Dead Poets Society,Dead Poets Society,en,34.313,1989-06-02,8.297,12970
14,597,Titanic,Titanic,en,45.7063,1997-12-18,7.9,27755
15,1267998,The Lightkeeper,The Lightkeeper,en,2.7731,2026-02-21,0.0,0
16,1579316,Man Up!,Mand op!,da,3.0531,2025-12-08,5.7,3
17,564,The Mummy,The Mummy,en,33.6902,1999-04-16,6.993,10386
18,1421552,Panda Plan: The Magical Tribe,熊猫计划之部落奇遇记,zh,6.7426,2026-02-17,6.281,16
19,799882,The Bluff,The Bluff,en,19.1411,2026-02-17,6.761,224
0,1548113,The Muppet Show,The Muppet Show,en,9.3624,2026-02-03,7.19,121
1,559,Spider-Man 3,Spider-Man 3,en,40.6393,2007-05-01,6.483,15782
2,985939,Fall,Fall,en,32.8952,2022-08-11,7.142,4876
3,1892,Return of the Jedi,Return of the Jedi,en,19.6768,1983-05-25,7.912,17311
4,1398014,Prakambanam,പ്രകമ്പനം,ml,2.831,2026-01-30,4.889,9
5,1547844,"Tuhan, Benarkah Kau Mendengarku?","Tuhan, Benarkah Kau Mendengarku?",id,3.4597,2026-01-29,4.0,2
6,1278853,Woodwalkers 2,Woodwalkers 2,de,3.7041,2026-01-29,6.9,17
7,1376838,A Sad and Beautiful World,نجوم الأمل و الألم,ar,2.2692,2026-01-29,7.471,17
8,1510543,Princess Stella,Princezna stokrát jinak,cs,2.3189,2026-01-29,7.0,2
9,1473635,Things We Don't Say,Le cose non dette,it,3.3859,2026-01-29,6.9,157
10,245891,John Wick,John Wick,en,21.5867,2014-10-16,7.463,21340
11,414419,Kill Bill: The Whole Bloody Affair,Kill Bill: The Whole Bloody Affair,en,18.5332,2011-03-27,8.113,1421
12,283995,Guardians of the Galaxy Vol. 2,Guardians of the Galaxy Vol. 2,en,35.8242,2017-04-25,7.61,23448
13,1596276,To Hold a Mountain,Planina,sr,3.93,2026-01-26,8.0,1
14,1225857,Be A Good Guy,乌龙大侠,zh,1.1913,2021-12-09,0.0,0
15,1214368,Golmaal 5,गोलमाल 5,hi,4.9371,2027-01-08,0.0,0
16,76341,Mad Max: Fury Road,Mad Max: Fury Road,en,66.6892,2015-05-13,7.639,24626
17,2501,The Bourne Identity,The Bourne Identity,en,19.7227,2002-06-14,7.486,10383
18,8077,Alien³,Alien³,en,13.1431,1992-05-22,6.392,6584
19,620,Ghostbusters,Ghostbusters,en,21.8084,1984-06-08,7.497,9992
0,1528547,Assassination: 1932,暗杀1932,zh,2.6052,2026-02-12,7.0,2
1,1054493,Pennum Porattum,പെണ്ണും പൊറാട്ടും,ml,2.7703,2026-02-13,5.75,4
2,1243460,Joe's College Road Trip,Joe's College Road Trip,en,5.3448,2026-02-12,6.042,72
3,106,Predator,Predator,en,26.7216,1987-06-12,7.582,9510
4,1363620,The Undertaker 2: Afterlife,สัปเหร่อ 2 โลกหลังความตาย,th,2.7561,2026-02-12,7.4,7
5,1395353,Gioia,La gioia,it,3.4935,2026-02-12,6.7,36
6,98,Gladiator,Gladiator,en,41.2477,2000-05-04,8.231,21500
7,460458,Resident Evil: Welcome to Raccoon City,Resident Evil: Welcome to Raccoon City,en,55.3351,2021-11-24,5.925,2789
8,124905,Godzilla,Godzilla,en,20.5967,2014-05-14,6.367,10016
9,1429520,Sidelined 2: Intercepted,Sidelined 2: Intercepted,en,7.6865,2025-11-27,7.091,132
10,1457734,God Will Not Help,Bog neće pomoći,hr,1.9654,2025-11-27,8.0,2
11,244786,Whiplash,Whiplash,en,37.181,2014-10-10,8.376,17089
12,1251900,The Shrine,신사: 악귀의 속삭임,ko,2.5833,2026-02-06,2.7,3
13,1400731,André Is an Idiot,André Is an Idiot,en,2.5272,2026-02-06,7.3,14
14,146233,Prisoners,Prisoners,en,26.3904,2013-09-19,8.105,13502
15,4232,Scream,Scream,en,23.3075,1996-12-20,7.435,8231
16,1616659,"The Day, December 3, 2024 'Fabricated Insurrection, Hidden Truth'","2024.12.03 그날 조작된 내란, 감춰진 진실",ko,1.1829,2026-02-04,5.0,1
17,1430820,At Work,À pied d’œuvre,fr,2.927,2026-02-04,6.6,76
18,10193,Toy Story 3,Toy Story 3,en,36.6607,2010-06-16,7.816,16233
19,1686087,Love at What Co$t,Love at What Co$t,en,1.1849,2026-02-03,0.0,0
0,1225857,Be A Good Guy,乌龙大侠,zh,1.1913,2021-12-09,0.0,0
1,2501,The Bourne Identity,The Bourne Identity,en,19.7227,2002-06-14,7.486,10383
2,1577,Resident Evil: Apocalypse,Resident Evil: Apocalypse,en,11.8954,2004-09-10,6.367,4928
3,1263037,Cheekatilo,చీకటిలో,te,2.4139,2026-01-23,5.0,10
4,1357449,Idols,Ídolos,es,3.628,2026-01-23,6.788,59
5,670,Oldboy,올드보이,ko,19.2113,2003-11-21,8.235,10208
6,1592461,Hologram,Holograma,lt,1.8209,2026-01-22,0.0,0
7,1389450,Lefty,Левша,ru,1.4835,2026-01-22,5.917,6
8,616037,Thor: Love and Thunder,Thor: Love and Thunder,en,31.038,2022-07-06,6.359,8955
9,351286,Jurassic World: Fallen Kingdom,Jurassic World: Fallen Kingdom,en,27.6824,2018-06-06,6.524,13006
10,1630849,夫の目の前で犯●れて- 若妻の儚い希望SHKD-367大橋未久,夫の目の前で犯●れて- 若妻の儚い希望SHKD-367大橋未久,zh,0.6432,,0.0,0
11,1396608,The Non-Actor,The Non-Actor,en,3.1403,2025-02-02,6.208,12
12,1319969,Sketch,Sketch,en,5.6773,2025-07-28,7.084,138
13,1238253,Die Polizistin und die Sprache des Todes,Die Polizistin und die Sprache des Todes,de,1.1349,2024-09-21,4.0,2
14,1182831,Sacrifice,Sacrifice,en,2.6466,2025-09-01,0.0,0
15,661539,A Complete Unknown,A Complete Unknown,en,18.7694,2024-12-25,7.062,1565
16,1630746,The Strangers,The Strangers,en,2.7941,2026-01-16,7.667,3
17,671,Harry Potter and the Philosopher's Stone,Harry Potter and the Philosopher's Stone,en,61.722,2001-11-16,7.903,30250
18,1395839,The Curse,ザ・カース,ja,3.8984,2026-01-16,5.5,2
19,72190,World War Z,World War Z,en,30.5918,2013-06-19,6.851,17048
0,1388440,Masha and the Bear: Wonder Park,Маша и Медведь в кино: Парк чудес,ru,1.4126,2026-01-16,0.0,0
1,1573126,Gealtra,Gealtra,ga,2.7099,2025-11-07,0.0,0
2,1325678,Sarah's Oil,Sarah's Oil,en,11.9195,2025-11-06,7.923,143
3,1326056,404 Still Remain,너와 나의 5분,ko,1.835,2025-11-05,8.0,1
4,277834,Moana,Moana,en,8.7321,2016-10-13,7.6,14030
5,150540,Inside Out,Inside Out,en,52.0509,2015-06-17,7.906,23897
6,1432547,ALL YOU NEED IS KILL,ALL YOU NEED IS KILL,ja,4.3702,2026-01-09,6.389,36
7,4935,Howl's Moving Castle,ハウルの動く城,ja,39.9577,2004-09-09,8.387,11447
8,38,Eternal Sunshine of the Spotless Mind,Eternal Sunshine of the Spotless Mind,en,27.6892,2004-03-19,8.089,16740
9,489,Good Will Hunting,Good Will Hunting,en,26.946,1997-12-05,8.167,14312
10,603692,John Wick: Chapter 4,John Wick: Chapter 4,en,37.7206,2023-03-21,7.712,8296
11,1091,The Thing,The Thing,en,20.9022,1982-06-25,8.074,8256
12,1034716,People We Meet on Vacation,People We Meet on Vacation,en,8.7809,2026-01-06,6.966,728
13,1180417,The Dutchman,The Dutchman,pt,3.8659,2026-01-02,5.2,58
14,58,Pirates of the Caribbean: Dead Man's Chest,Pirates of the Caribbean: Dead Man's Chest,en,45.5708,2006-07-06,7.39,17589
15,22,Pirates of the Caribbean: The Curse of the Black Pearl,Pirates of the Caribbean: The Curse of the Black Pearl,en,43.2927,2003-07-09,7.835,22772
16,1269399,Holy Meat,Holy Meat,de,2.1866,2026-01-01,8.0,3
17,1689569,Kylgor in the Grisly Abyss,Kylgor in the Grisly Abyss,en,1.1431,2026-01-01,0.0,0
18,1701682,Miasma,Miasma,en,1.8324,2026-01-01,0.0,0
19,1458319,How to Train Your Dragon 2,How to Train Your Dragon 2,en,3.6098,2027-06-10,0.0,0
0,650524,Back to the Past,尋秦記,cn,6.2255,2025-12-31,6.0,29
1,953,Madagascar,Madagascar,en,25.9208,2005-05-25,6.931,12005
2,447365,Guardians of the Galaxy Vol. 3,Guardians of the Galaxy Vol. 3,en,46.1795,2023-05-03,7.932,8827
3,1549292,LEGO Frozen: Operation Puffins,LEGO Frozen: Operation Puffins,en,3.188,2025-10-23,6.327,26
4,1588858,Aliwan Inn,Aliwan Inn,tl,4.358,2025-12-26,8.0,3
5,1622465,VCR Willie: Tape 1,VCR Willie: Tape 1,en,1.3865,2025-12-27,1.0,1
6,1473354,Sarvam Maya,സർവം മായ,ml,3.0666,2025-12-25,7.9,35
7,207703,Kingsman: The Secret Service,Kingsman: The Secret Service,en,31.0075,2015-01-24,7.617,18160
8,1359,American Psycho,American Psycho,en,24.7183,2000-04-13,7.401,12732
9,1518752,Team Building,Корпорат,uk,1.9328,2025-12-25,0.0,0
10,1367555,Mother Bhumi,Mother Bhumi,ms,6.9152,2025-12-19,8.4,6
11,1537396,Love is Hard,情圣3,zh,3.0825,2025-12-20,5.143,7
12,1221973,Untitled Ocean's Prequel,Untitled Ocean's Prequel,en,2.5938,2027-06-23,0.0,0
13,1400032,10DANCE,10DANCE,ja,5.0331,2025-12-17,7.576,125
14,496243,Parasite,기생충,ko,40.0215,2019-05-30,8.49,21329
15,8966,Twilight,Twilight,en,28.7934,2008-11-20,6.3,14676
16,324552,John Wick: Chapter 2,John Wick: Chapter 2,en,30.7457,2017-02-08,7.346,14618
17,1016069,Rally - From Paris to the Pyramids,Flåklypa - fra Paris til Pyramidene,no,2.936,2025-12-14,6.4,5
18,1893,Star Wars: Episode I - The Phantom Menace,Star Wars: Episode I - The Phantom Menace,en,21.9853,1999-05-19,6.583,16215
19,1602118,Comandante,Comandante,pt,1.8577,2025-12-12,0.0,0
0,1591363,好想大声说我爱你,好想大声说我爱你,zh,0.926,2025-12-13,0.0,0
1,1592380,Devoted Heart,Devoted Heart,en,1.9956,2025-12-12,0.0,0
2,1503040,Romantic Killer,ロマンティック・キラー,ja,1.4356,2025-12-12,4.7,3
3,1440456,Juste Xavier,Juste Xavier,fr,1.6305,2025-12-12,0.0,0
4,1379963,Tell Me Softly,Dímelo bajito,es,19.1653,2025-12-11,6.294,206
5,1510325,Sweetheart,Gioia mia,it,4.3804,2025-12-11,6.6,81
6,9360,Anaconda,Anaconda,en,12.325,1997-04-11,5.284,2897
7,1397364,La Grazia,La grazia,it,4.8173,2025-12-05,7.306,444
8,339849,Not Without Hope,Not Without Hope,en,6.718,2025-12-04,6.761,132
9,1559659,The World of Hans Zimmer – A New Dimension,The World of Hans Zimmer – A New Dimension,en,1.4817,2025-12-04,0.0,0
10,128,Princess Mononoke,もののけ姫,ja,25.9436,1997-07-12,8.321,9297
11,1590995,The Silent Oath,The Silent Oath,xx,0.7462,2025-12-02,10.0,1
12,12429,Ponyo,崖の上のポニョ,ja,12.4266,2008-07-19,7.763,4975
13,1724,The Incredible Hulk,The Incredible Hulk,en,36.3043,2008-06-12,6.261,13144
14,9799,The Fast and the Furious,The Fast and the Furious,en,2.3607,2001-06-22,7.016,11134
15,1180831,Troll 2,Troll 2,no,10.8647,2025-11-30,6.325,530
16,1396088,Meadowlarks,Meadowlarks,en,2.1108,2025-11-28,5.0,1
17,1858,Transformers,Transformers,en,7.8364,2007-06-27,6.847,12535
18,1424569,Satanic Sow,Satanische Sau,de,1.1805,2025-11-27,0.0,0
19,1891,The Empire Strikes Back,The Empire Strikes Back,en,20.756,1980-05-20,8.393,18857
0,49521,Man of Steel,Man of Steel,en,30.2052,2013-06-12,6.66,16603
1,713704,Evil Dead Rise,Evil Dead Rise,en,30.6164,2023-04-12,6.965,3990
2,1125043,The Shepherd and the Bear,The Shepherd and the Bear,en,1.567,2025-11-21,7.0,2
3,1574164,And So the Night Fell,Así chegou a noite,es,2.1884,2025-11-21,3.0,2
4,1732485,3: The Movie,3: The Movie,en,0.5934,,0.0,0
5,1594572,Hatsune Miku: Magical Mirai 2025,初音ミク マジカルミライ 2025,ja,1.489,2025-08-31,0.0,0
6,1573420,Airbourne Live at Hellfest 2025,Airbourne Live at Hellfest 2025,en,0.9213,2025-06-19,9.0,1
7,1526225,Whistle,Whistle,en,2.8351,2025-09-05,10.0,1
8,1518465,faguokongjie,faguokongjie,fr,0.6072,,0.0,0
9,1512010,Parasomnia,Parasomnia,en,3.5596,2025-08-22,6.5,6
10,1472537,The Blind Reaper,盲杀,zh,1.5058,2025-04-29,6.0,2
11,1453684,Zakir Khan: Delulu Express,Zakir Khan: Delulu Express,hi,1.2973,2025-03-27,6.8,5
12,1442761,Slayground,Slayground,en,2.3948,,0.0,0
13,1416893,What Marielle Knows,Was Marielle weiß,de,4.457,2025-04-17,6.4,14
14,1395426,Deeper,Deeper,en,1.3291,,0.0,0
15,1389764,Batman: Knightfall Part 3: KnightsEnd,Batman: Knightfall Part 3: KnightsEnd,en,1.9772,,0.0,0
16,1388874,Boss Ma'am,Boss Ma'am,tl,3.4561,2024-11-26,6.667,12
17,1337562,Splitsville,Splitsville,en,6.3409,2025-08-21,6.313,260
18,1322752,COLORFUL STAGE! The Movie: A Miku Who Can't Sing,劇場版プロジェクトセカイ 壊れたセカイと歌えないミク,ja,5.214,2025-01-17,8.158,60
0,1472537,The Blind Reaper,盲杀,zh,1.5058,2025-04-29,6.0,2
1,1453684,Zakir Khan: Delulu Express,Zakir Khan: Delulu Express,hi,1.2973,2025-03-27,6.8,5
2,1442761,Slayground,Slayground,en,2.3948,,0.0,0
3,1416893,What Marielle Knows,Was Marielle weiß,de,4.457,2025-04-17,6.4,14
4,1395426,Deeper,Deeper,en,1.3291,,0.0,0
5,1389764,Batman: Knightfall Part 3: KnightsEnd,Batman: Knightfall Part 3: KnightsEnd,en,1.9772,,0.0,0
6,1388874,Boss Ma'am,Boss Ma'am,tl,3.4561,2024-11-26,6.667,12
7,1337562,Splitsville,Splitsville,en,6.3409,2025-08-21,6.313,260
8,1322752,COLORFUL STAGE! The Movie: A Miku Who Can't Sing,劇場版プロジェクトセカイ 壊れたセカイと歌えないミク,ja,5.214,2025-01-17,8.158,60
9,1321624,731,731,zh,3.3627,2025-09-18,5.4,25
10,1319443,Holiday Touchdown: A Chiefs Love Story,Holiday Touchdown: A Chiefs Love Story,en,2.1972,2024-11-30,6.788,33
11,1311098,Solastalgia,파랗고 찬란한,ko,0.9491,2024-11-13,0.0,0
12,1298547,Paying for It,Paying for It,en,2.6664,2025-01-31,6.7,15
13,1258151,Kraken,Кракен,ru,4.0473,2025-04-17,6.833,108
14,1235922,I Am Nevenka,Soy Nevenka,es,2.5134,2024-09-27,6.934,76
15,1212337,September Says,September Says,en,1.8148,2025-02-19,6.946,28
16,1208808,Night Shift,Turno nocturno,es,5.5934,2024-12-05,6.403,196
17,1188968,What Should We Have Done?,どうすればよかったか？,ja,0.9329,2024-12-07,8.1,4
18,1181540,Guns Up,Guns Up,en,8.1423,2025-05-15,6.484,247
19,1153399,Coolie,கூலி,ta,5.0581,2025-08-13,6.153,95
0,1142149,The Girl Who Cried Pearls,La jeune fille qui pleurait des perles,fr,5.539,2025-06-08,7.375,52
1,993710,Back in Action,Back in Action,en,18.6451,2025-01-15,6.429,1574
2,835113,Woman of the Hour,Woman of the Hour,en,8.5777,2024-10-03,6.388,1099
3,755679,Fast Forever,Fast Forever,en,16.289,2028-03-16,0.0,0
4,710295,Wolf Man,Wolf Man,en,12.5625,2025-01-15,6.138,1057
5,592831,Megalopolis,Megalopolis,en,9.8497,2024-09-25,5.165,1056
6,13494,Red Sonja,Red Sonja,en,6.6383,2025-07-31,5.601,273
7,1448028,Masha and the Bears,Маша и Медведи,ru,2.2352,2025-11-20,7.0,1
8,324857,Spider-Man: Into the Spider-Verse,Spider-Man: Into the Spider-Verse,en,50.4155,2018-12-06,8.401,17884
9,44912,Green Lantern,Green Lantern,en,24.8936,2011-06-14,5.2,7853
10,807,Se7en,Se7en,en,40.0254,1995-09-22,8.381,23798
11,1522027,Son of Sara: Volume 1,Son of Sara: Volume 1,en,2.6517,2025-11-17,6.2,7
12,1501239,Can't Cry with Your Face,君の顔では泣けない,ja,1.5647,2025-11-14,7.0,1
13,138843,The Conjuring,The Conjuring,en,40.1567,2013-07-18,7.542,13067
14,1059007,Agra,Agra,hi,3.4879,2025-11-14,5.0,5
15,1310568,Murder at the Embassy,Murder at the Embassy,en,5.3487,2025-11-14,6.039,64
16,1324923,A Quiet Place Part III,A Quiet Place Part III,en,3.2299,2027-07-28,0.0,0
17,14919,Batman: Mask of the Phantasm,Batman: Mask of the Phantasm,en,9.2144,1993-12-25,7.5,1297
18,1319482,Traumatika,Traumatika,en,3.1148,2025-11-13,5.214,14
19,1384107,Drained by Dreams,빨대,ko,0.9139,2025-11-12,0.0,0
0,37799,The Social Network,The Social Network,en,20.7761,2010-10-01,7.377,13515
1,1439112,Muzzle: City of Wolves,Muzzle: City of Wolves,en,10.2678,2025-11-13,6.642,159
2,1143973,My Tennis Maestro,Il Maestro,it,2.5538,2025-11-13,6.3,117
3,12445,Harry Potter and the Deathly Hallows: Part 2,Harry Potter and the Deathly Hallows: Part 2,en,45.5437,2011-07-12,8.081,22453
4,505642,Black Panther: Wakanda Forever,Black Panther: Wakanda Forever,en,35.6256,2022-11-09,6.992,7783
5,111,Scarface,Scarface,en,31.3801,1983-12-09,8.152,13434
6,106646,The Wolf of Wall Street,The Wolf of Wall Street,en,37.6748,2013-12-25,8.027,26544
7,1353847,Ruthless Bastards,Ruthless Bastards,en,2.7696,2025-11-11,5.3,8
8,1215638,Checkered Ninja 3,Ternet Ninja 3,da,5.7855,2025-08-21,8.4,32
9,37165,The Truman Show,The Truman Show,en,31.4186,1998-06-04,8.159,20862
10,940721,Godzilla Minus One,ゴジラ-1.0,ja,23.8008,2023-11-03,7.602,3421
11,1549512,Nympho,Nympho,tl,4.6764,2025-11-07,7.48,51
12,406,La Haine,La Haine,fr,10.6893,1995-05-31,8.083,4699
13,1262815,The Choral,The Choral,en,6.3781,2025-11-07,6.459,61
14,1136736,Lust Stories 2,Lust Stories 2,hi,10.5261,2023-06-29,5.6,61
15,1339206,The Surrender,The Surrender,en,4.8077,2025-11-06,5.891,64
16,122906,About Time,About Time,en,20.7237,2013-09-04,7.903,9502
17,10315,Fantastic Mr. Fox,Fantastic Mr. Fox,en,16.9439,2009-10-14,7.826,6319
18,1288599,A Family Upside Down,Una famiglia sottosopra,it,1.6882,2025-11-06,5.5,23
19,1290424,The Great Arch,L'Inconnu de la Grande Arche,fr,6.3776,2025-11-05,6.926,121
0,497698,Black Widow,Black Widow,en,29.6193,2021-07-07,7.149,11620
1,77,Memento,Memento,en,20.987,2000-10-11,8.174,16764
2,1603982,Dalisay,Dalisay,tl,3.0805,2025-10-31,8.0,1
3,1432596,Palestine 36,Palestine 36,en,5.6154,2025-10-31,7.76,75
4,1464533,Suzuki=Bakudan,爆弾,ja,2.7774,2025-10-31,7.514,35
5,1824,50 First Dates,50 First Dates,en,18.3199,2004-02-13,6.877,7919
6,211672,Minions,Minions,en,20.2364,2015-06-17,6.425,11315
7,1485481,Los muchachos,Los muchachos,es,2.3166,2025-10-30,0.0,0
8,1571470,The Rats: A Witcher Tale,The Rats: A Witcher Tale,en,11.0697,2025-10-29,5.363,172
9,377,A Nightmare on Elm Street,A Nightmare on Elm Street,en,20.7656,1984-11-09,7.353,5933
10,1572032,Blood Couple,Blood Couple,en,0.4563,1973-06-01,0.0,0
11,1406569,The Memory Keeper,The Memory Keeper,en,2.3253,2025-10-26,7.0,2
12,1356050,Cruel Hands,Cruel Hands,en,1.67,2025-10-26,7.0,3
13,769,GoodFellas,GoodFellas,en,32.8313,1990-09-12,8.452,14763
14,81,Warriors of the Wind,風の谷のナウシカ,ja,18.8273,1984-03-11,7.941,4202
15,1857,The Transformers: The Movie,The Transformers: The Movie,en,16.6509,1986-08-08,7.149,636
16,13,Forrest Gump,Forrest Gump,en,48.6305,1994-06-23,8.462,30475
17,1397375,Life Is Life,La vita va così,it,2.2525,2025-10-23,6.9,178
18,809,Shrek 2,Shrek 2,en,23.0479,2004-05-19,7.33,13774
19,646385,Scream,Scream,en,22.6422,2022-01-12,6.676,4015
0,1353847,Ruthless Bastards,Ruthless Bastards,en,2.7696,2025-11-11,5.3,8
1,1215638,Checkered Ninja 3,Ternet Ninja 3,da,5.7855,2025-08-21,8.4,32
2,37165,The Truman Show,The Truman Show,en,31.4186,1998-06-04,8.159,20862
3,940721,Godzilla Minus One,ゴジラ-1.0,ja,23.8008,2023-11-03,7.602,3421
4,137113,Edge of Tomorrow,Edge of Tomorrow,en,25.0811,2014-05-27,7.643,15512
5,1549512,Nympho,Nympho,tl,4.6764,2025-11-07,7.48,51
6,406,La Haine,La Haine,fr,10.6893,1995-05-31,8.083,4699
7,1262815,The Choral,The Choral,en,6.3781,2025-11-07,6.459,61
8,1136736,Lust Stories 2,Lust Stories 2,hi,10.5261,2023-06-29,5.6,61
9,1339206,The Surrender,The Surrender,en,4.8077,2025-11-06,5.891,64
10,122906,About Time,About Time,en,20.7237,2013-09-04,7.903,9502
11,1290424,The Great Arch,L'Inconnu de la Grande Arche,fr,6.3776,2025-11-05,6.926,121
12,71679,Resident Evil: Retribution,Resident Evil: Retribution,en,2.5603,2012-09-12,5.829,4440
13,497698,Black Widow,Black Widow,en,29.6193,2021-07-07,7.149,11620
14,77,Memento,Memento,en,20.987,2000-10-11,8.174,16764
15,1603982,Dalisay,Dalisay,tl,3.0805,2025-10-31,8.0,1
16,1432596,Palestine 36,Palestine 36,en,5.6154,2025-10-31,7.76,75
17,1464533,Suzuki=Bakudan,爆弾,ja,2.7774,2025-10-31,7.514,35
18,1824,50 First Dates,50 First Dates,en,18.3199,2004-02-13,6.877,7919
19,211672,Minions,Minions,en,20.2364,2015-06-17,6.425,11315
0,1489187,You Drive Me Crazy,Сводишь с ума,ru,34.7108,2025-10-09,7.5,26
1,324668,Jason Bourne,Jason Bourne,en,14.6958,2016-07-27,6.385,6366
2,1554353,The New Simpsons Movie,The New Simpsons Movie,en,4.468,2027-09-01,0.0,0
3,36647,Blade,Blade,en,19.5913,1998-08-21,6.855,6969
4,927,Gremlins,Gremlins,en,16.2567,1984-06-08,7.145,7150
5,1290879,The Woman in Cabin 10,The Woman in Cabin 10,en,8.8203,2025-10-09,6.164,1133
6,334,Magnolia,Magnolia,en,13.2063,1999-12-17,7.722,4157
7,1575371,"Josiane Balasko, un grand cri d'amour !","Josiane Balasko, un grand cri d'amour !",fr,1.5016,2025-10-08,0.0,0
8,62,2001: A Space Odyssey,2001: A Space Odyssey,en,31.8598,1968-04-02,8.045,12942
9,8077,Alien³,Alien³,en,13.1431,1992-05-22,6.392,6585
10,1420259,People and Meat,사람과 고기,ko,1.3777,2025-10-07,7.0,5
11,44980,Zero Woman 2,Zero WOMAN ＩＩ　警視庁０課の女,ja,126.826,1995-09-05,5.0,8
12,335983,Venom,Venom,en,26.4028,2018-09-28,6.824,17598
13,458156,John Wick: Chapter 3 - Parabellum,John Wick: Chapter 3 - Parabellum,en,25.1112,2019-05-15,7.437,12076
14,330,The Lost World: Jurassic Park,The Lost World: Jurassic Park,en,1.1847,1997-05-23,6.564,9472
15,530154,Lust Stories,Lust Stories,hi,6.2475,2018-06-15,6.257,146
16,1459349,Pasionaria. Dolores Ibárruri,Pasionaria. Dolores Ibárruri,es,1.2382,2025-10-03,9.0,2
17,997955,Fairyland,Fairyland,en,2.075,2025-10-03,5.9,15
18,1159939,The Partisan,The Partisan,en,4.0435,2025-10-03,6.024,41
19,1098534,Orwell: 2+2=5,Orwell: 2+2=5,en,3.175,2025-10-03,7.208,48
0,1571470,The Rats: A Witcher Tale,The Rats: A Witcher Tale,en,11.0697,2025-10-29,5.363,172
1,1511417,Bāhubali: The Epic,Bāhubali: The Epic,te,6.1851,2025-10-29,6.4,42
2,377,A Nightmare on Elm Street,A Nightmare on Elm Street,en,20.7656,1984-11-09,7.353,5933
3,1572032,Blood Couple,Blood Couple,en,0.4563,1973-06-01,0.0,0
4,1406569,The Memory Keeper,The Memory Keeper,en,2.3253,2025-10-26,7.0,2
5,1356050,Cruel Hands,Cruel Hands,en,1.67,2025-10-26,7.0,3
6,363088,Ant-Man and the Wasp,Ant-Man and the Wasp,en,27.6489,2018-07-04,6.896,14504
7,81,Warriors of the Wind,風の谷のナウシカ,ja,18.8273,1984-03-11,7.941,4202
8,1857,The Transformers: The Movie,The Transformers: The Movie,en,16.6509,1986-08-08,7.149,636
9,788,Mrs. Doubtfire,Mrs. Doubtfire,en,19.4397,1993-11-24,7.197,6795
10,1318435,Queens of the Dead,Queens of the Dead,en,3.2918,2025-10-24,5.7,38
11,1397375,Life Is Life,La vita va così,it,2.2525,2025-10-23,6.9,178
12,809,Shrek 2,Shrek 2,en,23.0479,2004-05-19,7.33,13774
13,530154,Lust Stories,Lust Stories,hi,6.2475,2018-06-15,6.257,146
14,1233506,The Shrinking Man,L'Homme qui rétrécit,fr,7.8148,2025-10-22,6.011,179
15,961077,The Little Sister,La Petite Dernière,fr,2.8528,2025-10-22,6.6,142
16,12444,Harry Potter and the Deathly Hallows: Part 1,Harry Potter and the Deathly Hallows: Part 1,en,39.1834,2010-11-17,7.7,20805
17,1443762,The Big Fake,Il falsario,it,7.8552,2025-10-19,6.619,244
18,719221,Tarot,Tarot,en,12.71,2024-05-01,6.342,1460
19,1299655,Blue Moon,Blue Moon,en,13.5042,2025-10-17,6.633,330
0,1766262,One Piece Fan Letter,ONE PIECE FAN LETTER,ja,1.8924,2024-10-20,9.0,2
1,1765036,The Fender Telecaster: The One That Started It All.,The Fender Telecaster: The One That Started It All.,en,0.6024,,0.0,0
2,1757120,It Follows 2,It Follows 2,en,0.9309,,0.0,0
3,1753379,"Remember, Sunshine","Remember, Sunshine",en,4.1489,2026-10-23,0.0,0
4,1753376,Untitled The Adventures of Tintin Sequel,Untitled The Adventures of Tintin Sequel,en,0.932,,0.0,0
5,1746217,The Last Delivery,The Last Delivery,en,0.7997,,0.0,0
6,1742904,异世界后宫物语,异世界后宫物语,zh,0.5553,,0.0,0
7,1731157,After Dark Special,After Dark Special,en,1.1561,,0.0,0
8,1725227,淑女出招,淑女出招,zh,0.4747,,3.0,1
9,1721762,Grandiose,Grandiose,fr,1.7733,,0.0,0
10,1719527,Redlining,Redlining,en,1.7094,,0.0,0
11,1712769,Untitled Transformers: Rise of the Beasts Continuation,Untitled Transformers: Rise of the Beasts Continuation,en,1.2912,,0.0,0
12,1704068,The Devil You Become,The Devil You Become,en,1.587,2024-11-03,0.0,0
13,1703132,Limp Wing,Limp Wing,en,1.2604,,0.0,0
14,1700799,Reefer Madness - A Public Service Announcement,Reefer Madness - A Public Service Announcement,en,1.1898,,0.0,0
15,1679207,EPIC: The Musical,EPIC: The Musical,en,1.4585,,0.0,0
16,1659857,Capables,Capables,fr,0.4459,,0.0,0
17,1641466,Floyd Mayweather vs. Manny Pacquiao,Floyd Mayweather vs. Manny Pacquiao,en,1.1906,,0.0,0
18,1639717,NPJS-135ゲーマーお姉さんの配信に課金しまくってたらオフパコできたよ！！ ミズキさん2〇歳 ゲームとコスプレ大好きな引きこもりお姉さん,NPJS-135ゲーマーお姉さんの配信に課金しまくってたらオフパコできたよ！！ ミズキさん2〇歳 ゲームとコスプレ大好きな引きこもりお姉さん,ja,1.6502,2025-02-04,0.0,0
19,1629337,SPLICE,SPLICE,en,1.1575,,0.0,0
0,334,Magnolia,Magnolia,en,13.2063,1999-12-17,7.722,4157
1,1575371,"Josiane Balasko, un grand cri d'amour !","Josiane Balasko, un grand cri d'amour !",fr,1.5016,2025-10-08,0.0,0
2,1420259,People and Meat,사람과 고기,ko,1.3777,2025-10-07,7.0,5
3,44980,Zero Woman 2,Zero WOMAN ＩＩ　警視庁０課の女,ja,126.826,1995-09-05,5.0,8
4,863,Toy Story 2,Toy Story 2,en,52.3165,1999-10-30,7.622,15368
5,1459349,Pasionaria. Dolores Ibárruri,Pasionaria. Dolores Ibárruri,es,1.2382,2025-10-03,9.0,2
6,997955,Fairyland,Fairyland,en,2.075,2025-10-03,5.9,15
7,1159939,The Partisan,The Partisan,en,4.0435,2025-10-03,6.024,41
8,1098534,Orwell: 2+2=5,Orwell: 2+2=5,en,3.175,2025-10-03,7.208,48
9,1246215,Re-Creation,Re-Creation,en,2.246,2025-10-03,6.2,5
10,1364608,Anemone,Anemone,en,7.4595,2025-10-02,5.899,144
11,937941,Shelby Oaks,Shelby Oaks,en,10.9148,2025-10-02,5.751,313
12,374720,Dunkirk,Dunkirk,en,23.7902,2017-07-19,7.451,17987
13,16869,Inglourious Basterds,Inglourious Basterds,en,40.9226,2009-08-02,8.217,24776
14,1083637,Kantara - A Legend: Chapter 1,ಕಾಂತಾರ: ಅಧ್ಯಾಯ - ೧,kn,5.8057,2025-10-01,7.273,99
15,312221,Creed,Creed,en,17.9557,2015-11-25,7.407,8123
16,209112,Batman v Superman: Dawn of Justice,Batman v Superman: Dawn of Justice,en,31.0145,2016-03-23,6.012,19372
17,173897,Resident Evil: The Final Chapter,Resident Evil: The Final Chapter,en,1.2971,2016-12-23,6.103,3594
18,941109,Play Dirty,Play Dirty,en,18.2076,2025-09-30,6.583,713
19,2978,Ghostbusters II,Ghostbusters II,en,15.1618,1989-06-16,6.604,4990
0,1679207,EPIC: The Musical,EPIC: The Musical,en,1.4585,,0.0,0
1,1659857,Capables,Capables,fr,0.4459,,0.0,0
2,1641466,Floyd Mayweather vs. Manny Pacquiao,Floyd Mayweather vs. Manny Pacquiao,en,1.1906,,0.0,0
3,1639717,NPJS-135ゲーマーお姉さんの配信に課金しまくってたらオフパコできたよ！！ ミズキさん2〇歳 ゲームとコスプレ大好きな引きこもりお姉さん,NPJS-135ゲーマーお姉さんの配信に課金しまくってたらオフパコできたよ！！ ミズキさん2〇歳 ゲームとコスプレ大好きな引きこもりお姉さん,ja,1.6502,2025-02-04,0.0,0
4,1629337,SPLICE,SPLICE,en,1.1575,,0.0,0
5,1615938,The Haunting of Hotel Transylvania,The Haunting of Hotel Transylvania,en,2.5878,2027-10-07,0.0,0
6,1607376,Clasun Psyko,Clasun Psyko,fi,0.5789,,0.0,0
7,1601203,АлисА - XXXX (Концерт в ДС Юбилейный),АлисА - XXXX (Концерт в ДС Юбилейный),ru,0.5988,,0.0,0
8,1589403,G-Spot of My Soul,G-Spot of My Soul,tr,0.8475,,0.0,0
9,1577730,Kui Buri: Thailand's Hidden Eden,Kui Buri: Thailand's Hidden Eden,en,0.8922,2025-04-12,0.0,0
10,1574840,The Mummy 4,The Mummy 4,en,5.492,2027-10-14,0.0,0
11,1569947,The Priest: Thanksgiving Massacre,The Priest: Thanksgiving Massacre,en,25.37,2025-08-08,3.781,73
12,1564759,Catalyst,Catalyst,id,1.3208,2025-08-28,0.0,0
13,1555434,"They Rescue Horses, Don’t They?","They Rescue Horses, Don’t They?",en,1.18,2025-05-01,0.0,0
14,1548203,Sorry to Dump this on you,Sorry to Dump this on you,en,0.5715,,0.0,0
15,1546699,初音ミク マジカルミライ 2025,初音ミク マジカルミライ 2025,ja,1.5974,2025-08-01,0.0,0
16,1540229,Detective Conan: The 17-Year-Old Truth,명탐정 코난: 17년 전의 진상,ja,1.6314,2025-09-10,0.0,0
17,1538645,"On n'oubliera pas, Beaune-la-Rolande 1942","On n'oubliera pas, Beaune-la-Rolande 1942",fr,0.9095,2025-03-04,0.0,0
18,1537659,A Possession in Lincoln County,A Possession in Lincoln County,en,1.0001,,0.0,0
19,1536626,Love in Vietnam,Love in Vietnam,hi,1.8899,2025-09-12,6.0,2
0,1535259,FEAR and DREAMS Eason Chan In Concert,FEAR and DREAMS Eason Chan In Concert,zh,0.9631,2025-08-25,0.0,0
1,1533659,Ark,Ark,af,0.5001,2025-08-20,0.0,0
2,1531887,Expedition: Greenland,Expedition: Greenland,en,0.8027,2025-09-06,0.0,0
3,1531737,Me Rompiste el Corazón,Me Rompiste el Corazón,es,1.2816,2025-08-21,5.0,2
4,1529259,The Flood,The Flood,en,2.0954,2028-08-09,0.0,0
5,1529255,Agnus Dei,Agnus Dei,en,0.6334,2025-08-12,10.0,1
6,1525473,Khaki Fever,Khaki Fever,af,1.9251,2025-08-20,0.0,0
7,1523667,69,69,tl,5.5071,2025-08-22,6.6,7
8,1522023,Clown 2,Clown 2,en,1.5203,2024-10-30,0.0,0
9,1520537,Hematic Web,Hematic Web,en,1.4959,,0.0,0
10,1519780,Diary of a Wimpy Kid: The Getaway,Diary of a Wimpy Kid: The Getaway,en,1.6933,,0.0,0
11,1519421,Demon Slayer: Kimetsu no Yaiba Entertainment District Infiltration Arc,鬼滅の刃 遊郭潜入編,ja,1.5196,2025-05-23,8.0,5
12,1514883,Untitled Judge Dredd Film,Untitled Judge Dredd Film,en,1.3383,,0.0,0
13,1514364,Kill Me Again,Kill Me Again,en,2.3799,2025-08-08,6.1,34
14,1512023,The Amityville Lost Tape,The Amityville Lost Tape,en,1.3629,2025-07-09,5.5,2
15,1511789,Captain Hook: The Cursed Tides,Captain Hook: The Cursed Tides,en,4.8531,2025-07-11,4.9,52
16,1509956,Travelling Back,Ag Taisteal Siar,ga,1.1371,2025-06-23,0.0,0
17,1509575,Buried Alive!,Beo Faoin bhFód,ga,0.977,2025-07-11,0.0,0
18,1508110,In Person Only,Osobní odběr,cs,2.3626,2025-07-05,0.0,0
19,1507454,Pengsionisten,Pengsionisten,de,1.9954,,0.0,0
0,1505388,Sentinel,Sentinelle,fr,1.7585,2025-05-28,0.0,0
1,1503166,If It Bleeds,Bis es blutet,de,1.7073,2025-06-30,7.0,3
2,1501247,Holy Light,Lumină Sfântă,ro,2.0134,,0.0,0
3,1500536,Dead to Rights,南京照相馆,zh,4.1897,2025-07-19,7.875,96
4,1499984,Gladiator Underground,Gladiator Underground,en,4.5301,2025-08-22,7.7,48
5,1498014,Airplane 2025,Airplane 2025,en,1.8228,2025-04-18,4.0,19
6,1493190,胸糞NTR 最悪の鬱勃起映像 幸せを約束した大好きな彼女がおっさんに寝取られて、壊されました。 涼森れむ,胸糞NTR 最悪の鬱勃起映像 幸せを約束した大好きな彼女がおっさんに寝取られて、壊されました。 涼森れむ,zh,0.6617,,0.0,0
7,1492475,Dog Alone,Cão Sozinho,pt,2.0721,2025-06-03,6.8,2
8,1491716,Filip,Filip,fr,1.4094,2025-09-15,5.4,6
9,1490926,Kompromat,Kompromat,de,1.1437,,0.0,0
10,1486575,Justin Willman: Magic Lover,Justin Willman: Magic Lover,en,1.0778,2025-06-17,8.2,9
11,1485839,Elden Ring,Elden Ring,en,2.3629,2028-03-03,0.0,0
12,1485539,Dora the Explorer: Mermaid Adventures,Dora the Explorer: Mermaid Adventures,en,1.6207,2025-09-18,0.0,0
13,1484262,Trainwreck: The Cult of American Apparel,Trainwreck: The Cult of American Apparel,en,1.6514,2025-06-30,6.159,41
14,1483614,Renegade Immortal: Battle of Gods,仙逆剧场版：神临之战,zh,4.8765,2025-05-30,9.667,6
15,1477914,Forevergreen,Forevergreen,xx,2.0744,2025-05-08,7.086,28
16,1477602,Maple Leaf Pro Wrestling: Northern Rising,Maple Leaf Pro Wrestling: Northern Rising,en,1.3512,2025-05-10,7.5,2
17,1477431,Time of Death,Time of Death,en,2.6376,2025-08-08,5.6,15
18,1476740,Influencers,Influencers,en,6.0809,2025-07-26,6.227,132
19,1469239,Karol G: Tomorrow Was Beautiful,Karol G: Mañana fue muy bonito,es,2.4493,2025-04-30,7.906,122
0,1491716,Filip,Filip,fr,1.4094,2025-09-15,5.4,6
1,1490926,Kompromat,Kompromat,de,1.1437,,0.0,0
2,1486575,Justin Willman: Magic Lover,Justin Willman: Magic Lover,en,1.0778,2025-06-17,8.2,9
3,1485839,Elden Ring,Elden Ring,en,2.3629,2028-03-03,0.0,0
4,1485539,Dora the Explorer: Mermaid Adventures,Dora the Explorer: Mermaid Adventures,en,1.6207,2025-09-18,0.0,0
5,1484262,Trainwreck: The Cult of American Apparel,Trainwreck: The Cult of American Apparel,en,1.6514,2025-06-30,6.159,41
6,1483614,Renegade Immortal: Battle of Gods,仙逆剧场版：神临之战,zh,4.8765,2025-05-30,9.667,6
7,1477914,Forevergreen,Forevergreen,xx,2.0744,2025-05-08,7.086,28
8,1477602,Maple Leaf Pro Wrestling: Northern Rising,Maple Leaf Pro Wrestling: Northern Rising,en,1.3512,2025-05-10,7.5,2
9,1477431,Time of Death,Time of Death,en,2.6376,2025-08-08,5.6,15
10,1476740,Influencers,Influencers,en,6.0809,2025-07-26,6.227,132
11,1469239,Karol G: Tomorrow Was Beautiful,Karol G: Mañana fue muy bonito,es,2.4493,2025-04-30,7.906,122
12,1469021,Geniş Aile 5,Geniş Aile 5,tr,1.7192,2025-08-15,0.0,0
13,1461229,Thunder Rose,霹雳玫瑰,zh,0.8513,2025-04-09,6.0,1
14,1459229,Dream in Heng Qin and Macau,尋夢琴澳,cn,0.8897,2024-11-30,0.0,0
15,1456928,I Would Rather Kill You,차라리 죽여,ko,11.7153,2025-02-26,6.8,5
16,1453792,Bluey's Big Play,Bluey's Big Play,en,1.5929,2025-04-20,7.0,2
17,1453197,Enemies,Enemies,en,1.6752,,0.0,0
18,1452682,Afterglow,Afterglow,en,1.4701,2024-10-02,0.0,0
19,1450436,Puri for Rent,Puri for Rent,tl,2.2655,2025-04-04,6.5,12
0,1448742,PAW Patrol: Rescue Wheels,PAW Patrol: Rescue Wheels,en,1.4869,2024-12-03,0.0,0
1,1448378,Bitches,Bitches,en,1.9542,2025-06-11,0.0,0
2,1447400,Спарта 2. Гоплиты,Спарта 2. Гоплиты,ru,1.1942,2026-10-08,0.0,0
3,1445689,Deadly Girls Trip,Deadly Girls Trip,en,1.2532,2025-03-07,6.7,5
4,1436362,Exempt,Exento,es,1.9716,2024-10-17,0.0,0
5,1435506,The River of Fury,怒水西流,zh,1.3209,2025-03-22,6.667,6
6,1433105,Taste and Tears,おいしくて泣くとき,ja,1.2721,2025-04-04,5.0,4
7,1428992,Fox Demon Legend,狐妖传说,zh,1.5587,2025-02-13,0.0,0
8,1426680,Our Times,Nuestros tiempos,es,3.1848,2025-06-09,6.6,138
9,1419826,The World Will Tremble,The World Will Tremble,en,3.5994,2025-03-14,7.446,120
10,1417288,La Resistance,독립군: 끝나지 않은 전쟁,ko,1.2736,2025-08-13,0.0,0
11,1417059,Mountainhead,Mountainhead,en,4.9098,2025-05-22,5.27,269
12,1413533,Helldivers,Helldivers,en,2.2505,2027-11-10,0.0,0
13,1412448,In the Gray,In the Gray,en,1.3631,2025-01-06,0.0,0
14,1411773,The Last Stand of Ellen Cole,The Last Stand of Ellen Cole,en,7.1249,2024-10-18,8.23,76
15,1411614,Raaka,రాకా,te,2.4151,,0.0,0
16,1407473,Drinker Sai,Drinker Sai,te,2.8376,2024-12-27,0.0,0
17,1406563,The Open Door,人生开门红,zh,1.1421,2025-04-28,5.667,9
18,1406275,Plötzlich Staatsfeind,Plötzlich Staatsfeind,de,1.6113,2024-12-22,6.0,1
19,1406246,6 Jilake,6 Jilake,ms,1.3776,2025-04-24,8.0,2
0,1405541,In the Mouth,In the Mouth,en,1.2505,2025-02-20,0.0,0
1,1404401,Arwah Sinden,Arwah Sinden,id,0.9833,2025-03-06,4.25,2
2,1401694,"No Hamburg, No Beatles","No Hamburg, No Beatles",en,2.4179,2024-12-06,7.5,5
3,1400382,Predators,Predators,en,2.001,2025-09-19,6.4,45
4,1399914,The Simpsons: O C'mon All Ye Faithful,The Simpsons: O C'mon All Ye Faithful,en,8.4554,2024-12-16,7.039,102
5,1396965,Detective Conan: One-Eyed Flashback,名探偵コナン 隻眼の残像,ja,7.9874,2025-04-18,7.172,61
6,1395724,A Fool's Love,痴人の愛,ja,5.8384,2024-11-29,6.0,7
7,1395140,LUPIN THE IIIRD: The Movie - The Immortal Bloodline,LUPIN THE IIIRD THE MOVIE 不死身の血族,ja,5.7372,2025-06-27,7.7,35
8,1395035,Lola Dust,Lola Dust,en,2.0248,2025-01-06,5.0,1
9,1393868,The Real Sister,Chị dâu,vi,2.1417,2024-12-20,0.0,0
10,1393771,Peckerhead,Peckerhead,nl,1.6703,2024-11-08,0.0,0
11,1388366,Popeye the Slayer Man,Popeye the Slayer Man,en,5.6349,2025-03-21,5.366,172
12,1385751,DRAWING RESTRAINT 28,DRAWING RESTRAINT 28,en,0.8034,2024-11-07,0.0,0
13,1383190,Black Sheeps,Black Sheeps,en,1.4745,2026-11-12,0.0,0
14,1382372,The Line,The Line,en,1.3696,,0.0,0
15,1378752,Esperar trenes,Esperar trenes,es,1.4895,2024-11-09,0.0,0
16,1377650,Boonie Bears: Future Reborn,熊出没·重启未来,zh,2.4478,2025-01-29,8.3,6
17,1376434,Predator: Killer of Killers,Predator: Killer of Killers,en,14.7155,2025-06-05,7.78,1330
18,1372815,Chennaiyil Vaanam Megamootathudan Kaanapadum,Chennaiyil Vaanam Megamootathudan Kaanapadum,ta,0.8237,2024-10-18,0.0,0
19,1372586,Pérdida total,Pérdida total,es,1.4651,2025-03-27,7.8,19
0,1486575,Justin Willman: Magic Lover,Justin Willman: Magic Lover,en,1.0778,2025-06-17,8.2,9
1,1485839,Elden Ring,Elden Ring,en,2.3629,2028-03-03,0.0,0
2,1485539,Dora the Explorer: Mermaid Adventures,Dora the Explorer: Mermaid Adventures,en,1.6207,2025-09-18,0.0,0
3,1484262,Trainwreck: The Cult of American Apparel,Trainwreck: The Cult of American Apparel,en,1.6514,2025-06-30,6.159,41
4,1483614,Renegade Immortal: Battle of Gods,仙逆剧场版：神临之战,zh,4.8765,2025-05-30,9.667,6
5,1481390,Curious Tales of a Temple,聊斋：兰若寺,zh,3.8843,2025-07-12,7.615,13
6,1477914,Forevergreen,Forevergreen,xx,2.0744,2025-05-08,7.086,28
7,1477602,Maple Leaf Pro Wrestling: Northern Rising,Maple Leaf Pro Wrestling: Northern Rising,en,1.3512,2025-05-10,7.5,2
8,1477431,Time of Death,Time of Death,en,2.6376,2025-08-08,5.6,15
9,1476740,Influencers,Influencers,en,6.0809,2025-07-26,6.227,132
10,1469239,Karol G: Tomorrow Was Beautiful,Karol G: Mañana fue muy bonito,es,2.4493,2025-04-30,7.906,122
11,1469021,Geniş Aile 5,Geniş Aile 5,tr,1.7192,2025-08-15,0.0,0
12,1461229,Thunder Rose,霹雳玫瑰,zh,0.8513,2025-04-09,6.0,1
13,1459229,Dream in Heng Qin and Macau,尋夢琴澳,cn,0.8897,2024-11-30,0.0,0
14,1456928,I Would Rather Kill You,차라리 죽여,ko,11.7153,2025-02-26,6.8,5
15,1453792,Bluey's Big Play,Bluey's Big Play,en,1.5929,2025-04-20,7.0,2
16,1453197,Enemies,Enemies,en,1.6752,,0.0,0
17,1452682,Afterglow,Afterglow,en,1.4701,2024-10-02,0.0,0
18,1450436,Puri for Rent,Puri for Rent,tl,2.2655,2025-04-04,6.5,12
19,1448742,PAW Patrol: Rescue Wheels,PAW Patrol: Rescue Wheels,en,1.4869,2024-12-03,0.0,0
0,1320786,Terrifier 4,Terrifier 4,en,4.2629,,0.0,0
1,1319895,Hostile Takeover,Hostile Takeover,en,5.2837,2025-08-08,6.898,113
2,1319738,We Girls,向阳·花,zh,1.3656,2025-04-04,6.308,13
3,1318863,The Last Witcher,The Last Witcher,en,0.4807,,0.0,0
4,1315988,Mikaela,Mikaela,es,3.475,2025-01-31,6.2,133
5,1315706,Sijjin 8,Siccîn 8,tr,2.5717,2025-06-05,3.4,5
6,1315054,Youth (Hard Times),青春（苦）,zh,0.9922,2025-04-02,8.2,5
7,1314452,Other,Other,fr,3.381,2025-07-09,5.598,56
8,1313003,Close to Me,Muori di lei,it,3.3152,2025-03-20,5.782,55
9,1311034,Demon Slayer: Kimetsu no Yaiba - Infinity Castle 2,劇場版「鬼滅の刃」無限城編 2,ja,4.2983,,0.0,0
10,1309410,100 Million!,100 Millions !,fr,1.5339,2025-03-26,4.5,54
11,1308619,Jaws @ 50: The Definitive Inside Story,Jaws @ 50: The Definitive Inside Story,en,6.8078,2025-06-20,7.492,64
12,1306845,Jaat,जाट,hi,2.9416,2025-04-10,6.3,36
13,1306434,Doctor X: The Movie Final,劇場版 ドクターX FINAL,ja,3.1216,2024-12-06,7.2,5
14,1305653,Rescue at Dongji,东极岛,zh,3.362,2025-08-08,8.3,64
15,1304600,A Country Encore,A Country Encore,en,1.5892,2025-06-27,8.3,3
16,1298612,New Happy Dad and Son 6 :Shrunk,新大头儿子和小头爸爸6：迷你大冒险,zh,1.3072,2024-10-01,9.0,1
17,1297763,Batman Ninja vs. Yakuza League,ニンジャバットマン対ヤクザリーグ,ja,6.48,2025-03-17,6.709,247
18,1294670,The Magician of Auschwitz,The Magician of Auschwitz,en,0.5994,,0.0,0
19,1294203,My Fault: London,My Fault: London,en,22.3531,2025-02-12,7.397,626
0,1315054,Youth (Hard Times),青春（苦）,zh,0.9922,2025-04-02,8.2,5
1,1314452,Other,Other,fr,3.381,2025-07-09,5.598,56
2,1313003,Close to Me,Muori di lei,it,3.3152,2025-03-20,5.782,55
3,1311034,Demon Slayer: Kimetsu no Yaiba - Infinity Castle 2,劇場版「鬼滅の刃」無限城編 2,ja,4.2983,,0.0,0
4,1309410,100 Million!,100 Millions !,fr,1.5339,2025-03-26,4.5,54
5,1308619,Jaws @ 50: The Definitive Inside Story,Jaws @ 50: The Definitive Inside Story,en,6.8078,2025-06-20,7.492,64
6,1306845,Jaat,जाट,hi,2.9416,2025-04-10,6.3,36
7,1306434,Doctor X: The Movie Final,劇場版 ドクターX FINAL,ja,3.1216,2024-12-06,7.2,5
8,1305653,Rescue at Dongji,东极岛,zh,3.362,2025-08-08,8.3,64
9,1304625,Bear Claw Camp,Campamento Garra de Oso,es,2.586,2025-08-29,5.438,8
10,1304600,A Country Encore,A Country Encore,en,1.5892,2025-06-27,8.3,3
11,1298612,New Happy Dad and Son 6 :Shrunk,新大头儿子和小头爸爸6：迷你大冒险,zh,1.3072,2024-10-01,9.0,1
12,1297763,Batman Ninja vs. Yakuza League,ニンジャバットマン対ヤクザリーグ,ja,6.48,2025-03-17,6.709,247
13,1294670,The Magician of Auschwitz,The Magician of Auschwitz,en,0.5994,,0.0,0
14,1294203,My Fault: London,My Fault: London,en,22.3531,2025-02-12,7.397,626
15,1291712,The Tasters,Le assaggiatrici,de,3.3398,2025-03-27,6.589,254
16,1290182,You Are the Apple of My Eye,"그 시절, 우리가 좋아했던 소녀",ko,6.8622,2025-02-21,8.375,72
17,1288998,1978,1978,es,1.9198,2025-03-06,5.516,63
18,1283025,Papa's A Pervert! And He Loves His Sex Toys!,鬼畜父の性玩具,en,1.2627,,0.0,0
19,1280672,One of Them Days,One of Them Days,en,8.8547,2025-01-16,6.67,311
0,1151272,Sirāt,Sirāt,es,7.4223,2025-06-06,6.85,768
1,1149504,Honey Don't!,Honey Don't!,en,10.3567,2025-08-21,5.551,479
2,1149167,High Rollers,High Rollers,en,10.1203,2025-03-14,6.5,138
3,1140000,Me and You and Everyone We Know at the Sundance Director's Lab,Me and You and Everyone We Know at the Sundance Director's Lab,en,0.596,,0.0,0
4,1138621,Fog of War,Fog of War,en,4.0562,2025-04-04,6.0,38
5,1136423,Meiyazhagan,மெய்யழகன்,ta,2.078,2024-09-27,8.2,63
6,1129616,Drishyam,Drishyam,ko,1.0205,,0.0,0
7,1127767,Riff Raff,Riff Raff,en,5.1705,2025-02-27,5.776,136
8,1127648,Bonjour Tristesse,Bonjour Tristesse,en,4.3199,2025-03-13,6.1,48
9,1126915,Tornado,Tornado,en,3.7132,2025-05-30,6.2,107
10,1124619,Bride Hard,Bride Hard,en,8.7106,2025-06-19,5.486,208
11,1122126,Meme Gods,Meme Gods,en,0.5831,2025-05-13,0.0,0
12,1122099,The Ballad of Wallis Island,The Ballad of Wallis Island,en,3.8132,2025-03-28,7.263,219
13,1118028,The Red Virgin,La virgen roja,es,7.2782,2024-09-27,7.137,182
14,1115982,Everything's Going to Be Great,Everything's Going to Be Great,en,3.4955,2025-06-20,5.97,33
15,1107325,Witchboard,Witchboard,en,3.4949,2025-08-14,5.685,89
16,1106525,Lost,파란,ko,1.8747,2025-04-09,6.2,5
17,1106289,The Pickup,The Pickup,en,15.5817,2025-07-27,6.405,510
18,1102493,Small Things Like These,Small Things Like These,en,11.1328,2024-11-01,6.662,601
19,1101448,Unstoppable,Unstoppable,en,12.0603,2024-12-06,5.285,177
0,1228685,Love,Kjærlighet,no,4.5721,2024-11-10,6.8,57
1,1228682,Dreams,Drømmer,no,4.5197,2024-10-04,6.9,103
2,1228596,Next to Normal,Next to Normal,en,1.4119,2025-09-11,9.0,1
3,1228322,The Divine Sarah Bernhardt,"Sarah Bernhardt, La Divine",fr,3.023,2024-12-18,6.0,65
4,1227128,Raid 2,रेड २,hi,2.4553,2025-05-01,6.45,60
5,1220566,Eagles of the Republic,نسور الجمهورية,ar,5.5918,2025-09-19,6.9,75
6,1219555,More Beautiful,Wunderschöner,de,3.1609,2025-02-13,7.663,52
7,1218493,Ick,Ick,en,2.8698,2025-07-27,6.025,80
8,1218032,Super Charlie,Super Charlie,sv,4.6633,2024-12-25,6.768,41
9,1217602,London Calling,London Calling,en,5.1696,2025-09-18,6.424,139
10,1216662,Somebody,침범,ko,2.0864,2025-03-12,6.65,10
11,1215061,DEMO,DEMO,en,1.7409,2025-09-19,4.0,1
12,1214138,Fureru,ふれる。,ja,2.6445,2024-10-04,6.2,8
13,1214074,The Door-to-Door Bookstore,Der Buchspazierer,de,2.1529,2024-10-10,7.421,63
14,1213777,Dhadak 2,धड़क २,hi,2.3506,2025-08-01,6.976,21
15,1205656,Hallow Road,Hallow Road,en,5.4635,2025-04-16,6.143,265
16,1204892,Picture This,Picture This,en,9.3063,2025-03-05,6.006,174
17,1202306,Hell House LLC: Lineage,Hell House LLC: Lineage,en,2.065,2025-08-22,4.7,50
18,1199974,Párvulos: Children of the Apocalypse,Párvulos: Hijos del Apocalipsis,es,3.0886,2024-10-18,6.36,43
19,1199869,Eye for an Eye,Eye for an Eye,en,3.816,2025-07-03,5.95,60
0,1182387,Armor,Armor,en,6.4381,2024-10-30,5.4,305
1,1178602,Mirrors No. 3,Miroirs No. 3,de,3.9296,2025-08-27,6.5,53
2,1171153,Köln 75,Köln 75,en,2.2276,2025-03-13,7.144,59
3,1169789,Bob Trevino Likes It,Bob Trevino Likes It,en,4.1569,2025-03-20,7.4,127
4,1158996,Souleymane's Story,L'Histoire de Souleymane,fr,3.6681,2024-10-09,7.5,402
5,1158616,Guess Who's Calling!,Le Répondeur,fr,2.8315,2025-06-04,6.309,81
6,1155234,Endless Journey of Love,时间之子,zh,4.7706,2025-05-30,9.0,71
7,1154725,Robot T-O,Un monde merveilleux,fr,2.197,2025-04-12,5.7,49
8,1151272,Sirāt,Sirāt,es,7.4223,2025-06-06,6.85,768
9,1149504,Honey Don't!,Honey Don't!,en,10.3567,2025-08-21,5.551,479
10,1149167,High Rollers,High Rollers,en,10.1203,2025-03-14,6.5,138
11,1140000,Me and You and Everyone We Know at the Sundance Director's Lab,Me and You and Everyone We Know at the Sundance Director's Lab,en,0.596,,0.0,0
12,1138621,Fog of War,Fog of War,en,4.0562,2025-04-04,6.0,38
13,1136423,Meiyazhagan,மெய்யழகன்,ta,2.078,2024-09-27,8.2,63
14,1129616,Drishyam,Drishyam,ko,1.0205,,0.0,0
15,1127767,Riff Raff,Riff Raff,en,5.1705,2025-02-27,5.776,136
16,1127648,Bonjour Tristesse,Bonjour Tristesse,en,4.3199,2025-03-13,6.1,48
17,1126915,Tornado,Tornado,en,3.7132,2025-05-30,6.2,107
18,1124619,Bride Hard,Bride Hard,en,8.7106,2025-06-19,5.486,208
19,1122126,Meme Gods,Meme Gods,en,0.5831,2025-05-13,0.0,0
0,1158616,Guess Who's Calling!,Le Répondeur,fr,2.8315,2025-06-04,6.309,81
1,1155234,Endless Journey of Love,时间之子,zh,4.7706,2025-05-30,9.0,71
2,1154725,Robot T-O,Un monde merveilleux,fr,2.197,2025-04-12,5.7,49
3,1151272,Sirāt,Sirāt,es,7.4223,2025-06-06,6.85,768
4,1149504,Honey Don't!,Honey Don't!,en,10.3567,2025-08-21,5.551,479
5,1149167,High Rollers,High Rollers,en,10.1203,2025-03-14,6.5,138
6,1140000,Me and You and Everyone We Know at the Sundance Director's Lab,Me and You and Everyone We Know at the Sundance Director's Lab,en,0.596,,0.0,0
7,1138621,Fog of War,Fog of War,en,4.0562,2025-04-04,6.0,38
8,1136423,Meiyazhagan,மெய்யழகன்,ta,2.078,2024-09-27,8.2,63
9,1129616,Drishyam,Drishyam,ko,1.0205,,0.0,0
10,1127767,Riff Raff,Riff Raff,en,5.1705,2025-02-27,5.776,136
11,1127648,Bonjour Tristesse,Bonjour Tristesse,en,4.3199,2025-03-13,6.1,48
12,1126915,Tornado,Tornado,en,3.7132,2025-05-30,6.2,107
13,1124619,Bride Hard,Bride Hard,en,8.7106,2025-06-19,5.486,208
14,1122126,Meme Gods,Meme Gods,en,0.5831,2025-05-13,0.0,0
15,1122099,The Ballad of Wallis Island,The Ballad of Wallis Island,en,3.8132,2025-03-28,7.263,219
16,1118028,The Red Virgin,La virgen roja,es,7.2782,2024-09-27,7.137,182
17,1115982,Everything's Going to Be Great,Everything's Going to Be Great,en,3.4955,2025-06-20,5.97,33
18,1114894,Star Trek: Section 31,Star Trek: Section 31,en,9.7643,2025-01-15,4.697,390
19,1107325,Witchboard,Witchboard,en,3.4949,2025-08-14,5.685,89
0,999075,Left-Handed Girl,左撇子女孩,zh,4.7306,2025-09-17,7.3,196
1,985602,My Mother's Wedding,My Mother's Wedding,en,5.2312,2025-08-08,6.184,57
2,979660,Freaky Tales,Freaky Tales,en,7.0839,2025-04-04,6.3,262
3,977326,Elton John: Never Too Late,Elton John: Never Too Late,en,3.5229,2024-11-15,6.509,56
4,977294,Tin Soldier,Tin Soldier,en,8.1325,2025-05-22,4.895,129
5,975615,Words of War,Words of War,en,3.9222,2025-05-02,6.7,34
6,975335,Magellan,Magalhães,pt,4.3717,2025-09-10,6.365,37
7,974573,Another Simple Favor,Another Simple Favor,en,18.6534,2025-03-07,5.799,559
8,974453,Absolution,Absolution,en,7.4729,2024-10-31,5.899,548
9,973628,A Normal Family,보통의 가족,ko,4.1119,2024-10-16,6.94,151
10,970947,The Shrouds,The Shrouds,en,5.3208,2025-04-03,5.83,267
11,944931,Heidi: Rescue of the Lynx,Heidi - Die Legende vom Luchs,de,3.8661,2025-06-26,7.1,12
12,936245,Hidden Face,히든페이스,ko,7.7597,2024-11-20,5.2,69
13,936108,Smurfs,Smurfs,en,19.1206,2025-06-30,5.702,290
14,928480,Monster Summer,Monster Summer,en,6.2145,2024-10-04,6.334,208
15,863873,Caddo Lake,Caddo Lake,en,7.6775,2024-11-28,7.253,572
16,861451,Martin,Martin,kn,3.3467,2024-10-11,4.321,39
17,850439,The Damned,The Damned,en,6.7047,2025-01-03,5.849,212
18,846422,The Old Guard 2,The Old Guard 2,en,17.737,2025-07-01,5.909,1046
19,803907,Lear Rex,Lear Rex,en,1.5625,,0.0,0
0,973628,A Normal Family,보통의 가족,ko,4.1119,2024-10-16,6.94,151
1,970947,The Shrouds,The Shrouds,en,5.3208,2025-04-03,5.83,267
2,944931,Heidi: Rescue of the Lynx,Heidi - Die Legende vom Luchs,de,3.8661,2025-06-26,7.1,12
3,936245,Hidden Face,히든페이스,ko,7.7597,2024-11-20,5.2,69
4,936108,Smurfs,Smurfs,en,19.1206,2025-06-30,5.702,290
5,928480,Monster Summer,Monster Summer,en,6.2145,2024-10-04,6.334,208
6,863873,Caddo Lake,Caddo Lake,en,7.6775,2024-11-28,7.253,572
7,861451,Martin,Martin,kn,3.3467,2024-10-11,4.321,39
8,850439,The Damned,The Damned,en,6.7047,2025-01-03,5.849,212
9,846422,The Old Guard 2,The Old Guard 2,en,17.737,2025-07-01,5.909,1046
10,803907,Lear Rex,Lear Rex,en,1.5625,,0.0,0
11,799766,Better Man,Better Man,en,11.7483,2024-12-06,7.623,925
12,797109,Secret: Untold Melody,말할 수 없는 비밀,ko,2.6903,2025-01-27,6.4,10
13,777443,The Electric State,The Electric State,en,13.4013,2025-02-24,6.47,1807
14,766369,Nocturnal,브로큰,ko,2.872,2025-02-05,6.232,41
15,765897,The Unbreakable Boy,The Unbreakable Boy,en,8.3029,2025-02-20,7.832,161
16,758923,Baaghi 4,बाघी ४,hi,2.3197,2025-09-05,3.609,23
17,716808,Heavier Trip,Hevimpi reissu,fi,1.8041,2024-10-11,6.656,61
18,710258,Rust,Rust,en,5.6792,2024-11-20,6.8,197
19,645757,That Christmas,That Christmas,en,10.1298,2024-11-27,7.142,451
0,863873,Caddo Lake,Caddo Lake,en,7.6775,2024-11-28,7.253,572
1,861451,Martin,Martin,kn,3.3467,2024-10-11,4.321,39
2,850439,The Damned,The Damned,en,6.7047,2025-01-03,5.849,212
3,846422,The Old Guard 2,The Old Guard 2,en,17.737,2025-07-01,5.909,1046
4,803907,Lear Rex,Lear Rex,en,1.5625,,0.0,0
5,799766,Better Man,Better Man,en,11.7483,2024-12-06,7.623,925
6,797109,Secret: Untold Melody,말할 수 없는 비밀,ko,2.6903,2025-01-27,6.4,10
7,777443,The Electric State,The Electric State,en,13.4013,2025-02-24,6.47,1807
8,766369,Nocturnal,브로큰,ko,2.872,2025-02-05,6.232,41
9,765897,The Unbreakable Boy,The Unbreakable Boy,en,8.3029,2025-02-20,7.832,161
10,758923,Baaghi 4,बाघी ४,hi,2.3197,2025-09-05,3.609,23
11,716808,Heavier Trip,Hevimpi reissu,fi,1.8041,2024-10-11,6.656,61
12,710258,Rust,Rust,en,5.6792,2024-11-20,6.8,197
13,645757,That Christmas,That Christmas,en,10.1298,2024-11-27,7.142,451
14,618920,Obok,Obok,pl,0.4841,,0.0,0
15,616446,Brothers,Brothers,en,5.259,2024-10-10,5.883,351
16,512198,Dead Bride,Dead Bride,en,2.6435,2025-01-09,4.167,6
17,507359,TRANS*CEND: A Journey from Gender to Self,TRANS*CEND: A Journey from Gender to Self,en,2.8245,,0.0,0
18,499371,Titanic,டைட்டானிக்,ta,1.1165,2025-07-18,0.0,0
19,255298,Rabid Love,Rabid Love,en,2.2473,2013-04-19,3.143,14
0,1684025,Cereal Killers,Cereal Killers,en,1.1502,2026-09-19,0.0,0
1,1573054,Play House,Play House,en,3.762,2026-09-19,0.0,0
2,1774668,El Compita,El Compita,es,0.0,2026-09-19,0.0,0
3,1692164,She Who Remains,Остайница,sq,1.0464,2026-09-19,0.0,0
4,917372,Daktar Kaku,ডাক্তার কাকু,bn,1.1976,2026-09-18,0.0,0
5,137113,Edge of Tomorrow,Edge of Tomorrow,en,25.0811,2014-05-27,7.643,15512
6,1773855,The Watergate Caper: Richard Nixon and the Death of the American Dream,The Watergate Caper: Richard Nixon and the Death of the American Dream,en,0.3871,2026-09-18,0.0,0
7,1772904,Happy Journey,Happy Journey,te,0.4107,2026-09-18,0.0,0
8,1267258,All Alone,Tek Başına,tr,1.8692,2026-09-18,0.0,0
9,1744408,Isaac Cruz vs. Nestor Bravo,Isaac Cruz vs. Nestor Bravo,en,1.4772,2026-09-19,0.0,0
10,1760097,NJPW Road to Destruction 2026 - Day 10,NJPW Road to Destruction 2026 - Day 10,ja,2.3527,2026-09-22,0.0,0
11,1029906,Erratics,Bloques erráticos,es,2.2551,2026-09-22,0.0,0
12,1690296,Satoko Always,さとこはいつも,ja,1.9039,2026-09-18,6.0,1
13,1354301,You Had to Be There: How the Toronto Godspell Ignited the Comedy Revolution...,You Had to Be There: How the Toronto Godspell Ignited the Comedy Revolution...,en,2.6743,2026-09-18,0.0,0
14,1338604,Eternal Return,Eterno retorno,es,1.6657,2026-09-18,0.0,0
15,1761052,"Judge Judy: Unfiltered, Unforgettable","Judge Judy: Unfiltered, Unforgettable",en,1.897,2026-09-22,0.0,0
16,1774562,"The Com: Online, Sadistic and Deadly.","The Com: Online, Sadistic and Deadly.",en,0.0143,2026-09-18,0.0,0
17,1618200,The Dark Heaven,தீ டார்க் ஹெவன்,ta,14.0158,2026-09-18,0.0,0
18,1773842,CMLL: 93 Aniversario,CMLL: 93 Aniversario,en,0.2879,2026-09-18,6.0,1
19,1773877,Kali,Kali,en,0.1582,2026-09-18,0.0,0
0,1595538,The Last Goodbye,Azken agurra,eu,1.6004,2026-09-22,0.0,0
1,890216,Pacific,Pacífico,es,5.0381,2026-09-18,10.0,1
2,1157260,The Art Class,树上有个好地方2：美术老师的放羊班,zh,0.9886,2026-09-17,0.0,0
3,1723496,A Ballad of Longing,ดวงอุราลำหา,th,0.947,2026-09-17,0.0,0
4,1493991,Traces of Home,Traces of Home,en,2.1539,2026-09-18,0.0,0
5,1554129,Children of the Monkey,I figli della scimmia,it,1.9067,2026-09-17,6.5,2
6,1568515,Apol of my Ai,Apol of my Ai,tl,1.2108,2026-09-23,0.0,0
7,1741750,10éjszakás kaland,10éjszakás kaland,hu,2.0438,2026-09-17,5.0,1
8,1693710,National Theatre Live: The Misanthrope,National Theatre Live: The Misanthrope,en,2.111,2026-09-22,0.0,0
9,1596249,"Ha-Chan, Shake Your Booty!","Ha-Chan, Shake Your Booty!",en,2.2891,2026-09-23,0.0,0
10,1768000,Wer einmal lügt - Ein Krimi aus Passau,Wer einmal lügt - Ein Krimi aus Passau,de,0.7374,2026-09-17,6.0,1
11,497,The Green Mile,The Green Mile,en,41.1045,1999-12-10,8.506,19819
12,70981,Prometheus,Prometheus,en,20.3291,2012-05-30,6.611,13633
13,1685905,Cute,Cute,da,1.356,2026-09-17,0.0,0
14,1647008,Let Sleeping Dogs Lie,Kalter Hund,de,2.6658,2026-09-17,0.0,0
15,1339597,As the River Goes By,水东游,zh,1.116,2026-09-23,0.0,0
16,1753060,Overhead,Overhead,en,1.2765,2026-09-17,10.0,1
17,1773949,The Winning Joker - Better Color Version,The Winning Joker - Better Color Version,fr,0.1086,2026-09-17,0.0,0
18,1763567,There Will Be Light,義光ê所在,zh,1.188,2026-09-17,0.0,0
19,1766941,Pierre-Yves prend le métro,Pierre-Yves prend le métro,fr,0.7872,2026-09-17,0.0,0
0,1718545,Phreaker,Phreaker,en,1.1562,2026-09-17,0.0,0
1,1466670,Think Good,Si tu penses bien,fr,3.1475,2026-09-16,7.167,9
2,1724781,Jacques Henri Lartigue – La vie en relief,Jacques Henri Lartigue – La vie en relief,fr,1.262,2026-09-16,0.0,0
3,1755050,Big Daddy’s Flowers,Big Daddy’s Flowers,en,1.0589,2026-09-17,0.0,0
4,1314122,Bloody Tennis,Bloody Tennis,de,1.6766,2026-09-24,0.0,0
5,1391640,58th,58th,tl,1.7968,2026-09-16,0.0,0
6,1265831,Red Rocks,Les Roches Rouges,fr,2.1215,2026-09-23,0.0,0
7,1771531,Lahukheda,Lahukheda,pa,0.7411,2026-09-16,0.0,0
8,1476746,The Florist,The Florist,en,4.5084,2026-09-24,0.0,0
9,1774414,Farm to Table,Farm to Table,en,0.2,2026-09-24,0.0,0
10,1754844,Khanom valede,خانم والده,fa,2.6263,2026-09-16,0.0,0
11,671296,Jíkuri. Journey to the Land of the Tarahumara,Jíkuri,fr,1.4796,2026-09-16,0.0,0
12,1770727,Present Past,ახლანდელი წარსული,ka,0.5633,2026-09-15,0.0,0
13,1553591,Shame and Money,Shame and Money,sq,3.4541,2026-09-24,0.0,0
14,1770796,The Punisher,惩罚者,zh,1.3708,2026-09-15,5.0,1
15,1460933,Angh,Angh,my,2.0548,2026-09-15,0.0,0
16,1461062,Memórias do Cárcere,Memórias do Cárcere,pt,1.4827,2026-09-24,0.0,0
17,1530249,Black Church Bay,Black Church Bay,en,1.4296,2026-09-25,0.0,0
18,1747920,Neil Peart: No One's Disciple,Neil Peart: No One's Disciple,en,1.2081,2026-09-16,0.0,0
19,1771391,Vilda smaker,Vilda smaker,sv,0.2541,2026-09-16,0.0,0
0,1764518,A Perfect Pair,A Perfect Pair,en,1.1362,2026-09-25,0.0,0
1,1044945,Hellbilly Hollow,Hellbilly Hollow,en,2.3986,2026-09-25,0.0,0
2,1403519,The Scout,The Scout,en,1.7426,2026-09-25,0.0,0
3,1765359,Franjo,Franjo,fr,1.5925,2026-09-15,8.0,1
4,1398523,How Hard Can It Be?,How Hard Can It Be?,en,1.3287,2026-09-25,0.0,0
5,1496928,We Are Aliens,我々は宇宙人,ja,2.1353,2026-09-25,0.0,0
6,1717645,Imichki,Imichki,ar,1.9594,2026-09-15,0.0,0
7,1379486,Victorian Psycho,Victorian Psycho,en,6.4491,2026-09-25,0.0,0
8,1735702,The Living Tree,The Living Tree,en,1.1193,2026-09-25,0.0,0
9,9552,The Exorcist,The Exorcist,en,22.5197,1973-12-26,7.747,8873
10,1086176,The Old Dog,老江湖,zh,1.829,2026-09-25,0.0,0
11,1771059,Majarajooyi Dar Jazireye James Bond,Majarajooyi Dar Jazireye James Bond,fa,0.6409,2026-09-15,0.0,0
12,1232113,Pauline Julien: Woman of the Country,Pauline Julien: Femme pays,fr,1.1386,2026-09-25,0.0,0
13,1285815,Mahakavya Shri Ramayan Katha – Shri Ram Ki,Mahakavya Shri Ramayan Katha – Shri Ram Ki,hi,1.7027,2026-09-25,0.0,0
14,1571766,Kraken,Kraken,fr,2.1578,2026-09-25,0.0,0
15,1771435,Arrumação,Arrumação,pt,0.3793,2026-09-14,0.0,0
16,1728084,AEW All Out 2026,AEW All Out 2026,en,1.1436,2026-09-26,0.0,0
17,1740387,Acharya,आचार्य,ne,2.6839,2026-09-25,0.0,0
18,1764167,Lovely House By The Lake,Дом у озера,ru,0.7551,2026-09-26,0.0,0
19,1545391,Resan till Piemonte,Resan till Piemonte,sv,1.1306,2026-09-25,0.0,0
0,1504211,Love Is the Monster,Amor es el monstruo,es,1.0968,2026-09-14,0.0,0
1,1431738,Anbil Avan,அன்பில் அவன்,ta,1.8116,2026-09-25,0.0,0
2,1767141,The Ocean Between Them,The Ocean Between Them,en,1.8454,2026-09-26,0.0,0
3,1770642,First Day,First Day,cs,0.7623,2026-09-26,0.0,0
4,1742854,Pumpkin Regatta Romance,Pumpkin Regatta Romance,en,1.1066,2026-09-26,0.0,0
5,49013,Cars 2,Cars 2,en,38.9466,2011-06-11,6.191,8701
6,1769001,School of Working Children,School of Working Children,fa,0.7958,2026-09-13,0.0,0
7,786892,Furiosa: A Mad Max Saga,Furiosa: A Mad Max Saga,en,34.85,2024-05-22,7.444,5195
8,1758349,The Fly,La mosca,es,2.6119,2026-09-13,0.0,0
9,1769717,M.I.S.S.I.O.N. 歌劇な潜入捜査官,M.I.S.S.I.O.N. 歌劇な潜入捜査官,ja,1.4208,2026-09-14,0.0,0
10,1544905,All That She Wants,All That She Wants,en,1.8424,2026-09-13,0.0,0
11,1772976,Kill. Bury. Print.,Kill. Bury. Print.,en,0.5363,2026-09-27,0.0,0
12,1768858,Histórias de Terror e Delicadeza,Histórias de Terror e Delicadeza,pt,1.2662,2026-09-13,0.0,0
13,1153093,Heil Jupiter!,Estela de sombra,es,1.0106,2026-09-27,0.0,0
14,1517127,Drifter,Drifter,en,4.8582,2026-09-12,5.0,1
15,863,Toy Story 2,Toy Story 2,en,52.3165,1999-10-30,7.622,15368
16,1554243,Prayer,Prayer,en,2.006,2026-09-28,0.0,0
17,181808,Star Wars: The Last Jedi,Star Wars: The Last Jedi,en,30.1116,2017-12-13,6.737,16680
18,1721401,The Legend of Captain Scarlet,The Legend of Captain Scarlet,en,1.4354,2026-09-12,0.0,0
19,1608727,Vintage Violence,Vintage Violence,en,3.3156,2026-09-12,0.0,0
0,1765359,Franjo,Franjo,fr,1.5925,2026-09-15,8.0,1
1,1398523,How Hard Can It Be?,How Hard Can It Be?,en,1.3287,2026-09-25,0.0,0
2,1496928,We Are Aliens,我々は宇宙人,ja,2.1353,2026-09-25,0.0,0
3,1717645,Imichki,Imichki,ar,1.9594,2026-09-15,0.0,0
4,1379486,Victorian Psycho,Victorian Psycho,en,6.4491,2026-09-25,0.0,0
5,1735702,The Living Tree,The Living Tree,en,1.1193,2026-09-25,0.0,0
6,9552,The Exorcist,The Exorcist,en,22.5197,1973-12-26,7.747,8873
7,1086176,The Old Dog,老江湖,zh,1.829,2026-09-25,0.0,0
8,1771059,Majarajooyi Dar Jazireye James Bond,Majarajooyi Dar Jazireye James Bond,fa,0.6409,2026-09-15,0.0,0
9,1232113,Pauline Julien: Woman of the Country,Pauline Julien: Femme pays,fr,1.1386,2026-09-25,0.0,0
10,1285815,Mahakavya Shri Ramayan Katha – Shri Ram Ki,Mahakavya Shri Ramayan Katha – Shri Ram Ki,hi,1.7027,2026-09-25,0.0,0
11,1571766,Kraken,Kraken,fr,2.1578,2026-09-25,0.0,0
12,1771435,Arrumação,Arrumação,pt,0.3793,2026-09-14,0.0,0
13,1740387,Acharya,आचार्य,ne,2.6839,2026-09-25,0.0,0
14,1764167,Lovely House By The Lake,Дом у озера,ru,0.7551,2026-09-26,0.0,0
15,1545391,Resan till Piemonte,Resan till Piemonte,sv,1.1306,2026-09-25,0.0,0
16,1504211,Love Is the Monster,Amor es el monstruo,es,1.0968,2026-09-14,0.0,0
17,1431738,Anbil Avan,அன்பில் அவன்,ta,1.8116,2026-09-25,0.0,0
18,1767141,The Ocean Between Them,The Ocean Between Them,en,1.8454,2026-09-26,0.0,0
19,1770642,First Day,First Day,cs,0.7623,2026-09-26,0.0,0
0,1757506,Crooked Miles,Crooked Miles,en,3.977,2026-09-29,0.0,0
1,1767712,Spit Or Swallow,Spit Or Swallow,tl,2.6644,2026-09-11,3.667,3
2,1425487,Low Expectations,Lave forventninger,no,2.1208,2026-09-11,7.0,1
3,1193673,Oh My Ghost! Oh My God!,怎麼可能我家的祖先是你家的鬼,zh,1.1823,2026-09-10,0.0,0
4,1645164,Serpenti,Serpenti,it,4.0243,2026-09-10,6.3,20
5,1727638,Jangan Lupa Bahagia,Jangan Lupa Bahagia,id,1.3923,2026-09-10,0.0,0
6,1769844,Secrets of the Bayeux Tapestry: Inside the Museum,Secrets of the Bayeux Tapestry: Inside the Museum,en,1.4407,2026-09-10,10.0,1
7,1773606,FINAL_FIX.psd,FINAL_FIX.psd,en,0.2382,2026-09-30,0.0,0
8,1610820,Santo António - O Casamenteiro de Lisboa,Santo António - O Casamenteiro de Lisboa,pt,1.9055,2026-09-10,8.0,1
9,1770856,DÉSIR de LIBERTÉ,DÉSIR de LIBERTÉ,en,0.344,2026-09-10,0.0,0
10,1771924,Permafrost,Permafrost,fr,0.2688,2026-09-10,0.0,0
11,1770193,The Great Plague: The Village That Saved Britain,The Great Plague: The Village That Saved Britain,en,0.7659,2026-09-10,0.0,0
12,1596301,"Mum, I'm Alien Pregnant","Mum, I'm Alien Pregnant",en,1.9248,2026-09-10,9.0,1
13,1768234,When America Took the Field,When America Took the Field,en,1.7984,2026-09-10,0.0,0
14,1418516,The Longing,ミックスモダン,ja,0.8637,2026-09-30,0.0,0
15,1590653,Maids to Order,Agensi Rumah Tangga,id,2.2207,2026-09-10,6.0,3
16,1364368,Purgatory: Zone of Murderers,연옥: 살인마들의 자치구역,ko,2.1222,2026-09-09,0.0,0
17,1751307,Tango pro 3,Tango pro 3,cs,1.3341,2026-10-01,0.0,0
18,1312311,Billie Melody,Billie Melody,fr,0.9825,2026-09-09,6.0,2
19,1734945,Young Women Fighting,Young Women Fighting,en,0.669,2026-09-09,0.0,0
0,49013,Cars 2,Cars 2,en,38.9466,2011-06-11,6.191,8701
1,1769001,School of Working Children,School of Working Children,fa,0.7958,2026-09-13,0.0,0
2,786892,Furiosa: A Mad Max Saga,Furiosa: A Mad Max Saga,en,34.85,2024-05-22,7.444,5195
3,1758349,The Fly,La mosca,es,2.6119,2026-09-13,0.0,0
4,1769717,M.I.S.S.I.O.N. 歌劇な潜入捜査官,M.I.S.S.I.O.N. 歌劇な潜入捜査官,ja,1.4208,2026-09-14,0.0,0
5,1544905,All That She Wants,All That She Wants,en,1.8424,2026-09-13,0.0,0
6,1772976,Kill. Bury. Print.,Kill. Bury. Print.,en,0.5363,2026-09-27,0.0,0
7,2048,"I, Robot","I, Robot",en,24.7542,2004-07-15,6.97,12995
8,1768858,Histórias de Terror e Delicadeza,Histórias de Terror e Delicadeza,pt,1.2662,2026-09-13,0.0,0
9,1153093,Heil Jupiter!,Estela de sombra,es,1.0106,2026-09-27,0.0,0
10,1517127,Drifter,Drifter,en,4.8582,2026-09-12,5.0,1
11,1554243,Prayer,Prayer,en,2.006,2026-09-28,0.0,0
12,1721401,The Legend of Captain Scarlet,The Legend of Captain Scarlet,en,1.4354,2026-09-12,0.0,0
13,1608727,Vintage Violence,Vintage Violence,en,3.3156,2026-09-12,0.0,0
14,646380,Don't Look Up,Don't Look Up,en,22.7296,2021-12-08,7.055,9683
15,1634230,Whatcha Want,Whatcha Want,en,5.8756,2026-09-12,0.0,0
16,1619996,Long Long Night,긴긴밤,ko,1.0373,2026-09-12,0.0,0
17,1768789,9/11 Tribute in Light: Live from Lower Manhattan,9/11 Tribute in Light: Live from Lower Manhattan,en,1.5848,2026-09-11,0.0,0
18,1616419,The Good Lawyer,Un bon avocat,fr,2.0569,2026-09-11,0.0,0
19,1727412,Behuli,बेहुली,ne,1.3697,2026-09-11,0.0,0
0,1733908,Company,Company,en,3.0845,2026-09-08,5.6,4
1,1737455,Kill Okiharu's Tears,沖晴くんの涙を殺して,ja,0.8968,2026-10-02,0.0,0
2,1664003,Stavros Halkias: Uncle Stav,Stavros Halkias: Uncle Stav,en,2.8034,2026-09-08,6.6,7
3,1767957,Before the Ice Melts,Before the Ice Melts,en,1.2189,2026-09-08,0.0,0
4,1759875,The Militia,The Militia,en,1.8583,2026-09-08,8.0,1
5,1766396,Porn Academy,Porn Academy,en,0.5966,2026-09-08,0.0,0
6,1758072,Il était une Voix... Céline Dion,Il était une Voix... Céline Dion,fr,1.4804,2026-09-08,0.0,0
7,1613791,Faux Amis,Faux Amis,en,2.2461,2026-09-07,0.0,0
8,1658406,Valmiki Ramayana,वाल्मीकि रामायण,hi,1.0656,2026-10-02,0.0,0
9,1756422,KARAOKILL,Án Mạng Karaoke,vi,2.1355,2026-10-02,0.0,0
10,1299581,Knife: The Attempted Murder of Salman Rushdie,Knife: The Attempted Murder of Salman Rushdie,en,3.1959,2026-10-02,0.0,0
11,1516418,Under the Skin,Under the Skin,es,1.0077,2026-09-07,0.0,0
12,8587,The Lion King,The Lion King,en,46.733,1994-06-15,8.251,20144
13,2062,Ratatouille,Ratatouille,en,31.9659,2007-06-28,7.847,18946
14,1730542,The Burning Giants,ยักษ์ไหม้,th,1.2718,2026-09-07,0.0,0
15,1733627,TJPW Wrestle Princess VII,WRESTLE PRINCESS Ⅶ,ja,5.0613,2026-10-03,0.0,0
16,9659,Mad Max,Mad Max,en,14.9659,1979-04-12,6.681,5109
17,1756903,Sand Roads,Sand Roads,en,1.1533,2026-10-04,0.0,0
18,546554,Knives Out,Knives Out,en,34.6293,2019-11-27,7.844,14500
19,1771454,Avenged Sevenfold - Rock in Rio 2026,Avenged Sevenfold - Rock in Rio 2026,en,0.3928,2026-09-06,10.0,1
0,1518395,Arriba Tutto,Arriba Tutto,es,1.95,2026-10-09,0.0,0
1,1756717,Der Boxerkrieg - Das Ende des chinesischen Kaiserreichs,Der Boxerkrieg - Das Ende des chinesischen Kaiserreichs,de,0.6033,2026-09-01,8.0,1
2,1096228,Musk,Musk,en,2.8531,2026-10-09,0.0,0
3,1751387,ISO: Whore in Law,Se Busca Cuñada Cualquiera,es,1.9519,2026-09-01,0.0,0
4,1493426,Chasing Millions,Chasing Millions,en,1.0409,2026-10-09,0.0,0
5,1760980,The Stranger,The Stranger,ka,0.7534,2026-09-01,0.0,0
6,1160923,DarkGame,DarkGame,en,2.996,2024-02-29,5.0,60
7,1760406,Lo que queda de mi,Lo que queda de mi,es,0.4865,2026-09-01,0.0,0
8,1725026,Bite,Bite,en,0.8326,2026-09-01,0.0,0
9,1630237,Treasure Trekkers,Treasure Trekkers,en,2.6925,2026-10-09,0.0,0
10,718833,Bokshi,Bokshi,hi,8.0589,2026-10-09,0.0,0
11,1375156,Udta Teer,उड़ता तीर,hi,2.187,2026-10-09,0.0,0
12,1454616,Blind Ants,Inurri itsuak,eu,1.2713,2026-10-09,0.0,0
13,1759177,Midday Meal,غذای نیمروز,fa,0.7334,2026-10-09,0.0,0
14,1507696,Apocalipsis Z: New World,Apocalipsis Z: Nuevo Mundo,es,2.1471,2026-10-09,0.0,0
15,1770483,Ghosts of Westlake,Ghosts of Westlake,en,0.3971,2026-10-09,0.0,0
16,1754883,Hinotama: Ball of Fire,火の玉を見た,ja,1.6188,2026-10-10,0.0,0
17,1482547,Zip Wire,Zip Wire,en,200.2283,2026-08-31,7.6,12
18,1379928,Ria,Ria,tl,0.9483,2026-10-10,0.0,0
19,1444005,Onde Moram os Irmãos,Onde Moram os Irmãos,pt,1.2953,2026-08-31,0.0,0
0,1560208,Ramba Oorvasi Menaka,రంభ ఊర్వశి మేనక,te,2.9293,2026-09-04,0.0,0
1,1468229,Ernie & Emma,Ernie & Emma,en,10.5796,2026-09-04,0.0,0
2,1433157,Nature: The Call for Reconciliation,Nature : pour une réconciliation,fr,2.6709,2026-09-04,0.0,0
3,1767342,Munde Jattan De Balaunde Bakre,Munde Jattan De Balaunde Bakre,pa,1.0823,2026-09-03,0.0,0
4,985939,Fall,Fall,en,32.8952,2022-08-11,7.141,4877
5,1417426,Idol,بت,fa,0.6954,2026-10-07,0.0,0
6,1196071,Voices in my Head,Voices in my Head,de,1.5476,2026-09-03,0.0,0
7,1774018,Love Story of Mojin,무진연가,ko,0.0786,2026-09-03,0.0,0
8,1767007,Putain de travail !,Putain de travail !,fr,1.4641,2026-09-03,0.0,0
9,1547995,La Maison de nos rêves,La Maison de nos rêves,fr,2.5853,2026-10-07,0.0,0
10,1429592,All About Corinne,"Ni vue, ni connue",fr,2.3897,2026-10-07,0.0,0
11,1761294,Atucic Compresse - Pensieri intrusivi,Atucic Compresse - Pensieri intrusivi,en,0.4745,2026-09-03,0.0,0
12,1669281,Romanchakam,రోమాంచకం,te,1.4184,2026-09-02,0.0,0
13,1620963,Shaving,면도,ko,1.4567,2026-10-08,0.0,0
14,1567791,Munafik: Melawan Iblis,Munafik: Melawan Iblis,id,2.5279,2026-09-03,6.8,2
15,1760552,Sternbrücke Forever,Sternbrücke Forever,de,1.6181,2026-10-08,0.0,0
16,1452237,Lügen über meine Mutter,Lügen über meine Mutter,de,1.209,2026-10-08,0.0,0
17,1477576,"Love, After All",Alte Liebe,de,0.9012,2026-10-08,0.0,0
18,1484222,In the Name of Love,อัศจรรย์วันทอง,th,21.2714,2026-09-03,0.0,0
19,1622688,Baby Udon,Baby Udon,id,5.2405,2026-09-03,6.0,2
0,1754386,Cosmogonie,Cosmogonie,fr,1.7548,2026-10-14,0.0,0
1,1729232,Il était une fois le printemps,Il était une fois le printemps,fr,0.8575,2026-10-14,0.0,0
2,1774141,Production Diary: Making of 'The Kingdom of the Crystal Skull',Production Diary: Making of 'The Kingdom of the Crystal Skull',en,0.1071,2026-10-14,0.0,0
3,1479846,Hive,Hive,en,3.2325,2026-08-27,4.0,1
4,1668031,San San Jo Gak,산산조각,ko,0.8287,2026-08-26,0.0,0
5,1384111,The Love of Truman,트루먼의 사랑,ko,0.8336,2026-08-26,0.0,0
6,947493,Iron Boy,Le Corset,fr,3.7574,2026-10-14,0.0,0
7,1736572,Midnight Incense,ธูป เที่ยงคืน วิญญาณ,th,1.8208,2026-08-27,1.0,1
8,1627123,Dracula,Dracula,fr,1.6736,2026-08-26,0.0,0
9,156022,The Equalizer,The Equalizer,en,41.545,2014-09-24,7.293,10200
10,1758599,Manual Wind,Cuerda Manual,es,8.4697,2026-10-15,0.0,0
11,1213243,Toxic: A Fairy Tale for Grown-ups,ಟಾಕ್ಸಿಕ್,kn,29.1259,2026-08-26,8.027,74
12,1182935,The Unknown,L’inconnue,fr,2.4561,2026-08-26,5.9,14
13,14160,Up,Up,en,36.1267,2009-05-28,7.961,22135
14,1712448,Dondurmam Gaymak Gapital,Dondurmam Gaymak Gapital,tr,1.0525,2026-10-16,0.0,0
15,1550019,Elis & Eu,Elis & Eu,pt,1.3168,2026-08-25,6.0,1
16,1772765,'Tis the Season for Setups,'Tis the Season for Setups,en,0.3221,2026-10-16,0.0,0
17,1389379,Ranabaali,రణబాలి,te,2.7116,2026-10-16,0.0,0
18,1482560,The Bad Son,El mal hijo,es,1.4241,2026-10-16,0.0,0
19,1081010,Prahaar,प्रहार,hi,1.6523,2026-10-16,0.0,0
0,1760406,Lo que queda de mi,Lo que queda de mi,es,0.4865,2026-09-01,0.0,0
1,1725026,Bite,Bite,en,0.8326,2026-09-01,0.0,0
2,1630237,Treasure Trekkers,Treasure Trekkers,en,2.6925,2026-10-09,0.0,0
3,354912,Coco,Coco,en,43.4624,2017-10-27,8.197,21409
4,718833,Bokshi,Bokshi,hi,8.0589,2026-10-09,0.0,0
5,1375156,Udta Teer,उड़ता तीर,hi,2.187,2026-10-09,0.0,0
6,1454616,Blind Ants,Inurri itsuak,eu,1.2713,2026-10-09,0.0,0
7,1759177,Midday Meal,غذای نیمروز,fa,0.7334,2026-10-09,0.0,0
8,1507696,Apocalipsis Z: New World,Apocalipsis Z: Nuevo Mundo,es,2.1471,2026-10-09,0.0,0
9,1770483,Ghosts of Westlake,Ghosts of Westlake,en,0.3971,2026-10-09,0.0,0
10,1754883,Hinotama: Ball of Fire,火の玉を見た,ja,1.6188,2026-10-10,0.0,0
11,1482547,Zip Wire,Zip Wire,en,200.2283,2026-08-31,7.6,12
12,1379928,Ria,Ria,tl,0.9483,2026-10-10,0.0,0
13,1444005,Onde Moram os Irmãos,Onde Moram os Irmãos,pt,1.2953,2026-08-31,0.0,0
14,1654306,Fubei Park,去者日以疏,zh,1.204,2026-10-10,0.0,0
15,940009,Ray Gunn,Ray Gunn,en,3.5569,2026-10-10,0.0,0
16,1774135,Joey Essex vs. Dapper Laughs,Joey Essex vs. Dapper Laughs,en,0.0143,2026-10-10,0.0,0
17,1759196,Hilol,Ҳилол,uz,0.923,2026-10-10,0.0,0
18,1759389,Circus Camille 2026,Circus Camille 2026,nl,1.1574,2026-08-30,0.0,0
19,1750171,AAA Ola de Calor 2026,AAA Ola de Calor 2026,en,2.6643,2026-08-30,7.5,2
0,1758580,HIKIKOMORI,HIKIKOMORI,es,0.9577,2026-08-30,9.0,4
1,1447559,Bad Karaoke,Bad Karaoke,en,1.6385,2026-08-30,0.0,0
2,1750165,NXT Heatwave 2026,NXT Heatwave 2026,en,2.9181,2026-08-30,6.8,4
3,1519320,AEW All In 2026: London,AEW All In 2026: London,en,5.0577,2026-08-30,9.2,8
4,1366,Rocky,Rocky,en,17.1057,1976-12-03,7.799,8894
5,1753126,Eine Wingwoman verliebt sich nicht,Eine Wingwoman verliebt sich nicht,de,1.1859,2026-08-30,5.0,4
6,1421417,The Soloist,Соліст,uk,1.8288,2026-08-30,0.0,0
7,1652113,Through Silence and Wind,Per silenzio e vento,it,0.9359,2026-10-12,0.0,0
8,1764193,Echo Point,Echo Point,en,4.289,2026-08-28,0.0,0
9,1318304,Once More,ஒன்ஸ் மோர்,ta,4.4297,2026-08-28,0.0,0
10,1763029,Manithan Enbavan...,மனிதன் என்பவன்...,ta,0.6507,2026-08-28,0.0,0
11,1636410,Castration Movie Chapter iii.ii Junior Ghosts—Premorphic Drift; a fragmentary passage,Castration Movie Chapter iii.ii Junior Ghosts—Premorphic Drift; a fragmentary passage,en,2.3177,2026-08-28,0.0,0
12,1502135,Hideaway: The Dossiers,密档,zh,4.3996,2026-08-28,0.0,0
13,1748756,Gaskins: The Hitchhiker Killer,Gaskins: The Hitchhiker Killer,en,1.8686,2026-08-28,4.8,4
14,1719725,Flaggan,Flaggan,sv,2.2898,2026-08-28,0.0,0
15,1758110,"Terminator, des machines et des hommes... et une femme","Terminator, des machines et des hommes... et une femme",fr,1.5472,2026-08-27,6.7,3
16,1754386,Cosmogonie,Cosmogonie,fr,1.7548,2026-10-14,0.0,0
17,1729232,Il était une fois le printemps,Il était une fois le printemps,fr,0.8575,2026-10-14,0.0,0
18,1774141,Production Diary: Making of 'The Kingdom of the Crystal Skull',Production Diary: Making of 'The Kingdom of the Crystal Skull',en,0.1071,2026-10-14,0.0,0
19,1479846,Hive,Hive,en,3.2325,2026-08-27,4.0,1
0,1949,Zodiac,Zodiac,en,21.5661,2007-03-02,7.532,11895
1,1549719,I Will Come,Я приду,ru,2.1059,2026-10-08,0.0,0
2,1304530,Tell Everyone,Kerro kaikille,fi,2.4876,2026-10-09,0.0,0
3,1590909,Ibuku,Ibuku,id,4.1386,2026-10-08,0.0,0
4,1613093,Led by the Ashes,Ao Sabor das Cinzas,pt,1.2627,2026-10-08,0.0,0
5,1518395,Arriba Tutto,Arriba Tutto,es,1.95,2026-10-09,0.0,0
6,1756717,Der Boxerkrieg - Das Ende des chinesischen Kaiserreichs,Der Boxerkrieg - Das Ende des chinesischen Kaiserreichs,de,0.6033,2026-09-01,8.0,1
7,1096228,Musk,Musk,en,2.8531,2026-10-09,0.0,0
8,1751387,ISO: Whore in Law,Se Busca Cuñada Cualquiera,es,1.9519,2026-09-01,0.0,0
9,1493426,Chasing Millions,Chasing Millions,en,1.0409,2026-10-09,0.0,0
10,1760980,The Stranger,The Stranger,ka,0.7534,2026-09-01,0.0,0
11,1160923,DarkGame,DarkGame,en,2.996,2024-02-29,5.0,60
12,1760406,Lo que queda de mi,Lo que queda de mi,es,0.4865,2026-09-01,0.0,0
13,1725026,Bite,Bite,en,0.8326,2026-09-01,0.0,0
14,1630237,Treasure Trekkers,Treasure Trekkers,en,2.6925,2026-10-09,0.0,0
15,718833,Bokshi,Bokshi,hi,8.0589,2026-10-09,0.0,0
16,1454616,Blind Ants,Inurri itsuak,eu,1.2713,2026-10-09,0.0,0
17,1759177,Midday Meal,غذای نیمروز,fa,0.7334,2026-10-09,0.0,0
18,1507696,Apocalipsis Z: New World,Apocalipsis Z: Nuevo Mundo,es,2.1471,2026-10-09,0.0,0
19,1770483,Ghosts of Westlake,Ghosts of Westlake,en,0.3971,2026-10-09,0.0,0
0,1452110,Clean Hands,Clean Hands,en,2.6201,2026-10-16,0.0,0
1,1747407,Enver,安華,zh,0.5016,2026-09-20,0.0,0
2,1768010,Stuck,Vast,nl,1.4827,2026-10-17,0.0,0
3,1746629,Kumarangk: Sacred Women's Business,Kumarangk: Sacred Women's Business,en,0.6156,2026-10-17,0.0,0
4,1757052,I Knead You,那個掉屑的她,zh,1.4184,2026-10-17,0.0,0
5,1747401,Xianglian's Room,王香蓮,zh,0.7206,2026-10-18,0.0,0
6,1773006,Mr. & Mrs. Christmas,Mr. & Mrs. Christmas,en,0.5275,2026-10-18,0.0,0
7,1748431,Anitta: Equilibrivm Tour,Anitta: Equilibrivm Tour,pt,1.8026,2026-08-22,0.0,0
8,103,Taxi Driver,Taxi Driver,en,24.848,1976-02-09,8.122,13795
9,1754100,The Ferry Man: Butterfly Dream,灵魂摆渡·蝴蝶梦,zh,2.6351,2026-08-22,4.0,1
10,1746754,The Animal Remains,"Žival, ki ostane",sl,1.1518,2026-08-21,0.0,0
11,1741600,Beautiful Girl,Beautiful Girl,en,1.6151,2026-08-22,0.0,0
12,1473091,Sanjeev,Sanjeev,te,0.9234,2026-08-21,0.0,0
13,1746116,Captive,Captive,en,1.2086,2026-08-21,0.0,0
14,1749614,More Lovely,More Lovely,en,1.9878,2026-08-21,0.0,0
15,1752999,Di Renjie: Six Dragon Phases,狄仁杰之玄龙六相,zh,1.6898,2026-08-20,2.0,1
16,1538273,Pyaar Prema Kalyanam,ப்யார் ப்ரேமா கல்யாணம்,ta,6.4934,2026-08-21,6.857,14
17,1530096,Bloß nicht Liebe,Bloß nicht Liebe,de,1.5899,2026-08-21,5.0,1
18,1747183,O Bom e Velho Lima,O Bom e Velho Lima,pt,1.5859,2026-08-20,0.0,0
19,1567195,A fuego,A fuego,es,2.1191,2026-08-21,0.0,0
0,1603262,Everest: The Other Side,Everest: The Other Side,en,2.5262,2026-10-29,0.0,0
1,1747097,Kocamin Avukatiyim,Kocamın Avukatıyım,tr,1.4497,2026-08-11,0.0,0
2,1736415,Rory Scovel: Show Must Go On,Rory Scovel: Show Must Go On,en,1.6155,2026-08-11,6.75,4
3,1552079,The Last Roman God,Posljednji rimski bog,la,1.8906,2026-10-29,0.0,0
4,999592,Rise of the Empire,Рождение империи,ru,2.3418,2026-10-29,0.0,0
5,1746730,Overseas Pursuit,海外追逃,zh,1.0383,2026-08-10,4.0,1
6,1749605,Chapters of Scare,Chapters of Scare,en,0.8156,2026-10-30,0.0,0
7,1688623,The 10th House,Trấn Yểm,vi,1.5242,2026-10-30,0.0,0
8,1259835,A Corpse in Kensington,A Corpse in Kensington,en,1.7839,,0.0,0
9,1763203,Return of Rizal,Return of Rizal,id,0.8415,2026-10-31,0.0,0
10,1746354,Flames of Dachen,热血大陈岛,zh,0.6469,2026-08-09,0.0,0
11,1723983,Digby & Camille,Digby & Camille,en,1.8401,2026-08-09,0.0,0
12,1723406,NJPW G1 Climax 36 - Day 14,NJPW G1 Climax 36 - Day 14,ja,1.0621,2026-08-09,7.5,2
13,1760311,Barbie in the Nutcracker,Barbie in the Nutcracker,en,1.185,2026-11-01,0.0,0
14,1774670,The Things I Keep Searching For,Yang terus Kucari,id,0.0,2026-08-09,0.0,0
15,1598732,Perfect World Movie: Ninefold The Burning Sky,完美世界剧场版 九劫焚天,zh,8.4296,2026-08-08,6.0,3
16,1630030,Demon Agent,大唐妖探,zh,2.489,2026-08-08,5.5,2
17,1738575,She Stole My Son's Heart,She Stole My Son's Heart,en,2.9431,2026-08-08,4.0,2
18,1536431,Donkey Princess,Princesa Burro,es,3.1275,2026-08-07,0.0,0
19,1745603,Peregrine Falcon,Peregrine Falcon,en,1.7582,2026-08-07,0.0,0
0,1712448,Dondurmam Gaymak Gapital,Dondurmam Gaymak Gapital,tr,1.0525,2026-10-16,0.0,0
1,1550019,Elis & Eu,Elis & Eu,pt,1.3168,2026-08-25,6.0,1
2,1772765,'Tis the Season for Setups,'Tis the Season for Setups,en,0.3221,2026-10-16,0.0,0
3,1389379,Ranabaali,రణబాలి,te,2.7116,2026-10-16,0.0,0
4,1482560,The Bad Son,El mal hijo,es,1.4241,2026-10-16,0.0,0
5,1614539,Ave Mujica - prima aurora -,BanG Dream! Ave Mujica prima aurora,ja,1.3057,2026-10-16,0.0,0
6,1512967,Dirt in Your Face,Musta pori näkku,et,1.2261,2026-10-16,0.0,0
7,1755794,杯雪,杯雪,zh,0.6479,2026-08-25,8.0,1
8,1687667,Get Undressed,呪区,ja,0.7717,2026-10-16,0.0,0
9,1760638,You Can't Leave,You Can't Leave,en,2.2007,2026-10-16,0.0,0
10,1452110,Clean Hands,Clean Hands,en,2.6201,2026-10-16,0.0,0
11,1747407,Enver,安華,zh,0.5016,2026-09-20,0.0,0
12,1368,First Blood,First Blood,en,24.125,1982-10-22,7.52,7095
13,1768010,Stuck,Vast,nl,1.4827,2026-10-17,0.0,0
14,1746629,Kumarangk: Sacred Women's Business,Kumarangk: Sacred Women's Business,en,0.6156,2026-10-17,0.0,0
15,1757052,I Knead You,那個掉屑的她,zh,1.4184,2026-10-17,0.0,0
16,1747401,Xianglian's Room,王香蓮,zh,0.7206,2026-10-18,0.0,0
17,1773006,Mr. & Mrs. Christmas,Mr. & Mrs. Christmas,en,0.5275,2026-10-18,0.0,0
18,165,Back to the Future Part II,Back to the Future Part II,en,27.02,1989-11-22,7.784,14285
19,1752772,TNA Lockdown 2026,TNA Lockdown 2026,en,1.9512,2026-08-23,5.0,1
0,1466164,Laundry,Uhlanjululo,zu,2.0188,2026-08-13,0.0,0
1,1328335,Steckerlfischfiasko,Steckerlfischfiasko,de,2.6321,2026-08-13,7.4,6
2,1438207,Ever After,Ever After,en,1.9001,2026-08-13,0.0,0
3,1628899,Concrete Land,تِياها,ar,1.4436,2026-08-13,0.0,0
4,1735090,Take Care,Alles Gute,xx,1.6802,2026-08-13,0.0,0
5,1698443,"Yo, Narciso","Yo, Narciso",es,4.6319,2026-08-13,6.5,2
6,1217954,Lucy Lost,Lucy Lost,fr,2.4423,2026-10-28,0.0,0
7,1723994,Jebediah: Are We OK?,Jebediah: Are We OK?,en,1.664,2026-08-13,0.0,0
8,1736318,We Are Born Good,善男信女,cn,1.5261,2026-10-29,0.0,0
9,1125627,DreamQuil,DreamQuil,en,1.9815,2026-11-12,0.0,0
10,1512629,Biermann,Biermann,de,1.4172,2026-10-29,0.0,0
11,1748677,Dirty Games,Dirty Games,en,4.1836,2026-08-13,3.7,3
12,1246509,Tear Gas,Tear Gas,ka,1.4913,2026-08-12,0.0,0
13,1728113,Katseye: Wild Hearts,Katseye: Wild Hearts,en,3.4927,2026-08-12,1.0,1
14,1280015,Sunny Dancer,Sunny Dancer,en,6.9635,2026-08-12,7.0,15
15,1751165,SUPER TAKANAKA WORLD LIVE IN LONDON 2026,SUPER TAKANAKA WORLD LIVE IN LONDON 2026,en,1.2846,2026-08-12,0.0,0
16,1603262,Everest: The Other Side,Everest: The Other Side,en,2.5262,2026-10-29,0.0,0
17,1747097,Kocamin Avukatiyim,Kocamın Avukatıyım,tr,1.4497,2026-08-11,0.0,0
18,1433500,Bruton,Bruton,en,1.3948,2026-08-12,0.0,0
19,1736415,Rory Scovel: Show Must Go On,Rory Scovel: Show Must Go On,en,1.6155,2026-08-11,6.75,4
0,1730552,Afrontosa,Afrontosa,pt,1.6631,2026-08-19,0.0,0
1,1768768,Relict,Relict,en,2.6077,2026-10-22,0.0,0
2,1148213,"Love, My Way",喜欢高兴爱,zh,1.5203,2026-08-19,0.0,0
3,1713924,L'assurda storia della Gialappa's Band,L'assurda storia della Gialappa's Band,it,0.9185,2026-10-22,0.0,0
4,68726,Pacific Rim,Pacific Rim,en,28.8848,2013-07-11,6.948,13813
5,1416303,The Lord of Cold,Морозко,ru,3.0302,2026-10-22,0.0,0
6,1548813,Fifth Mission,Femte Mission,da,1.2252,2026-08-18,10.0,1
7,1406492,La Venganza del Charro Negro,La Venganza del Charro Negro,es,2.3137,2026-10-23,0.0,0
8,1770559,Abductees,Abductees,en,0.7814,2026-10-23,0.0,0
9,1766390,"The Truth Rejects You, Cornelius","La veritat et rebutja, Cornelius",en,0.9705,2026-10-23,0.0,0
10,1773195,Winter Wonderlanes,Winter Wonderlanes,en,0.3179,2026-10-23,0.0,0
11,1751353,隐秘的局中局,隐秘的局中局,zh,0.8258,2026-08-17,5.0,1
12,1689157,Mẹ Mìn,Mẹ Mìn,vi,1.3418,2026-10-23,0.0,0
13,1643567,Ghosts: The Possession of Button House,Ghosts: The Possession of Button House,en,2.4557,2026-10-23,0.0,0
14,1721924,Desert Ed,Desert Ed,en,2.1619,2026-08-17,0.0,0
15,1745041,The Knight of Candle Mountain,The Knight of Candle Mountain,tl,1.5843,2026-08-16,0.0,0
16,1739129,Changes: The Story Of Sugar,Changes: The Story Of Sugar,en,0.8539,2026-08-16,0.0,0
17,1751358,Forest Guard,Forest Guard,te,1.9925,2026-08-16,0.0,0
18,1752420,The Sixteenth Sheep: The Reunion,הכבש השישה-עשר: האיחוד,he,1.3557,2026-08-16,0.0,0
19,1749571,Bronze Guard Corps,青铜护卫队,zh,1.2451,2026-08-14,0.0,0
0,1743624,Red Lady With Two Guns,双枪红娘子,zh,1.4549,2026-08-06,0.0,0
1,772506,Love is Love,Amor es amor,es,2.0207,2026-08-07,7.1,19
2,1251608,The Blood Countess,Die Blutgräfin,de,3.3448,2026-08-07,5.0,1
3,1727563,Ohh My Dog,ओह माय डॉग,hi,1.8497,2026-08-06,0.0,0
4,1731342,The Angel Maker,Der Engelmacher,de,1.9938,2026-08-06,9.0,1
5,1723990,Hard as Puck,Hard as Puck,en,1.0414,2026-11-04,0.0,0
6,1741906,Over The Rambo,Parade Si Rambo,id,1.5626,2026-08-06,0.0,0
7,1128204,Feed,Feed,en,3.9697,2026-08-06,4.6,5
8,1513703,The Last Warrior: Kolobok,Последний богатырь. Колобок,ru,3.4181,2026-08-06,4.6,5
9,1382782,Chili Finger,Chili Finger,en,3.0707,2026-03-14,0.0,0
10,1706729,The Guest,Gæsten,da,2.0267,2026-11-05,0.0,0
11,1460924,Bobel's Kitchen,Bobel's Kitchen,xx,0.9965,2026-08-06,0.0,0
12,1596180,Toko Perlengkapan Mayat,Toko Perlengkapan Mayat,id,0.9817,2026-08-06,0.0,0
13,1744023,That's Not Me,Isso Não Sou Eu,pt,1.2107,2026-08-05,0.0,0
14,1517114,Holofiction,Holofiction,en,1.3345,2026-11-05,0.0,0
15,1540151,Block 10,Block 10,de,0.9652,2026-11-05,0.0,0
16,1728503,The Policewoman,The Policewoman,en,0.5957,2026-11-05,0.0,0
17,1447206,Ghost Song,Geister,de,2.1231,2026-11-05,0.0,0
18,12,Finding Nemo,Finding Nemo,en,43.2351,2003-05-30,7.822,20984
19,1444309,Sky to Soil,Sky to Soil,en,0.7108,2026-08-04,0.0,0
0,1738263,Virose,Virose,en,1.8398,2026-11-06,0.0,0
1,1769195,Pegasus,Pegasus,en,1.5423,2026-11-06,0.0,0
2,1739639,RAGEBAIT,RAGEBAIT,en,3.1215,2026-08-04,7.0,2
3,1697911,Drummer Boy,Drummer Boy,en,2.1491,2026-11-06,0.0,0
4,1716710,Chuyến Đi Nhớ Đời,Chuyến Đi Nhớ Đời,vi,1.1962,2026-11-06,0.0,0
5,1712441,Dance with the Jackals 8,Çakallarla Dans 8: Şututgart Çıkarması,tr,1.6054,2026-11-06,0.0,0
6,385687,Fast X,Fast X,en,38.8441,2023-05-17,6.981,6495
7,196,Back to the Future Part III,Back to the Future Part III,en,16.127,1990-05-25,7.496,11824
8,1735699,Hitler’s Games: Berlin 1936 in Colour,Hitler’s Games: Berlin 1936 in Colour,en,1.3614,2026-08-01,7.0,3
9,1628170,A Way Out,A Way Out,en,0.7444,2026-07-31,0.0,0
10,1480025,How to Lose a Popularity Contest,How to Lose a Popularity Contest,en,4.0244,2026-08-01,4.438,8
11,140607,Star Wars: The Force Awakens,Star Wars: The Force Awakens,en,25.7028,2015-12-15,7.242,20915
12,1740837,Oru Kaalathil Aasthireliyavil,Oru Kaalathil Aasthireliyavil,ta,1.2548,2026-07-31,0.0,0
13,1598766,Crayon Shin-chan the Movie: Very Bizarre! My Yokai Vacation,クレヨンしんちゃん 奇々怪々！オラの妖怪バケ～ション,ja,20.6822,2026-07-31,0.0,0
14,1741200,Unbalanced,Unbalanced,en,0.9403,2026-07-31,0.0,0
15,1740345,Elf Pig Conquered The Demons,灵猪降妖,zh,1.7042,2026-07-30,4.0,1
16,1193614,Il faut brûler maman,Il faut brûler maman,fr,2.0028,2026-11-11,0.0,0
17,1449729,Mountain of Gold,La Montagne d’or,ha,0.8762,2026-11-11,0.0,0
18,1530393,За любовь,За любовь,ru,1.7652,2026-07-30,0.0,0
0,1740946,The Bose Files: Sach Ya Sazish,The Bose Files: Sach Ya Sazish,hi,1.1189,2026-07-30,9.0,1
1,11687,The Visitors,Les Visiteurs,fr,8.1204,1993-01-27,7.1,2099
2,1387504,The Green Eyes,Les yeux verts,fr,1.0089,2026-11-11,0.0,0
3,1551036,Seporsi Mie Ayam Sebelum Mati,Seporsi Mie Ayam Sebelum Mati,id,1.7433,2026-11-12,0.0,0
4,330459,Rogue One: A Star Wars Story,Rogue One: A Star Wars Story,en,19.2383,2016-12-14,7.51,16762
5,1723400,NJPW G1 Climax 36 - Day 8,NJPW G1 Climax 36 - Day 8,ja,0.9719,2026-07-29,8.0,2
6,1734200,The Best Pizza is in LA,The Best Pizza is in LA,en,1.5086,2026-07-28,7.0,1
7,1739078,浴血忠魂,浴血忠魂,zh,0.5235,2026-07-28,0.0,0
8,1734618,Lady Gaga - My Songs. My Life.,Lady Gaga - My Songs. My Life.,de,0.8792,2026-07-29,7.5,2
9,1740502,Worlds Apart,Worlds Apart,en,1.2876,2026-07-29,0.0,0
10,1865,Pirates of the Caribbean: On Stranger Tides,Pirates of the Caribbean: On Stranger Tides,en,33.3477,2011-05-15,6.574,15248
11,640146,Ant-Man and the Wasp: Quantumania,Ant-Man and the Wasp: Quantumania,en,23.947,2023-02-15,6.217,6098
12,1433601,Straight Circle,Straight Circle,en,1.8516,2026-11-13,0.0,0
13,1715914,Wham! 10 Days in China,Wham! 10 Days in China,en,2.4153,2026-07-28,7.2,4
14,1739632,Jurassic Sharks,Jurassic Sharks,en,2.2112,2026-07-28,6.5,1
15,1341023,All This Time,All This Time,en,1.3886,2026-11-13,0.0,0
16,1593354,Man Chicken,Man Chicken,en,1.4472,2026-07-28,0.0,0
17,1127282,Prima Facie,Prima Facie,en,1.7157,2026-11-13,0.0,0
18,1613284,The Age Of Goodbyes,告別的年代,zh,1.9816,2026-11-13,0.0,0
19,296,Terminator 3: Rise of the Machines,Terminator 3: Rise of the Machines,en,23.0005,2003-07-02,6.204,7484
0,1757215,American Amazon,American Amazon,en,0.9566,2026-11-13,0.0,0
1,1575977,Whispers of the North,Whispers of the North,en,1.1206,2026-07-27,0.0,0
2,1736916,Instadocs: The Prediction Games,Instadocs: The Prediction Games,en,2.8896,2026-07-26,6.4,5
3,1773345,The Nights Before Christmas,The Nights Before Christmas,en,0.1279,2026-11-14,0.0,0
4,1742139,"Air Jaws: Red, White and Breach","Air Jaws: Red, White and Breach",en,0.8657,2026-07-26,6.0,1
5,1748797,"Brasília, Devaneio","Brasília, Devaneio",pt,2.2685,2026-07-25,0.0,0
6,177572,Big Hero 6,Big Hero 6,en,44.4701,2014-10-24,7.725,16922
7,385128,F9,F9,en,12.1694,2021-05-19,6.983,7858
8,672,Harry Potter and the Chamber of Secrets,Harry Potter and the Chamber of Secrets,en,46.1594,2002-11-13,7.7,24085
9,1737141,Allons voir,Allons voir,fr,0.6541,2026-07-24,0.0,0
10,1721663,Insectasy,Insectasy,en,1.7522,2026-07-24,0.0,0
11,1737150,I Know Where You Live,I Know Where You Live,en,1.2304,2026-07-24,0.0,0
12,1384040,Haunted Heist,Haunted Heist,en,2.1034,2026-07-24,9.7,3
13,1744007,Geo-Storm,Geo-Storm,en,3.093,2026-07-24,1.0,1
14,51739,Arrietty,借りぐらしのアリエッティ,ja,12.4641,2010-07-16,7.681,3280
15,1404308,Sour Minnows,Sour Minnows,en,2.0666,2026-07-24,0.0,0
16,1704483,Everything As It Should Be,Mistryně,cs,2.2619,2026-07-23,0.0,0
17,1634820,Living Corpse,怪奇！死肉の男,en,1.2817,2026-07-24,0.0,0
18,1758076,Kabaneri of the Iron Fortress: Mumei Ranman,甲鉄城のカバネリ 無名爛漫,ja,0.936,2026-07-24,0.0,0
19,1447885,Heysel 85,Heysel 85,nl,1.1237,2026-11-18,0.0,0
0,1080959,Alien Storm,Alien Storm,en,1.7039,2026-07-21,0.0,0
1,420818,The Lion King,The Lion King,en,25.0271,2019-07-12,7.09,10903
2,1734414,Sex In Public,Sex In Public,tl,1.6887,2026-07-21,3.0,1
3,1314832,Thingy,Thingy,en,2.9498,2026-07-21,5.0,1
4,1746633,The Day After Sunday,日曜のあと,ja,1.1069,2026-11-20,0.0,0
5,1723426,Baby Girl,掌上明珠,zh,0.6736,2026-07-20,0.0,0
6,1724371,A Bouquet of Light for You,ないものねだりの君に光の花束を,ja,1.0518,2026-11-20,0.0,0
7,11906,Suspiria,Suspiria,it,9.1776,1977-02-01,7.465,3258
8,13804,Fast & Furious,Fast & Furious,en,2.2854,2009-04-02,6.685,8002
9,1753467,Pramuka,Pramuka,id,3.3065,2026-07-20,0.0,0
10,1733953,Desert Monsters,荒漠异形​,zh,1.0786,2026-07-19,0.0,0
11,1734277,致予新世界,致予新世界,zh,1.2477,2026-07-19,0.0,0
12,1248230,Splash City,Splash City,en,3.8018,2026-07-20,6.0,5
13,1616908,AnyMart,チルド,ja,3.5021,2026-07-17,7.7,3
14,1632247,My Father's Soul,Roméo et son corps,fr,1.3929,2026-09-17,0.0,0
15,1774133,Tommaso,Tommaso,it,0.0286,2026-07-17,0.0,0
16,1511675,Kingdom 5: The Clash of Souls,キングダム 魂の決戦,ja,17.8314,2026-07-17,8.5,2
17,1744681,M.R.P (Neekentha Naakentha),M.R.P (Neekentha Naakentha),te,1.6614,2026-07-17,3.0,1
18,49018,Insidious,Insidious,en,27.7051,2011-03-31,6.957,7600
19,76492,Hotel Transylvania,Hotel Transylvania,en,25.5965,2012-09-20,6.971,9362
0,1734200,The Best Pizza is in LA,The Best Pizza is in LA,en,1.5086,2026-07-28,7.0,1
1,1739078,浴血忠魂,浴血忠魂,zh,0.5235,2026-07-28,0.0,0
2,1734618,Lady Gaga - My Songs. My Life.,Lady Gaga - My Songs. My Life.,de,0.8792,2026-07-29,7.5,2
3,1740502,Worlds Apart,Worlds Apart,en,1.2876,2026-07-29,0.0,0
4,1433601,Straight Circle,Straight Circle,en,1.8516,2026-11-13,0.0,0
5,1715914,Wham! 10 Days in China,Wham! 10 Days in China,en,2.4153,2026-07-28,7.2,4
6,1739632,Jurassic Sharks,Jurassic Sharks,en,2.2112,2026-07-28,6.5,1
7,1341023,All This Time,All This Time,en,1.3886,2026-11-13,0.0,0
8,1593354,Man Chicken,Man Chicken,en,1.4472,2026-07-28,0.0,0
9,1127282,Prima Facie,Prima Facie,en,1.7157,2026-11-13,0.0,0
10,1613284,The Age Of Goodbyes,告別的年代,zh,1.9816,2026-11-13,0.0,0
11,296,Terminator 3: Rise of the Machines,Terminator 3: Rise of the Machines,en,23.0005,2003-07-02,6.204,7484
12,1757215,American Amazon,American Amazon,en,0.9566,2026-11-13,0.0,0
13,1244492,Look Back,ルックバック,ja,26.1319,2024-06-28,8.185,670
14,1575977,Whispers of the North,Whispers of the North,en,1.1206,2026-07-27,0.0,0
15,1736916,Instadocs: The Prediction Games,Instadocs: The Prediction Games,en,2.8896,2026-07-26,6.4,5
16,1773345,The Nights Before Christmas,The Nights Before Christmas,en,0.1279,2026-11-14,0.0,0
17,1742139,"Air Jaws: Red, White and Breach","Air Jaws: Red, White and Breach",en,0.8657,2026-07-26,6.0,1
18,1748797,"Brasília, Devaneio","Brasília, Devaneio",pt,2.2685,2026-07-25,0.0,0
19,177572,Big Hero 6,Big Hero 6,en,44.4701,2014-10-24,7.725,16922
0,9806,The Incredibles,The Incredibles,en,36.283,2004-10-27,7.729,19307
1,672,Harry Potter and the Chamber of Secrets,Harry Potter and the Chamber of Secrets,en,46.1594,2002-11-13,7.7,24085
2,1737141,Allons voir,Allons voir,fr,0.6541,2026-07-24,0.0,0
3,1721663,Insectasy,Insectasy,en,1.7522,2026-07-24,0.0,0
4,1737150,I Know Where You Live,I Know Where You Live,en,1.2304,2026-07-24,0.0,0
5,1384040,Haunted Heist,Haunted Heist,en,2.1034,2026-07-24,9.7,3
6,1744007,Geo-Storm,Geo-Storm,en,3.093,2026-07-24,1.0,1
7,51739,Arrietty,借りぐらしのアリエッティ,ja,12.4641,2010-07-16,7.681,3280
8,1404308,Sour Minnows,Sour Minnows,en,2.0666,2026-07-24,0.0,0
9,1704483,Everything As It Should Be,Mistryně,cs,2.2619,2026-07-23,0.0,0
10,1634820,Living Corpse,怪奇！死肉の男,en,1.2817,2026-07-24,0.0,0
11,1758076,Kabaneri of the Iron Fortress: Mumei Ranman,甲鉄城のカバネリ 無名爛漫,ja,0.936,2026-07-24,0.0,0
12,1447885,Heysel 85,Heysel 85,nl,1.1237,2026-11-18,0.0,0
13,1473603,LURK,ലർക്ക്,ml,1.682,2026-07-24,0.0,0
14,1602830,Maharaja Hostel,മഹാരാജ ഹോസ്റ്റ,ml,2.5345,2026-07-24,3.5,2
15,435,The Day After Tomorrow,The Day After Tomorrow,en,14.2053,2004-05-26,6.565,9132
16,1756431,Snow in June,"눈 내리는 여름, 너에게",ko,1.0936,2026-11-18,0.0,0
17,1569872,Dream High,תיכון מגשימים,he,1.5793,2026-07-23,0.0,0
18,1728557,Graduation,畢業,zh,0.4541,2026-07-23,0.0,0
19,38,Eternal Sunshine of the Spotless Mind,Eternal Sunshine of the Spotless Mind,en,27.6892,2004-03-19,8.089,16740
0,1496491,Comédie-Française,De la Comédie-Française,fr,3.6619,2026-07-22,6.9,100
1,1733454,Lola y sus Heraldos,Lola y sus Heraldos,en,1.1634,2026-07-21,0.0,0
2,1736705,El mal padre,El mal padre,es,0.6402,2026-11-20,0.0,0
3,1322273,Aakasam Lo Oka Tara,ఆకాశం లో ఒక తార,te,1.4946,2026-11-20,0.0,0
4,1754757,After the Song,はじまりのさよなら,ja,1.503,2026-11-20,0.0,0
5,1151265,The Girl in the Clouds,La Fille dans les nuages,fr,3.4576,2026-07-22,8.0,1
6,1597242,Cameron Winter at Carnegie Hall,Cameron Winter at Carnegie Hall,en,1.3404,2026-11-20,0.0,0
7,1080959,Alien Storm,Alien Storm,en,1.7039,2026-07-21,0.0,0
8,420818,The Lion King,The Lion King,en,25.0271,2019-07-12,7.09,10903
9,1734414,Sex In Public,Sex In Public,tl,1.6887,2026-07-21,3.0,1
10,1314832,Thingy,Thingy,en,2.9498,2026-07-21,5.0,1
11,1746633,The Day After Sunday,日曜のあと,ja,1.1069,2026-11-20,0.0,0
12,1723426,Baby Girl,掌上明珠,zh,0.6736,2026-07-20,0.0,0
13,1724371,A Bouquet of Light for You,ないものねだりの君に光の花束を,ja,1.0518,2026-11-20,0.0,0
14,13804,Fast & Furious,Fast & Furious,en,2.2854,2009-04-02,6.685,8002
15,1753467,Pramuka,Pramuka,id,3.3065,2026-07-20,0.0,0
16,1733953,Desert Monsters,荒漠异形​,zh,1.0786,2026-07-19,0.0,0
17,1734277,致予新世界,致予新世界,zh,1.2477,2026-07-19,0.0,0
18,1248230,Splash City,Splash City,en,3.8018,2026-07-20,6.0,5
19,1767474,Late Runner,Late Runner,en,0.9411,2026-07-19,0.0,0
0,2080,X-Men Origins: Wolverine,X-Men Origins: Wolverine,en,2.4333,2009-04-28,6.297,11542
1,1710583,Silver Hammer,실버 해머,ko,1.1846,2026-07-06,0.0,0
2,1630504,The Last Picture Shows,The Last Picture Shows,en,1.0401,2026-07-05,9.0,2
3,1726224,Haunted House,入凶宅,zh,1.265,2026-07-05,4.0,1
4,1726701,The Confession,The Confession,en,0.587,2026-07-05,0.0,0
5,419430,Get Out,Get Out,en,30.9659,2017-02-24,7.626,19343
6,312221,Creed,Creed,en,17.9557,2015-11-25,7.407,8123
7,1728537,hololive English 4th Concert - Serendipity - Day 2,hololive English 4th Concert - Serendipity - Day 2,en,1.0451,2026-07-04,0.0,0
8,1703625,The Old Lady and the Eternity,La Anciana y la Eternidad,es,1.2018,2026-07-03,0.0,0
9,1725116,Simpsley,Simpsley,en,4.9997,2026-07-03,8.032,77
10,1716751,Ask Me Anything,무엇이든 물어보세요,ko,1.0781,2026-07-03,0.0,0
11,209112,Batman v Superman: Dawn of Justice,Batman v Superman: Dawn of Justice,en,31.0145,2016-03-23,6.012,19372
12,1731647,斬 -ZAN- (pilot film),斬 -ZAN- (pilot film),ja,1.301,2026-07-03,0.0,0
13,1720886,La belle histoire de la chanson française,La belle histoire de la chanson française,fr,1.5842,2026-07-03,0.0,0
14,530385,Midsommar,Midsommar,en,26.9987,2019-07-03,7.143,8426
15,1726465,Gator Face,Gator Face,en,1.631,2026-07-03,3.0,1
16,1728529,hololive English 4th Concert - Serendipity - Day 1,hololive English 4th Concert - Serendipity - Day 1,en,1.1299,2026-07-03,0.0,0
17,1701409,Love Not Comedy,ラブ≠コメディ,ja,0.8252,2026-07-03,0.0,0
18,20526,TRON: Legacy,TRON: Legacy,en,18.1505,2010-12-14,6.55,8155
19,602,Independence Day,Independence Day,en,19.5918,1996-07-02,6.918,10732
0,315162,Puss in Boots: The Last Wish,Puss in Boots: The Last Wish,en,40.3692,2022-12-07,8.218,9230
1,1443961,Rao Bahadur,రావు బహదూర్,te,3.4624,2026-07-02,7.2,5
2,1563891,Orange-Flavoured Wedding,Mariage au goût d'orange,fr,2.2357,2026-12-09,0.0,0
3,285,Pirates of the Caribbean: At World's End,Pirates of the Caribbean: At World's End,en,37.7965,2007-05-19,7.277,15830
4,411,"The Chronicles of Narnia: The Lion, the Witch and the Wardrobe","The Chronicles of Narnia: The Lion, the Witch and the Wardrobe",en,35.3348,2005-12-07,7.144,11772
5,1688728,La leçon de violon,La leçon de violon,fr,0.6755,2026-12-09,0.0,0
6,1483527,François.e,François.e,fr,2.2428,2026-07-01,0.0,0
7,1630790,The Healing,Die Heilung,de,2.4758,2026-12-10,0.0,0
8,1538486,The Crucian,鯽魚,zh,1.581,2026-07-01,0.0,0
9,1723489,Broken Harmony,Broken Harmony,en,1.9648,2026-06-30,0.0,0
10,400535,Sicario: Day of the Soldado,Sicario: Day of the Soldado,en,18.6302,2018-06-27,6.943,4191
11,1723013,Hibla 2,Hibla 2,tl,54.6423,2026-06-30,3.0,1
12,1700893,Rebecca Horn – The Secret Life of Things,Rebecca Horn - Die Seele der Dinge,de,1.1621,2027-02-25,0.0,0
13,1753386,Wong Place Wong Time,Wong Place Wong Time,en,1.2426,2026-06-30,0.0,0
14,1773420,Novi Svet,Novi Svet,fr,0.1757,2026-06-28,0.0,0
15,1722647,End Credits (EP),ტიტრები,ka,0.6242,2026-06-28,10.0,1
16,1702357,The Echoes,山的時間,zh,0.7988,2026-06-27,0.0,0
17,1763254,Synchresis (Part I),Synchresis (Part I),en,0.659,2026-06-27,9.0,1
18,1700285,Double Edge: The Returned,ダブルエッジ～甦った男,ja,1.2275,2026-06-27,0.0,0
19,1418766,Topia,Топиа,sr,0.8828,2026-06-27,0.0,0
0,1665744,Sarpanch,Sarpanch,pa,3.8593,2026-07-10,0.0,0
1,1643143,Life Support,Life Support,en,3.1342,2026-07-10,8.0,2
2,1755408,No Choice,No Choice,en,2.3732,2026-12-02,0.0,0
3,2199,My Mom's a Werewolf,My Mom's a Werewolf,en,2.881,1989-05-11,4.8,42
4,1078446,Violent Night 2,Violent Night 2,en,4.7667,2026-12-02,0.0,0
5,1137888,The Man with the Bag,The Man with the Bag,en,2.9745,2026-12-02,0.0,0
6,1310677,Hana Korea,하나 코리아,ko,2.7301,2026-07-08,7.0,3
7,1533842,Umka,Умка,ru,2.0486,2027-01-01,0.0,0
8,1084728,Asterix: The Kingdom of Nubia,Astérix - Le Royaume de Nubie,fr,4.9529,2026-12-02,0.0,0
9,1339676,"I, Nobody","I, നോബഡി",ml,3.4632,2026-07-09,6.0,5
10,1499546,It Will Happen Tonight,Succederà questa notte,it,1.6601,2026-12-03,0.0,0
11,1723769,Chamouxland : la reconstruction,Chamouxland : la reconstruction,fr,1.396,2026-07-08,6.5,2
12,1566481,Marave,Marave,fr,2.3052,2026-07-07,4.684,19
13,1678066,Night in the Valley of Witches,魔女の谷の夜,ja,1.0617,2026-07-08,0.0,0
14,1379537,The Gallerist,The Gallerist,en,3.2526,2026-12-04,0.0,0
15,1602653,A Grand Biltmore Christmas,A Grand Biltmore Christmas,en,1.2892,2026-12-05,0.0,0
16,1733891,The Odyssey with Dan Snow,The Odyssey with Dan Snow,en,1.1044,2026-07-06,0.0,0
17,2080,X-Men Origins: Wolverine,X-Men Origins: Wolverine,en,2.4333,2009-04-28,6.297,11542
18,121,The Lord of the Rings: The Two Towers,The Lord of the Rings: The Two Towers,en,40.8249,2002-12-18,8.429,24583
19,1710583,Silver Hammer,실버 해머,ko,1.1846,2026-07-06,0.0,0
0,1722576,Tales from the Shiny Diner,Tales from the Shiny Diner,en,0.8792,2026-06-23,2.0,1
1,93456,Despicable Me 2,Despicable Me 2,en,28.3034,2013-06-26,6.949,12233
2,1110207,The Lovers,The Lovers,tl,2.1507,2026-06-23,8.2,5
3,1573705,Unidentified Murder,UFO離奇命案,cn,3.0746,2026-06-22,6.1,4
4,1653495,Ex Situ,Ex Situ,es,1.7502,2026-12-18,0.0,0
5,1180629,Kneecap,Kneecap,ga,6.674,2024-08-02,7.304,310
6,1714924,When the Sea Was Calm,როცა ზღვა იყო მშვიდი,ka,0.8234,2026-06-22,0.0,0
7,1718868,Celebrity Crime Scene: Marilyn Monroe,Celebrity Crime Scene: Marilyn Monroe,en,1.1167,2026-06-21,6.0,1
8,18,The Fifth Element,Le Cinquième Élément,fr,29.4441,1997-05-02,7.592,12152
9,1600661,Velvet Fire,Fuego terciopelo,es,2.2858,2026-06-21,0.0,0
10,1738068,REENCUENTRO REENCARNADO,REENCUENTRO REENCARNADO,es,2.3381,2026-06-21,0.0,0
11,1664119,The Next Karate Kid,Малыш-каратист,ru,2.5652,2026-06-21,1.0,1
12,1605094,Beliath,Beliath,en,1.9486,2026-06-21,4.0,1
13,1769116,Twenty One Pilots - Live at Southside Music Festival 2026,Twenty One Pilots - Live at Southside Music Festival 2026,fr,0.8301,2026-06-21,0.0,0
14,1694426,The Hockey Player,The Hockey Player,en,1.0861,2026-06-20,7.0,1
15,679,Aliens,Aliens,en,27.4837,1986-07-18,7.965,11185
16,1690927,Sutukai Aijanu Maya,Sutukai Aijanu Maya,en,1.0231,2026-12-21,0.0,0
17,1718000,The Circle,Cercul,ro,2.2422,2026-06-19,0.0,0
18,1651931,Natural Balance,Природній баланс,uk,0.8532,2026-06-19,0.0,0
19,580489,Venom: Let There Be Carnage,Venom: Let There Be Carnage,en,23.7626,2021-09-30,6.729,11421
0,429,"The Good, the Bad and the Ugly","Il buono, il brutto, il cattivo",it,32.3819,1966-12-23,8.5,9951
1,1707690,This Is Horror,Це ужас,uk,0.8006,2026-06-19,0.0,0
2,1718210,A House Most Haunted,A House Most Haunted,en,1.1193,2026-06-19,9.0,3
3,1723993,Umamusume: Pretty Derby – 7th EVENT WORLD TOUR: THE STAGE in TOKYO,ウマ娘 プリティーダービー 7th EVENT WORLD TOUR 「THE STAGE」 in TOKYO,ja,1.3051,2026-06-20,0.0,0
4,1703985,Stardom The Conversion 2026,STARDOM THE CONVERSION 2026,ja,1.5101,2026-06-20,9.0,1
5,1717809,RADWIMPS 20th Anniversary Live Tour,RADWIMPS 20th ANNIVERSARY LIVE TOUR,ja,0.9307,2026-06-19,0.0,0
6,1337438,Unidentified,المجهولة,ar,3.4338,2026-06-19,7.6,5
7,1724178,The Americans Are Coming!,Vin americanii!,ro,2.5172,2026-06-19,0.0,0
8,1544326,Nooru Sami,நூறு சாமி,ta,2.6364,2026-06-19,0.0,0
9,1404521,Chinna Chinna Aasai,ചിന്ന ചിന്ന ആസൈ,ml,3.2661,2026-06-19,8.0,1
10,1718013,Sabaton - Hellfest 2026,Sabaton - Hellfest 2026,fr,1.0973,2026-06-19,0.0,0
11,1718023,Sepultura - Hellfest 2026,Sepultura - Hellfest 2026,fr,0.6044,2026-06-19,0.0,0
12,1725309,The Offspring - Hellfest 2026,The Offspring - Hellfest 2026,fr,0.7942,2026-06-19,0.0,0
13,1468380,Pickleball,Pickleball,en,1.4476,2026-06-19,0.0,0
14,1721713,Fragmented,Fragmented,tr,1.2105,2026-06-19,10.0,1
15,1517868,Maddie's Secret,Maddie's Secret,en,4.029,2026-06-19,5.909,11
16,1435047,Invictus,爱是愤怒,zh,2.1401,2026-06-19,4.5,2
17,1682570,ave HRUBÁ,ave HRUBÁ,cs,2.4158,2026-06-19,0.0,0
18,1271,300,300,en,17.4369,2007-03-07,7.209,15095
19,1302994,Roma elastica,Roma elastica,fr,2.3168,2026-12-23,0.0,0
0,1718031,Alestorm - Hellfest 2026,Alestorm - Hellfest 2026,fr,0.646,2026-06-18,0.0,0
1,1260649,Jumanji: Open World,Jumanji: Open World,en,8.361,2026-12-23,0.0,0
2,1383287,Ulysse,Ulysse,fr,1.6764,2026-06-17,6.538,13
3,1419076,Funky Freaky Freaks,충충충,ko,1.2545,2026-06-17,0.0,0
4,659615,Nick and the Jade Tree,Ник и нефритовое дерево,ru,1.1075,,0.0,0
5,2667,The Blair Witch Project,The Blair Witch Project,en,13.146,1999-07-14,6.37,5659
6,1642283,Filosofi Teras,Filosofi Teras,id,1.3308,2026-12-24,0.0,0
7,1411089,Shakti Shalini,शक्ति शालिनी,hi,1.5177,2026-12-24,0.0,0
8,1757707,巨頭オ,巨頭オ,ja,0.9008,2026-12-25,0.0,0
9,1716288,Emmy Blotnick: What's Her Secret?,Emmy Blotnick: What's Her Secret?,en,0.9688,2026-06-16,0.0,0
10,324852,Despicable Me 3,Despicable Me 3,en,17.8599,2017-06-15,6.469,7793
11,1657317,Bye Bye Love: Detective Is in the Bar,BYE BYE LOVE 探偵はBARにいる,ja,1.0603,2026-12-25,0.0,0
12,1616861,Everything Else Is Noise,Lo demás es ruido,es,3.0269,2026-12-25,0.0,0
13,1690479,Dear My Hero,디어 마이 히어로,ko,1.3323,2026-06-14,0.0,0
14,1648226,UFC Freedom 250: Topuria vs. Gaethje,UFC Freedom 250: Topuria vs. Gaethje,en,2.8184,2026-06-14,7.571,7
15,131634,The Hunger Games: Mockingjay - Part 2,The Hunger Games: Mockingjay - Part 2,en,24.9954,2015-11-18,6.897,13590
16,1718931,A Very Southern Church,A Very Southern Church,en,1.3338,2026-06-13,0.0,0
17,1701849,BTS WORLD TOUR [ARIRANG] in Busan,BTS WORLD TOUR [ARIRANG] in Busan,ko,3.4356,2026-06-13,9.0,2
18,1695225,Travis Barker: Louder Than Fear,Travis Barker: Louder Than Fear,en,3.5545,2026-06-13,8.25,8
19,1716776,Resembling a Body,Det likner en kropp,no,1.2351,2026-06-13,0.0,0
0,1665265,Tommy Fury vs. Eddie Hall,Tommy Fury vs. Eddie Hall,en,1.6606,2026-06-13,0.0,0
1,1690893,The Piano Tuner,The Piano Tuner,en,0.9332,2026-06-13,0.0,0
2,1651162,The Mountain,祝山,ja,1.2682,2026-06-12,6.0,1
3,1757715,Your Pen,Aku Penamu,id,0.7368,2026-06-12,7.8,5
4,1688648,"We Loved You, Now","Գնա մեռի, արի սիրեմ:",fr,0.6547,2026-06-12,0.0,0
5,1698874,New Toy Story,New Toy Story,en,1.5992,2026-06-12,1.0,4
6,1575667,Lau Chu Hoa: The Deadliest Mansion,Lầu Chú Hỏa,vi,2.0434,2026-06-12,0.0,0
7,1565790,Double Occupancy,Double Occupancy,ta,4.0345,2026-06-12,6.167,3
8,1454157,Double Trouble,Kumotry,pl,1.184,2026-06-12,0.0,0
9,1552493,Khadam,Khadam,ms,1.6626,2026-06-11,7.8,5
10,273481,Sicario,Sicario,en,21.6923,2015-09-17,7.43,9872
11,68722,The Master,The Master,en,10.0423,2012-09-14,7.097,3414
12,1226834,This Tempting Madness,This Tempting Madness,en,1.4662,2026-06-12,5.7,9
13,1035190,The VelociPastor 2,The VelociPastor 2,en,2.7837,2026-06-11,10.0,1
14,10192,Shrek Forever After,Shrek Forever After,en,30.3952,2010-05-16,6.414,8126
15,1618012,Labors of Love: The Life and Legacy of Henrietta Szold,Labors of Love: The Life and Legacy of Henrietta Szold,en,0.7206,2026-06-11,0.0,0
16,1705956,MARKS/MARKS,MARKS/MARKS,en,0.5544,2026-06-11,0.0,0
17,1742212,House of the Dragon: Season 3 Special Premiere,House of the Dragon: Season 3 Special Premiere,en,2.7502,2026-06-11,0.0,0
18,1680010,Rodeo Dreams,Rodeo Dreams,en,1.3765,2026-06-10,0.0,0
19,1737450,Antropía,Antropía,es,1.1132,2026-06-10,10.0,1
0,1714038,Decorruption,Decorruption,en,0.7808,2026-06-10,0.0,0
1,1712114,Where Were We?,Where Were We?,en,0.615,2026-06-10,7.0,1
2,1711494,Breaking the Mysterious Sect,破玄门,zh,0.7846,2026-06-09,0.0,0
3,1690203,Sequela,Сиквела,uk,0.9093,2026-06-09,0.0,0
4,1603157,Fuck Mr Flanagan,Fuck Mr Flanagan,en,1.0667,2026-09-26,0.0,0
5,1767923,Daughter of the Last Journey,Daughter of the Last Journey,zh,0.4645,2026-06-10,0.0,0
6,1626170,Sing Geetham,సింగ్ గీతం,te,2.5526,2026-06-10,8.0,3
7,752,V for Vendetta,V for Vendetta,en,24.1198,2006-02-23,7.897,15945
8,1710886,Sugar Mommy,Sugar Mommy,tl,7.6578,2026-06-09,0.0,0
9,1711430,Madelein Murphy: Muddin',Madelein Murphy: Muddin',en,0.8458,2026-06-09,10.0,1
10,1711367,F8TAL,F8TAL,en,0.6383,2026-06-08,0.0,0
11,1380163,Pendulum,Pendulum,en,1.7716,2027-01-01,0.0,0
12,1719504,Every Breath You Take,Every Breath You Take,el,0.6991,2026-06-09,0.0,0
13,1676498,The Gymnasts of Fisherman Colony,The Gymnasts of Fisherman Colony,en,2.0353,2026-06-08,0.0,0
14,1587964,They Fight,They Fight,en,6.2298,2026-06-08,4.6,5
15,1710597,Begone Chucky! The Film,Begone Chucky! The Film,en,0.4945,2026-06-08,0.0,0
16,1737398,Crown & Country,Crown & Country,en,0.4423,2026-06-07,0.0,0
17,1034256,Mineshaft: The Cruising Murders,Mineshaft: The Cruising Murders,en,2.2767,2026-06-06,0.0,0
18,1678308,A Crime Across Four Landscapes,A Crime Across Four Landscapes,en,1.5212,2026-06-06,6.0,1
19,1674167,Doc Meets World,Doc Meets World,en,1.1928,2026-06-06,0.0,0
0,1411089,Shakti Shalini,शक्ति शालिनी,hi,1.5177,2026-12-24,0.0,0
1,1757707,巨頭オ,巨頭オ,ja,0.9008,2026-12-25,0.0,0
2,1716288,Emmy Blotnick: What's Her Secret?,Emmy Blotnick: What's Her Secret?,en,0.9688,2026-06-16,0.0,0
3,324852,Despicable Me 3,Despicable Me 3,en,17.8599,2017-06-15,6.469,7793
4,1657317,Bye Bye Love: Detective Is in the Bar,BYE BYE LOVE 探偵はBARにいる,ja,1.0603,2026-12-25,0.0,0
5,1616861,Everything Else Is Noise,Lo demás es ruido,es,3.0269,2026-12-25,0.0,0
6,1690479,Dear My Hero,디어 마이 히어로,ko,1.3323,2026-06-14,0.0,0
7,1648226,UFC Freedom 250: Topuria vs. Gaethje,UFC Freedom 250: Topuria vs. Gaethje,en,2.8184,2026-06-14,7.571,7
8,131634,The Hunger Games: Mockingjay - Part 2,The Hunger Games: Mockingjay - Part 2,en,24.9954,2015-11-18,6.897,13590
9,1718931,A Very Southern Church,A Very Southern Church,en,1.3338,2026-06-13,0.0,0
10,1701849,BTS WORLD TOUR [ARIRANG] in Busan,BTS WORLD TOUR [ARIRANG] in Busan,ko,3.4356,2026-06-13,9.0,2
11,1695225,Travis Barker: Louder Than Fear,Travis Barker: Louder Than Fear,en,3.5545,2026-06-13,8.25,8
12,1716776,Resembling a Body,Det likner en kropp,no,1.2351,2026-06-13,0.0,0
13,1665265,Tommy Fury vs. Eddie Hall,Tommy Fury vs. Eddie Hall,en,1.6606,2026-06-13,0.0,0
14,1690893,The Piano Tuner,The Piano Tuner,en,0.9332,2026-06-13,0.0,0
15,1651162,The Mountain,祝山,ja,1.2682,2026-06-12,6.0,1
16,1757715,Your Pen,Aku Penamu,id,0.7368,2026-06-12,7.8,5
17,1688648,"We Loved You, Now","Գնա մեռի, արի սիրեմ:",fr,0.6547,2026-06-12,0.0,0
18,1698874,New Toy Story,New Toy Story,en,1.5992,2026-06-12,1.0,4
19,1575667,Lau Chu Hoa: The Deadliest Mansion,Lầu Chú Hỏa,vi,2.0434,2026-06-12,0.0,0
0,1759321,Whistle,Whistle,en,0.4396,2026-06-01,0.0,0
1,793,Blue Velvet,Blue Velvet,en,11.7433,1986-09-19,7.61,3952
2,1731841,AI AI AI - Eine Synchron Dystopie,AI AI AI - Eine Synchron Dystopie,de,1.1342,2026-06-01,0.0,0
3,1709140,House on Haunted Hill,House on Haunted Hill,en,1.2243,2026-06-01,0.0,0
4,7191,Cloverfield,Cloverfield,en,13.2304,2008-01-15,6.729,8103
5,176,Saw,Saw,en,20.8274,2004-10-01,7.428,10330
6,333339,Ready Player One,Ready Player One,en,24.6317,2018-03-28,7.587,17365
7,1684386,The Long Con,The Long Con,en,1.4481,2026-05-30,0.0,0
8,1550899,Gestern war noch Sommer,Gestern war noch Sommer,de,1.0673,2026-05-30,0.0,0
9,1719318,Fantasmagorija,Fantasmagorija,lt,1.588,2026-05-30,10.0,1
10,1700426,L'exorcisme rose brillant,L'exorcisme rose brillant,fr,0.9293,2026-05-29,0.0,0
11,1663525,Haunted Harmony Mysteries: Key to the Castle,Haunted Harmony Mysteries: Key to the Castle,en,2.1018,2026-05-30,8.5,4
12,1535072,Out of the Blue,Out of the Blue,de,1.2024,2026-05-30,0.0,0
13,1450092,Shape of Momo,छोरा जस्तै,ne,1.2952,2026-05-29,0.0,0
14,1691462,Something Still,Something Still,en,1.8949,2026-05-30,0.0,0
15,1174145,Master Zhong,钟馗,zh,1.6193,2026-05-30,3.5,2
16,68718,Django Unchained,Django Unchained,en,39.513,2012-12-25,8.193,28610
17,1596278,Time and Water,Time and Water,en,4.1529,2026-05-29,6.3,7
18,1704058,Semi-Detached,Semi-Detached,en,1.3301,2026-05-29,10.0,1
19,1691590,Supertramp: Crime of the Century in Concert at Hammersmith Odeon 1975,Supertramp: Crime of the Century in Concert at Hammersmith Odeon 1975,en,1.4762,2026-05-29,8.0,2
0,1511358,Innamorarsi e altre pessime idee,Innamorarsi e altre pessime idee,it,3.2838,2026-05-28,6.3,5
1,1477049,Runner,Corredora,ca,2.4736,2026-05-29,7.0,2
2,1086247,Moss & Freud,Moss & Freud,en,2.7916,2026-05-29,5.5,2
3,1515729,Blast,Blast,ta,11.2977,2026-05-28,7.8,67
4,621304,Children of Blood and Bone,Children of Blood and Bone,en,4.3699,2027-01-13,0.0,0
5,1542847,The Abyss,Пропасть,ru,3.8415,2026-05-28,4.25,4
6,141,Donnie Darko,Donnie Darko,en,16.9908,2001-01-19,7.76,13756
7,1384113,Mr. Shota's Last Business Trip,쇼타씨의 마지막 출장,ko,1.6237,2026-05-27,8.0,1
8,1556317,John Achkar: Tryin',جون أشقر: عم جرّب,ar,1.2449,2026-05-27,0.0,0
9,1539642,Bearhunting,Bärenjagen,de,2.0991,2027-01-14,0.0,0
10,1415360,Children of Heaven,Children of Heaven,id,3.0062,2026-05-27,7.1,5
11,1655768,Dread,Dread,en,2.0989,2026-05-27,0.0,0
12,1703499,Sold to Death,Sold to Death,en,1.3545,2026-05-27,1.0,1
13,1702787,Long Ago,Long Ago,en,0.5757,2026-05-27,0.0,0
14,1695309,Bogdan Boner: Seminarium,Bogdan Boner: Seminarium,pl,0.9327,2026-05-27,4.0,1
15,1697646,The Sway of Home,婆娑,zh,0.4371,2026-05-26,0.0,0
16,1534221,A Long Winter,A Long Winter,en,1.8788,2027-01-15,0.0,0
17,1774323,The Proposal,Ettepanek,et,0.0214,2027-01-15,0.0,0
18,46738,Incendies,Incendies,fr,12.1688,2010-09-17,8.103,3465
19,1702490,No Way to Escape,插翅难飞,zh,1.7712,2026-05-26,0.0,0
0,1679085,KING MARRACASH,KING MARRACASH,it,3.2475,2026-05-25,5.5,7
1,1702553,Heirlooms,Heirlooms,en,1.6465,2026-05-25,5.667,3
2,739405,Operation Fortune: Ruse de Guerre,Operation Fortune: Ruse de Guerre,en,16.8465,2023-01-04,6.5,2059
3,1677645,When I Said I Do,When I Said I Do,en,2.2303,2026-05-23,5.5,2
4,679702,The Shrew of Destiny,Ryjówka przeznaczenia,pl,2.0312,2026-05-23,0.0,0
5,345,Eyes Wide Shut,Eyes Wide Shut,en,25.7485,1999-07-16,7.486,7312
6,1661842,French Toast,French Toast,el,1.8713,2026-05-23,0.0,0
7,1695974,Down Low,Algo Casual,es,1.366,2026-05-23,0.0,0
8,1666046,Impossible Mission,Απίθανη Αποστολή,el,1.4155,2026-05-23,0.0,0
9,1382575,The Balloonists,The Balloonists,en,1.1089,2026-05-22,0.0,0
10,1674137,Nobody Said Anything,Niko ništa nije rekao,sr,1.0609,2026-05-22,0.0,0
11,1728377,Disney+ Insider: The Mandalorian and Grogu - A New Mission Launches at Disneyland Resort,Disney+ Insider: The Mandalorian and Grogu - A New Mission Launches at Disneyland Resort,en,1.1919,2026-05-22,0.0,0
12,1749545,THE CRIME PREVENTERS Part One | Movie,THE CRIME PREVENTERS Part One | Movie,en,0.575,2026-05-22,9.0,2
13,609681,The Marvels,The Marvels,en,25.7858,2023-11-08,5.913,3641
14,1691219,Purushaha,పురుష,te,1.2795,2026-05-22,0.0,0
15,1703464,Building the Sun: The World's Largest Fusion Project,Building the Sun: The World's Largest Fusion Project,en,0.6861,2026-05-22,0.0,0
16,1701740,INFLICTION,INFLICTION,en,1.5064,2026-05-22,0.0,0
17,930564,Saltburn,Saltburn,en,11.1328,2023-11-16,6.935,3121
18,2666,Dark City,Dark City,en,13.8777,1998-02-27,7.333,3339
19,1530510,Mexico 86,México 86,es,7.1655,2026-05-21,7.775,118
0,1653629,Ehrenamt,Ehrenamt,de,0.9267,2026-05-21,0.0,0
1,1665990,Pithead,Pithead,nl,2.0161,2026-05-21,0.0,0
2,1529400,Life Is,La vida es,es,1.4755,2026-05-21,6.0,1
3,1762530,Oslo,Oslo,es,1.9616,2026-05-21,9.0,1
4,1316999,Tangles,Tangles,en,2.5507,2027-01-20,0.0,0
5,1494142,Bogatyrs,Богатыри,ru,2.8682,2026-05-21,1.0,1
6,1768085,Penetration 2,Penetration 2,en,0.4816,2026-05-20,0.0,0
7,1102306,Throuple,Throuple,en,2.3739,2026-05-20,2.0,2
8,1327447,Vanilla,Vainilla,es,4.661,2026-05-20,6.0,1
9,1379747,Death Has No Master,La Muerte no Tiene Dueño,es,2.0128,2027-03-25,0.0,0
10,1684244,Untold UK: Liverpool's Miracle of Istanbul,Untold UK: Liverpool's Miracle of Istanbul,en,3.0898,2026-05-19,6.975,20
11,1562638,Diamond,Diamond,en,2.2815,2026-05-19,5.7,3
12,1550622,La Perra,La Perra,es,2.0807,2026-05-18,6.0,1
13,1536385,Notre fils,Notre fils,fr,2.1248,2026-05-18,0.0,0
14,297802,Aquaman,Aquaman,en,25.3012,2018-12-07,6.863,15211
15,1691532,Better Future,Better Future,en,1.2714,2026-05-17,0.0,0
16,1671271,Ape Shit,Ape Shit,en,0.4563,2026-05-17,0.0,0
17,1687771,Broken,Broken,en,1.572,2026-05-16,0.0,0
18,1368,First Blood,First Blood,en,24.125,1982-10-22,7.52,7095
19,1695943,Traces of Tracking,Traces of Tracking,en,0.5572,2026-05-16,0.0,0
0,1387981,Double Freedom,La libertad doble,es,1.2837,2026-05-16,0.0,0
1,1684048,Dharpakad,ધરપકડ,gu,1.9972,2026-05-15,0.0,0
2,1753171,Predator Dark Ages,Predator: Dark Ages,en,1.1559,2026-05-15,0.0,0
3,1628367,Kartavya,कर्त्तव्य,hi,5.8188,2026-05-15,7.0,34
4,1255339,8v40,8v40,en,1.6276,2026-05-15,0.0,0
5,1562235,LA PALOMA,傳奇女伶 高菊花,zh,0.9165,2026-05-15,0.0,0
6,1597538,Angkinin Mo Ako,Angkinin Mo Ako,tl,4.0825,2026-05-15,0.0,0
7,1688163,Hayok,Hayok,tl,5.4391,2026-05-15,4.667,3
8,1285669,LifeHack,LifeHack,en,5.93,2026-05-15,7.2,23
9,522938,Rambo: Last Blood,Rambo: Last Blood,en,16.3215,2019-09-18,6.537,4337
10,1665724,Shera,Shera,pa,3.9225,2026-05-15,0.0,0
11,1692176,ROH Supercard of Honor 2026,ROH Supercard of Honor 2026,en,1.6504,2026-05-15,6.75,2
12,1088434,Hellfire,Hellfire,en,11.0334,2026-05-14,5.286,14
13,1527451,Wolves,Wolves,de,2.3953,2026-05-14,5.0,2
14,1699816,North of Nowhere,North of Nowhere,en,0.8579,2026-05-14,0.0,0
15,1662317,The Crash,The Crash,en,10.8808,2026-05-14,6.866,187
16,1575562,Quasi Grazia,Quasi Grazia,it,1.6275,2026-05-14,5.7,3
17,1364629,A Girl Unknown,无名女孩,zh,1.0475,2027-01-27,0.0,0
18,381288,Split,Split,en,20.5735,2017-01-19,7.34,18633
19,1495,Kingdom of Heaven,Kingdom of Heaven,en,38.7071,2005-05-03,7.086,5230
0,1599729,Semua Akan Baik-Baik Saja,Semua Akan Baik-Baik Saja,id,4.6882,2026-05-13,7.2,3
1,97,Tron,Tron,en,10.1971,1982-07-09,6.627,2863
2,534,Terminator Salvation,Terminator Salvation,en,17.745,2009-05-20,6.102,7244
3,1589663,Yang Lain Boleh Hilang Asal Kau Jangan,Yang Lain Boleh Hilang Asal Kau Jangan,id,2.7046,2026-05-13,6.5,2
4,1001111,Vanishing Goats,Élise sous Emprise,fr,2.6381,2026-05-13,6.0,3
5,1600168,Home,Hjem,da,2.078,2026-05-13,7.8,4
6,1689666,One Night Only,One Night Only,en,1.7386,2026-05-12,0.0,0
7,6114,Bram Stoker's Dracula,Bram Stoker's Dracula,en,17.6662,1992-11-13,7.448,5923
8,646,Dr. No,Dr. No,en,15.6046,1962-10-07,6.988,4169
9,1620034,"Marty, Life Is Short","Marty, Life Is Short",en,7.3425,2026-05-11,8.0,33
10,8095,Cleopatra,Cleopatra,en,7.9634,1963-06-12,7.06,885
11,1924,Superman,Superman,en,18.2244,1978-12-14,7.167,4421
12,1692417,Más caliente que el infierno,Más caliente que el infierno,es,1.3953,2026-05-10,3.0,1
13,1717197,Messi: The Forgotten Tape,Messi: La Cinta Olvidada,es,2.4235,2026-05-10,0.0,0
14,1648919,Tunnels,Tunnels,fr,0.5273,2026-09-30,0.0,0
15,36668,X-Men: The Last Stand,X-Men: The Last Stand,en,1.2133,2006-05-24,6.428,10662
16,830,Forbidden Planet,Forbidden Planet,en,9.3726,1956-03-23,7.259,1102
17,1451034,Freak Show,Freak Show,pl,2.1562,2026-05-09,4.0,1
18,1654313,Unanswered//butterfly,Unanswered//butterfly,ja,10.6636,2026-05-09,9.0,2
19,82507,Sinister,Sinister,en,13.9596,2012-10-04,6.872,6223
0,1653453,"Love, Again","Love, Again",en,3.4914,2026-05-09,7.5,4
1,1690932,ENEMY,ENEMY,zh,1.581,2026-05-08,0.0,0
2,316029,The Greatest Showman,The Greatest Showman,en,23.5241,2017-12-20,7.853,10240
3,1638171,Suffs,Suffs,en,2.5241,2026-05-08,10.0,1
4,1510769,29,29,ta,4.2123,2026-05-08,6.9,8
5,1506208,TRAD,TRAD,en,3.1383,2026-05-08,0.0,0
6,1315259,Influenced,Influenced,en,3.4473,2026-05-08,8.5,2
7,1697369,Sentimental Value,Sentimental Value,en,0.8563,2026-05-08,10.0,1
8,1689906,Bronze Sword,追锋,en,1.3247,2026-05-07,0.0,0
9,1339210,Affection,Affection,en,4.9263,2026-05-08,5.738,42
10,1422407,Conni and the Mystery of the Crane,Meine Freundin Conni 2,de,2.2557,2026-05-07,7.7,3
11,1691102,O fim da Cracolândia,O fim da Cracolândia,pt,1.1411,2026-05-07,9.0,1
12,1658572,Hungria: A Escolha de um Sonho,Hungria: A Escolha de um Sonho,pt,1.7065,2026-05-07,5.0,1
13,1690013,Copán: The Legend,COPÁN: La leyenda,es,1.0984,2026-05-07,0.955,11
14,1583832,Cooking Up Democracy,Cooking Up Democracy,en,0.9422,2026-05-06,0.0,0
15,1667493,USA 94: Brazil's Return to Glory,Tetra: Acreditar de Novo,pt,2.586,2026-05-07,6.767,16
16,1520504,Memory of Princess Mumbi,Memory of Princess Mumbi,en,1.0291,2026-05-07,7.0,1
17,1432817,Mi Amor,Mi Amor,fr,1.7632,2026-05-06,5.9,10
18,1702769,Royal Ballet & Opera 2026/27: Götterdämmerung,Royal Ballet & Opera 2026/27: Götterdämmerung,de,0.635,2027-02-03,0.0,0
19,9340,The Goonies,The Goonies,en,18.3623,1985-06-07,7.514,6411
0,1612048,S/H/V,S/H/V,en,0.5301,2027-02-04,0.0,0
1,1600338,Almost Us,Almost Us,tl,4.2658,2026-05-06,10.0,1
2,1653830,Krux,Krux,de,2.2119,2027-02-04,0.0,0
3,1689164,Northeast Mysteries 2,东北奇妙故事之摇篮曲,zh,0.6897,2026-05-06,0.0,0
4,1515899,Billie Eilish - Hit Me Hard and Soft: The Tour (Live in 3D),Billie Eilish - Hit Me Hard and Soft: The Tour (Live in 3D),en,7.2073,2026-05-06,8.261,67
5,1667691,The Adding Machine,The Adding Machine,en,1.2659,2026-05-05,0.0,0
6,131631,The Hunger Games: Mockingjay - Part 1,The Hunger Games: Mockingjay - Part 1,en,38.18,2014-11-19,6.814,17009
7,1688737,Out of Time,Out of Time,en,0.5039,2026-05-05,0.0,0
8,1657503,All That Exists,存在のすべてを,ja,0.8887,2027-02-05,0.0,0
9,1748399,Thám tử Kiên: Lời nguyền Hoàng kim,Thám tử Kiên: Lời nguyền Hoàng kim,vi,0.9393,2027-02-06,0.0,0
10,82702,How to Train Your Dragon 2,How to Train Your Dragon 2,en,26.0456,2014-06-05,7.685,10673
11,1683090,UFC Fight Night 275: Della Maddalena vs. Prates,UFC Fight Night 275: Della Maddalena vs. Prates,en,2.2558,2026-05-02,0.0,0
12,345940,The Meg,The Meg,en,26.0884,2018-08-08,6.252,8384
13,1706272,TESORO,TESORO,en,2.269,2026-05-02,0.0,0
14,1669057,Check-In,Check-In,tl,12.6201,2026-05-01,6.2,4
15,4977,Paprika,パプリカ,ja,10.1261,2006-10-01,7.814,2984
16,1469164,Casa Grande,Casa Grande,en,5.0,2026-05-01,6.967,15
17,1531982,Framing Her,Framing Her,en,1.7704,2026-05-01,0.0,0
18,1650939,Pitt Siyapa,Pitt Siyapa,pa,2.1183,2026-05-01,0.0,0
19,1658057,Parasomnia,Parasomnia,en,1.3655,2026-05-01,0.0,0
0,1630661,Gaayapadda Simham,గాయపడ్డ సింహం,te,1.5642,2026-05-01,5.833,3
1,635302,Demon Slayer -Kimetsu no Yaiba- The Movie: Mugen Train,劇場版「鬼滅の刃」無限列車編,ja,18.3729,2020-10-16,8.227,4682
2,1474133,The Tao Exorcist,祭弒,zh,1.5799,2026-04-30,3.0,3
3,1654552,Erotic Blossoms in a Dream,음화,ko,0.5307,2026-04-30,0.0,0
4,1655960,"Der Saarland-Krimi - Bruder, Liebe, Tod","Der Saarland-Krimi - Bruder, Liebe, Tod",de,1.1296,2026-04-30,0.0,0
5,395,AVP: Alien vs. Predator,AVP: Alien vs. Predator,en,10.7274,2004-08-12,5.961,5136
6,539745,Animal Farm,Animal Farm,en,9.7437,2026-04-30,6.4,112
7,1330272,"Little, Big, and Far","Little, Big, and Far",de,1.1804,2026-04-30,8.0,1
8,588520,Children of Liberty,"New York, Miriam et moi",fr,1.9389,2027-02-10,0.0,0
9,1001268,The Silent Run,L'Enfant Bélier,fr,1.7704,2026-04-29,5.5,2
10,1684526,Twin Snakes,Twin Snakes,en,2.2234,2026-04-29,0.0,0
11,1747657,No Sign of Weakness,Aucun signe de faiblesse,fr,1.0595,2026-04-29,0.0,0
12,507086,Jurassic World Dominion,Jurassic World Dominion,en,25.9201,2022-06-01,6.592,7280
13,1418531,A Story About Fire,燃比娃,zh,1.1434,2026-04-28,9.0,1
14,1135582,Dao,Dao,fr,3.6347,2026-04-29,4.2,4
15,829487,Je m'appelle Agneta,Je m'appelle Agneta,sv,5.4101,2026-04-28,6.718,85
16,1663337,That Half Barbaric Twang,That Half Barbaric Twang,en,0.519,2026-04-28,0.0,0
17,745,The Sixth Sense,The Sixth Sense,en,31.6562,1999-08-06,7.954,13309
18,16121,The Big Red One,The Big Red One,en,4.5592,1980-05-28,6.696,355
19,10865,Atlantis: The Lost Empire,Atlantis: The Lost Empire,en,13.0626,2001-06-02,7.051,5259
0,1655972,Criminals,De Illegale,da,2.2837,2026-04-09,0.0,0
1,389,12 Angry Men,12 Angry Men,en,35.947,1957-04-10,8.6,10377
2,1000990,Mrs.,La Femme de,fr,1.741,2026-04-08,5.667,12
3,1533223,No Evidence of Man,No Evidence of Man,en,1.2536,2026-04-07,0.0,0
4,1747296,Rent Free,Rent Free,en,1.7241,2026-04-07,0.0,0
5,1658870,Oh Mom 2,Ну мам 2,uk,0.9452,2027-03-04,0.0,0
6,1641962,Untold: Chess Mates,Untold: Chess Mates,en,3.9586,2026-04-07,6.917,36
7,1666184,Chicken Feet,Chicken Feet,en,2.2292,2026-04-07,0.0,0
8,881903,Spirit,స్పిరిట్,te,1.9517,2027-03-05,0.0,0
9,340102,The New Mutants,The New Mutants,en,19.2168,2020-08-26,6.049,3817
10,1049471,Outcome,Outcome,en,12.1637,2026-04-06,5.4,254
11,695721,The Hunger Games: The Ballad of Songbirds & Snakes,The Hunger Games: The Ballad of Songbirds & Snakes,en,28.9448,2023-11-15,6.954,3676
12,1681718,When the Seagulls Cry ～Stage of the golden Witch～ Episode 7 EVE,うみねこのなく頃に～Stage of the golden Witch～Episode 7 EVE,ja,1.1626,2026-04-05,0.0,0
13,1664093,Bill Bailey: Thoughtifier,Bill Bailey: Thoughtifier,en,0.7452,2026-04-04,7.0,3
14,330,The Lost World: Jurassic Park,The Lost World: Jurassic Park,en,1.1847,1997-05-23,6.564,9472
15,1593694,The Strawberry,The Strawberry,en,3.4152,2026-04-04,0.0,0
16,1689339,Blueberry Inn,Blueberry Inn,ml,0.5013,2026-04-04,0.0,0
17,1691288,Dominion,Dominion,en,1.0887,2026-04-03,0.0,0
18,1638280,Derek vs Derek,Derek vs Derek,en,1.0118,2027-03-08,0.0,0
19,1365448,Hell Hath No Fury,Hell Hath No Fury,en,1.3612,2026-04-04,5.0,4
0,1309396,The Doll,La Poupée,fr,7.3031,2026-04-22,6.0,33
1,1663822,Tell Me a Fairytale,Розкажи мені казочку,uk,1.098,2026-04-22,0.0,0
2,1624564,Restless and Anxious,Libang Libu,ms,10.7511,2026-04-23,7.0,3
3,1327198,The Thing Expanded,The Thing Expanded,en,2.0656,2026-04-23,8.8,5
4,1631506,The Hanged Woman,La ahorcada,es,10.2556,2026-04-22,5.627,59
5,1501523,The Con Artist,L’Arnaqueuse,fr,2.7151,2026-04-22,5.2,13
6,380,Rain Man,Rain Man,en,14.3505,1988-12-12,7.749,7324
7,605,The Matrix Revolutions,The Matrix Revolutions,en,21.1815,2003-11-05,6.758,11128
8,1594264,Space Ranger: New Worlds,Space Ranger: New Worlds,en,1.4141,2026-04-21,3.0,1
9,1669,The Hunt for Red October,The Hunt for Red October,en,17.9687,1990-03-02,7.387,3759
10,1229513,Mommy Blue,Mommy Blue,hu,1.7029,2026-04-21,0.0,0
11,1673568,The Devil Wears Prada 2 Red Carpet World Premiere,The Devil Wears Prada 2 Red Carpet World Premiere,en,1.8566,2026-04-20,6.125,4
12,12092,Alice in Wonderland,Alice in Wonderland,en,14.9792,1951-08-09,7.193,6388
13,1677550,KillTonyMania,KillTonyMania,en,2.659,2026-04-20,7.0,7
14,4011,Beetlejuice,Beetlejuice,en,14.8491,1988-03-30,7.368,8676
15,1622474,No. 1 Sentai Gozyuger: Polar Beginning,ナンバーワン戦隊ゴジュウジャー ~ポーラー・ビギニング~,ja,1.6109,2026-04-19,0.0,0
16,1529651,Krypto Saves the Day!: Coastal Catastrophe,Krypto Saves the Day!: Coastal Catastrophe,en,1.4558,2026-04-18,5.667,3
17,1676963,"Queen Elizabeth II: Her Story, Our Century","Queen Elizabeth II: Her Story, Our Century",en,1.9877,2026-04-19,0.0,0
18,1661460,Cyrano in My Head,Cyrano en mi cabeza,es,1.1612,2026-04-19,0.0,0
19,10135,Road House,Road House,en,4.0533,1989-05-19,6.769,1591
0,1244492,Look Back,ルックバック,ja,26.1319,2024-06-28,8.185,670
1,524434,Eternals,Eternals,en,24.777,2021-11-03,6.753,9417
2,1391074,Busboys,Busboys,en,3.548,2026-04-17,4.563,24
3,23168,The Town,The Town,en,15.1156,2010-09-15,7.227,5830
4,1664436,Mother Monster,Monstruo madre,es,10.7356,2026-04-18,0.0,0
5,854934,Mabel,Mabel,en,1.0728,2026-04-17,8.0,1
6,1391325,Uncle Trouble +2,La familia Benetón +2,es,4.612,2026-04-17,4.909,11
7,1677905,Subir ou choisir: L'économie en transition,Subir ou choisir: L'économie en transition,fr,0.9438,2026-04-17,0.0,0
8,1634949,Lorne,Lorne,en,7.7716,2026-04-17,6.875,16
9,1555860,Bad Boy Karthik,బాడ్ బాయ్ కార్తిక్,te,1.3881,2026-04-17,5.0,2
10,1126723,Mr. X,மிஸ்டர். எக்ஸ்,ta,3.6402,2026-04-17,5.5,4
11,1434589,Who We Are,Qui som,fr,1.622,2026-04-17,0.0,0
12,1476405,Synthetic,Синтетика,ru,1.6413,2026-10-22,0.0,0
13,1656632,Jerry West: The Logo,Jerry West: The Logo,en,4.5006,2026-04-16,5.5,2
14,1449970,Hold to Death: Hand in Hand,死亡之握：鬼牽手,zh,2.8906,2026-04-17,0.0,0
15,1659087,180,180,en,6.3276,2026-04-16,5.888,148
16,270303,It Follows,It Follows,en,25.85,2015-02-04,6.582,7146
17,9003,Hellraiser,Hellraiser,en,10.3344,1987-09-11,6.89,2989
18,1253664,Compliance,Compliance,en,2.188,2026-04-16,0.0,0
19,9806,The Incredibles,The Incredibles,en,36.283,2004-10-27,7.729,19307
0,1532470,Ungrateful Beings,Nevděčné bytosti,cs,2.1164,2026-03-26,6.5,2
1,1217505,You're Dating a Narcissist!,You're Dating a Narcissist!,en,4.9579,2026-03-27,6.95,20
2,1628604,The Last Snow,Paskutinis sniegas,lt,2.3024,2026-03-26,0.0,0
3,1264821,Cats in the Museum 2: Treasures of Egypt,Коты Эрмитажа 2. Тайна египетского зала,ru,5.2198,2026-03-26,6.0,3
4,1397373,Cena di classe,Cena di classe,it,3.0512,2026-03-26,6.005,100
5,1244977,Stronger Than the Devil,Plus forts que le diable,fr,1.9233,2026-03-25,4.3,5
6,1621113,Bring Me the Horizon: L.I.V.E. in São Paulo,Bring Me the Horizon: L.I.V.E. in São Paulo,en,3.0837,2026-03-25,8.8,2
7,1126694,The Girls From Above,Les Filles du ciel,fr,1.6929,2026-03-25,7.0,2
8,1681623,The Fort,The Fort,en,2.7608,2026-03-25,0.0,0
9,1718699,Not Alone,Not Alone,en,3.6773,2027-03-18,0.0,0
10,1657591,Sukundimi Walks Before Me,Sukundimi Walks Before Me,en,0.951,2026-03-25,0.0,0
11,347196,Wolf Creek: Legacy,Wolf Creek: Legacy,en,2.6255,2027-03-18,0.0,0
12,315162,Puss in Boots: The Last Wish,Puss in Boots: The Last Wish,en,40.3692,2022-12-07,8.218,9230
13,1555160,Jeff Ross: Take a Banana for the Ride,Jeff Ross: Take a Banana for the Ride,en,3.7654,2026-03-24,5.9,7
14,1722356,Giovannino Guareschi - Non muoio neanche se mi ammazzano,Giovannino Guareschi - Non muoio neanche se mi ammazzano,it,0.9117,2026-03-24,0.0,0
15,1742502,"Hejira, Fragmented","Hejira, Fragmented",en,0.5084,2026-03-22,0.0,0
16,1630433,The Red Line,เส้นตาย สายลวง,th,7.0415,2026-03-22,6.825,80
17,1647011,The Fly,The Fly,en,0.4551,2026-03-22,0.0,0
18,331482,Little Women,Little Women,en,22.7152,2019-12-25,7.8,7006
19,710,GoldenEye,GoldenEye,en,14.7443,1995-11-16,6.905,4476
0,1220522,Dacoit,డెకాయిట్,te,4.2516,2026-04-10,6.625,8
1,1523515,Infindável,Infindável,pt,0.5603,2026-04-10,0.0,0
2,1492328,The Designer is Dead,The Designer is Dead,es,1.4947,2026-04-10,0.0,0
3,1576369,Bharathanatyam 2 Mohiniyattam,ഭരതനാട്യം 2 മോഹിനിയാട്ടം,ml,3.4535,2026-04-10,8.235,17
4,843,In the Mood for Love,花樣年華,cn,16.4771,2000-09-29,8.1,3373
5,1655906,Hater,Хейтер,ru,3.1016,2026-04-09,5.0,3
6,1189885,The Morrigan,The Morrigan,en,4.7335,2026-04-09,4.4,5
7,1604226,"Ayah, Ini Arahnya Ke Mana, Ya?","Ayah, Ini Arahnya Ke Mana, Ya?",id,3.4942,2026-04-09,6.3,3
8,1655972,Criminals,De Illegale,da,2.2837,2026-04-09,0.0,0
9,567609,Ready or Not,Ready or Not,en,20.3364,2019-08-21,7.094,5877
10,389,12 Angry Men,12 Angry Men,en,35.947,1957-04-10,8.6,10378
11,1000990,Mrs.,La Femme de,fr,1.741,2026-04-08,5.667,12
12,1533223,No Evidence of Man,No Evidence of Man,en,1.2536,2026-04-07,0.0,0
13,1747296,Rent Free,Rent Free,en,1.7241,2026-04-07,0.0,0
14,1658870,Oh Mom 2,Ну мам 2,uk,0.9452,2027-03-04,0.0,0
15,1641962,Untold: Chess Mates,Untold: Chess Mates,en,3.9586,2026-04-07,6.917,36
16,1666184,Chicken Feet,Chicken Feet,en,2.2292,2026-04-07,0.0,0
17,646097,Rebel Ridge,Rebel Ridge,en,10.9482,2024-08-27,6.97,1728
18,881903,Spirit,స్పిరిట్,te,1.9517,2027-03-05,0.0,0
19,695721,The Hunger Games: The Ballad of Songbirds & Snakes,The Hunger Games: The Ballad of Songbirds & Snakes,en,28.9448,2023-11-15,6.954,3676
0,1622474,No. 1 Sentai Gozyuger: Polar Beginning,ナンバーワン戦隊ゴジュウジャー ~ポーラー・ビギニング~,ja,1.6109,2026-04-19,0.0,0
1,1529651,Krypto Saves the Day!: Coastal Catastrophe,Krypto Saves the Day!: Coastal Catastrophe,en,1.4558,2026-04-18,5.667,3
2,1676963,"Queen Elizabeth II: Her Story, Our Century","Queen Elizabeth II: Her Story, Our Century",en,1.9877,2026-04-19,0.0,0
3,1661460,Cyrano in My Head,Cyrano en mi cabeza,es,1.1612,2026-04-19,0.0,0
4,10135,Road House,Road House,en,4.0533,1989-05-19,6.769,1591
5,524434,Eternals,Eternals,en,24.777,2021-11-03,6.753,9417
6,1391074,Busboys,Busboys,en,3.548,2026-04-17,4.563,24
7,23168,The Town,The Town,en,15.1156,2010-09-15,7.227,5830
8,1664436,Mother Monster,Monstruo madre,es,10.7356,2026-04-18,0.0,0
9,854934,Mabel,Mabel,en,1.0728,2026-04-17,8.0,1
10,1391325,Uncle Trouble +2,La familia Benetón +2,es,4.612,2026-04-17,4.909,11
11,1677905,Subir ou choisir: L'économie en transition,Subir ou choisir: L'économie en transition,fr,0.9438,2026-04-17,0.0,0
12,1634949,Lorne,Lorne,en,7.7716,2026-04-17,6.875,16
13,1555860,Bad Boy Karthik,బాడ్ బాయ్ కార్తిక్,te,1.3881,2026-04-17,5.0,2
14,1126723,Mr. X,மிஸ்டர். எக்ஸ்,ta,3.6402,2026-04-17,5.5,4
15,1434589,Who We Are,Qui som,fr,1.622,2026-04-17,0.0,0
16,1476405,Synthetic,Синтетика,ru,1.6413,2026-10-22,0.0,0
17,1656632,Jerry West: The Logo,Jerry West: The Logo,en,4.5006,2026-04-16,5.5,2
18,1449970,Hold to Death: Hand in Hand,死亡之握：鬼牽手,zh,2.8906,2026-04-17,0.0,0
19,1659087,180,180,en,6.3276,2026-04-16,5.888,148
0,1524922,Some Like It in Pilsen,Někdo to rád v Plzni,cs,1.9654,2026-04-02,5.0,5
1,1542107,Whale Shark Jack,Whale Shark Jack,en,2.8893,2026-08-30,0.0,0
2,1508701,God Forgives Everyone,...che Dio perdona a tutti,it,1.7145,2026-04-02,6.4,33
3,1076902,Kaamelott: The Second Chapter (Part II),"Kaamelott : Deuxième Volet, partie 2",fr,2.4064,2027-03-10,0.0,0
4,1297467,The Exorcist: Martyrs,The Exorcist: Martyrs,en,3.7335,2027-03-10,0.0,0
5,1662437,Eli Manning Presents: The Undercovers - Donovan Mitchell,Eli Manning Presents: The Undercovers - Donovan Mitchell,en,1.7256,2026-04-02,0.0,0
6,1663436,Is Your Smartphone Spying On You?,Is Your Smartphone Spying On You?,en,1.5237,2026-04-01,0.0,0
7,1671630,Home Sweet Home,가화만死성,ko,1.5451,2026-04-01,5.5,4
8,1635276,Eat Pray Bark,Eat Pray Bark,de,5.8401,2026-04-01,5.637,117
9,1487320,The Giant Falls,El último gigante,es,4.0641,2026-04-01,7.379,29
10,1617427,The Staff,The Staff,en,2.053,2026-04-01,0.0,0
11,565,The Ring,The Ring,en,15.8651,2002-10-18,6.708,6870
12,673,Harry Potter and the Prisoner of Azkaban,Harry Potter and the Prisoner of Azkaban,en,47.0031,2004-05-31,8.0,23651
13,1475690,Eierkratz-Komplott - Ein Stinatz-Krimi,Eierkratz-Komplott - Ein Stinatz-Krimi,de,2.3317,2026-03-30,7.0,3
14,1763287,"""Gomorra"", manifeste antimafia","""Gomorra"", manifeste antimafia",fr,0.9671,2026-03-30,0.0,0
15,1367,Rocky II,Rocky II,en,11.6116,1979-06-15,7.298,4966
16,1645296,White Cliffs of Vinnytsia,Білі скелі Вінниці,uk,0.4486,2026-03-28,0.0,0
17,121,The Lord of the Rings: The Two Towers,The Lord of the Rings: The Two Towers,en,40.8249,2002-12-18,8.429,24583
18,1573688,Color Theories by Julio Torres. A Guide to Seeing the World,Color Theories by Julio Torres. A Guide to Seeing the World,en,2.8964,2026-03-27,7.417,6
19,1582328,Love At Last,Sonunda Sen,tr,3.8264,2026-03-27,5.167,6
0,1705479,에리카: 은밀한 거래,에리카: 은밀한 거래,ko,1.1073,2026-03-27,0.0,0
1,1495473,The Man in the Window,The Man in the Window,en,3.424,2026-03-28,5.0,1
2,1659522,Balik Eskwela,Balik Eskwela,tl,2.6404,2026-03-27,0.0,0
3,1628116,BTS: THE RETURN,BTS: 더 리턴,ko,4.583,2026-03-27,8.56,50
4,1643294,Refuge,Refuge,en,3.691,2026-03-27,4.278,9
5,1710684,Blood Diamonds,Blood Diamonds,fr,1.0522,2026-03-27,0.0,0
6,4488,Friday the 13th,Friday the 13th,en,11.3343,1980-05-09,6.404,3455
7,1660940,Nee Forever,நீ ஃபாரெவர்,ta,1.6639,2026-03-27,0.0,0
8,1465557,"Our Hero, Balthazar","Our Hero, Balthazar",en,5.2667,2026-03-27,6.8,18
9,1532470,Ungrateful Beings,Nevděčné bytosti,cs,2.1164,2026-03-26,6.5,2
10,1217505,You're Dating a Narcissist!,You're Dating a Narcissist!,en,4.9579,2026-03-27,6.95,20
11,1628604,The Last Snow,Paskutinis sniegas,lt,2.3024,2026-03-26,0.0,0
12,1264821,Cats in the Museum 2: Treasures of Egypt,Коты Эрмитажа 2. Тайна египетского зала,ru,5.2198,2026-03-26,6.0,3
13,396535,Train to Busan,부산행,ko,27.9016,2016-07-20,7.749,8747
14,1397373,Cena di classe,Cena di classe,it,3.0512,2026-03-26,6.005,100
15,1244977,Stronger Than the Devil,Plus forts que le diable,fr,1.9233,2026-03-25,4.3,5
16,1621113,Bring Me the Horizon: L.I.V.E. in São Paulo,Bring Me the Horizon: L.I.V.E. in São Paulo,en,3.0837,2026-03-25,8.8,2
17,1126694,The Girls From Above,Les Filles du ciel,fr,1.6929,2026-03-25,7.0,2
18,156022,The Equalizer,The Equalizer,en,41.545,2014-09-24,7.293,10201
19,1681623,The Fort,The Fort,en,2.7608,2026-03-25,0.0,0
0,1718699,Not Alone,Not Alone,en,3.6773,2027-03-18,0.0,0
1,1657591,Sukundimi Walks Before Me,Sukundimi Walks Before Me,en,0.951,2026-03-25,0.0,0
2,347196,Wolf Creek: Legacy,Wolf Creek: Legacy,en,2.6255,2027-03-18,0.0,0
3,1555160,Jeff Ross: Take a Banana for the Ride,Jeff Ross: Take a Banana for the Ride,en,3.7654,2026-03-24,5.9,7
4,1722356,Giovannino Guareschi - Non muoio neanche se mi ammazzano,Giovannino Guareschi - Non muoio neanche se mi ammazzano,it,0.9117,2026-03-24,0.0,0
5,1742502,"Hejira, Fragmented","Hejira, Fragmented",en,0.5084,2026-03-22,0.0,0
6,1647011,The Fly,The Fly,en,0.4551,2026-03-22,0.0,0
7,710,GoldenEye,GoldenEye,en,14.7443,1995-11-16,6.905,4477
8,1655694,Ritchie,Ritchie,en,1.7658,2026-03-20,0.0,0
9,242582,Nightcrawler,Nightcrawler,en,26.502,2014-10-23,7.709,12060
10,1559185,The Last Song You Left Behind,君が最後に遺した歌,ja,1.2956,2026-03-20,6.0,3
11,1239037,Deep Quiet Room,深度安靜,zh,1.7548,2026-03-20,6.0,3
12,1542877,Assassination Classroom the Movie: Our Time,劇場版「暗殺教室」みんなの時間,ja,11.8041,2026-03-20,7.4,14
13,1654069,Past Is Past,Past Is Past,tl,0.7213,2026-03-19,0.0,0
14,965150,Aftersun,Aftersun,en,17.2316,2022-10-21,7.648,1978
15,1610362,The Price of Peace,De forbandede år  - Fredens pris,da,3.9567,2026-03-19,7.0,5
16,1655341,Mosquito,Mosquito,de,1.4562,2026-03-19,0.0,0
17,1647510,Dancing with the Bear,Tanec s medvědem,cs,0.8928,2026-03-19,0.0,0
18,1639398,Mexican Psycho,Psicópata: El Asesino del Conejo Blanco,es,5.1887,2026-03-19,7.162,105
19,1603393,The Land of the Dead: When the Blood Wind Is in Full Swing,죽은 자들의 땅,ko,0.733,2026-03-18,0.0,0
0,1394496,O Velho Fusca,O Velho Fusca,pt,2.4225,2026-03-19,7.2,2
1,1656346,We Are Jeni,We Are Jeni,en,0.9626,2026-03-19,7.0,3
2,500,Reservoir Dogs,Reservoir Dogs,en,26.3501,1992-09-02,8.111,15821
3,1376412,The Price to Pay,La Guerre des prix,fr,3.1774,2026-03-18,6.435,23
4,1654351,This House Is Totally Haunted,This House Is Totally Haunted,en,0.8606,2026-03-18,0.0,0
5,539,Psycho,Psycho,en,27.6386,1960-06-22,8.407,11255
6,1679963,Two Souls,2 رواح,ar,3.1141,2026-03-17,0.0,0
7,1124796,Bershama,برشامة,ar,1.9206,2026-03-17,6.618,17
8,1529360,We Were Here,We Were Here,en,2.4764,2026-03-16,0.0,0
9,1654924,Billie & Carl,Billie & Carl,fr,1.8238,2026-03-16,0.0,0
10,1492341,Noah Kahan: Out of Body,Noah Kahan: Out of Body,en,4.1584,2026-03-16,8.125,8
11,1654922,Last Save Point,Last Save Point,en,1.2357,2026-03-16,6.0,2
12,1651671,Women Out of Order,Жени извън употреба,bg,1.2517,2026-03-15,0.0,0
13,12477,Grave of the Fireflies,火垂るの墓,ja,0.0215,1988-04-16,8.45,6808
14,951046,The Oligarch and the Art Dealer,The Oligarch and the Art Dealer,da,2.1332,2026-03-15,7.0,1
15,126889,Alien: Covenant,Alien: Covenant,en,20.2336,2017-05-09,6.189,9673
16,1649647,How to Catch a Butterfly,How to Catch a Butterfly,en,0.9518,2026-03-14,0.0,0
17,1448266,The Catcher,The Catcher,nl,2.0537,2026-03-14,0.0,0
18,1620928,A Song Without Home,სიმღერა სახლის გარეშე,ka,0.6826,2026-03-14,10.0,2
19,1645878,The Salisbury Poisonings: A Spy Next Door,The Salisbury Poisonings: A Spy Next Door,en,2.3721,2026-03-14,6.0,2
0,1646250,La Dorada,La Dorada,es,2.2829,2026-03-13,0.0,0
1,7555,Rambo,Rambo,en,14.8666,2008-01-24,6.706,4407
2,861,Total Recall,Total Recall,en,19.8527,1990-06-01,7.328,6686
3,1771221,Medea Theseus Minos,Medea Theseus Minos,en,0.3327,2026-03-13,0.0,0
4,166428,How to Train Your Dragon: The Hidden World,How to Train Your Dragon: The Hidden World,en,22.5789,2019-01-03,7.751,7289
5,1741589,Lightbulb,Lightbulb,xx,1.4768,2026-03-13,0.0,0
6,794228,The Ivy,Hiedra,es,3.055,2026-03-13,6.0,1
7,1650558,Abot Langit,Abot Langit,tl,15.7744,2026-03-13,6.0,2
8,1299357,Scared to Death,Scared to Death,en,1.3998,2026-03-13,6.083,6
9,1567688,Elon Musk Unveiled: The Tesla Experiment,Elon Musk Uncovered: Das Tesla-Experiment,de,3.6787,2026-03-12,8.8,3
10,1642665,Anthony,அந்தோனி,ta,2.1717,2026-03-13,0.0,0
11,1646422,"Voyage voyage, les stars chantent au Maroc","Voyage voyage, les stars chantent au Maroc",fr,1.4732,2026-03-13,0.0,0
12,1427830,The Secret Floor,Das geheime Stockwerk,de,2.2612,2026-03-12,5.0,2
13,1725913,When the Seagulls Cry ～Stage of the golden Witch～ Episode 8,うみねこのなく頃に～Stage of the golden Witch～ Episode 8,ja,0.6948,2027-03-31,0.0,0
14,1616400,#SKYKING,#SKYKING,en,4.435,2026-03-12,7.313,24
15,9502,Kung Fu Panda,Kung Fu Panda,en,31.6101,2008-06-04,7.339,12998
16,1129188,The Optimist,The Optimist,en,3.5911,2026-03-11,7.3,3
17,1526313,Birthday Wishes: Christenings,Přání k narozeninám: Křtiny,cs,1.5824,2026-03-12,0.0,0
18,585,"Monsters, Inc.","Monsters, Inc.",en,44.2393,2001-11-01,7.857,20262
19,1510745,Bodycam,Bodycam,en,7.5651,2026-03-12,5.98,123
0,1001386,Cape Farewell,Cap Farewell,fr,2.2814,2026-03-11,7.0,2
1,1452,Superman Returns,Superman Returns,en,16.9454,2006-06-28,5.826,4705
2,1634827,Sport Heart,Sportsko srce,sr,2.3769,2026-03-10,0.0,0
3,1508520,Four Birds,Four Birds,en,3.3695,2026-03-10,1.0,2
4,161,Ocean's Eleven,Ocean's Eleven,en,33.0562,2001-12-07,7.466,12895
5,1650219,The Kid in the Photo - Carlos Saura,Ese niño de la fotografía. Carlos Saura,es,1.1226,2026-03-09,0.0,0
6,767,Harry Potter and the Half-Blood Prince,Harry Potter and the Half-Blood Prince,en,43.2461,2009-07-15,7.7,21199
7,1517865,Vanished in an Instant,Vanished in an Instant,en,2.7237,2026-03-07,7.0,1
8,127585,X-Men: Days of Future Past,X-Men: Days of Future Past,en,36.9162,2014-05-15,7.536,16666
9,87101,Terminator Genisys,Terminator Genisys,en,31.2549,2015-06-23,5.959,9177
10,1428294,Mrithyunjay,మృత్యుంజయ,te,3.1551,2026-03-06,5.7,5
11,1647361,Incubation,Incubation,en,1.9689,2026-03-06,0.0,0
12,11104,Chungking Express,重慶森林,cn,14.5245,1994-07-14,7.977,2277
13,5176,3:10 to Yuma,3:10 to Yuma,en,13.1211,2007-09-06,7.233,4184
14,548,Rashomon,羅生門,ja,8.4985,1950-08-26,8.035,2610
15,185,A Clockwork Orange,A Clockwork Orange,en,21.166,1971-10-28,8.169,14127
16,1634374,The Specials,スペシャルズ,ja,3.4557,2026-03-06,6.0,3
17,1647555,The Last Hail Mary,The Last Hail Mary,en,2.5732,2026-03-06,2.0,3
18,1648652,The Groove Under the Groove,The Groove Under the Groove,pt,2.3964,2026-03-06,8.0,1
19,1418520,The Heart Is a Muscle,The Heart Is a Muscle,af,1.7532,2026-03-06,7.2,4
0,1239037,Deep Quiet Room,深度安靜,zh,1.7548,2026-03-20,6.0,3
1,1542877,Assassination Classroom the Movie: Our Time,劇場版「暗殺教室」みんなの時間,ja,11.8041,2026-03-20,7.4,14
2,1654069,Past Is Past,Past Is Past,tl,0.7213,2026-03-19,0.0,0
3,965150,Aftersun,Aftersun,en,17.2316,2022-10-21,7.648,1978
4,1610362,The Price of Peace,De forbandede år  - Fredens pris,da,3.9567,2026-03-19,7.0,5
5,1655341,Mosquito,Mosquito,de,1.4562,2026-03-19,0.0,0
6,1647510,Dancing with the Bear,Tanec s medvědem,cs,0.8928,2026-03-19,0.0,0
7,1639398,Mexican Psycho,Psicópata: El Asesino del Conejo Blanco,es,5.1887,2026-03-19,7.162,105
8,1603393,The Land of the Dead: When the Blood Wind Is in Full Swing,죽은 자들의 땅,ko,0.733,2026-03-18,0.0,0
9,1394496,O Velho Fusca,O Velho Fusca,pt,2.4225,2026-03-19,7.2,2
10,1656346,We Are Jeni,We Are Jeni,en,0.9626,2026-03-19,7.0,3
11,500,Reservoir Dogs,Reservoir Dogs,en,26.3501,1992-09-02,8.111,15821
12,1654351,This House Is Totally Haunted,This House Is Totally Haunted,en,0.8606,2026-03-18,0.0,0
13,539,Psycho,Psycho,en,27.6386,1960-06-22,8.407,11255
14,1679963,Two Souls,2 رواح,ar,3.1141,2026-03-17,0.0,0
15,1124796,Bershama,برشامة,ar,1.9206,2026-03-17,6.618,17
16,1529360,We Were Here,We Were Here,en,2.4764,2026-03-16,0.0,0
17,762441,A Quiet Place: Day One,A Quiet Place: Day One,en,15.5634,2024-06-26,6.633,3566
18,1654924,Billie & Carl,Billie & Carl,fr,1.8238,2026-03-16,0.0,0
19,1492341,Noah Kahan: Out of Body,Noah Kahan: Out of Body,en,4.1584,2026-03-16,8.125,8
0,1317672,Love Me Love Me,Love Me Love Me,en,18.3402,2026-02-12,6.086,314
1,81005,Jack the Giant Slayer,Jack the Giant Slayer,en,16.8657,2013-02-27,5.911,5353
2,1273296,Conrad & Crab – Idiotic Gems,Sainte-Marie-aux-Mines,fr,2.1854,2026-02-11,2.8,3
3,1631346,Roman Frayssinet : Ô delà,Roman Frayssinet : Ô delà,fr,1.5618,2026-02-11,7.4,6
4,1446616,Tu Yaa Main,तू या मैं,hi,5.737,2026-02-11,6.393,61
5,1309400,The Children of the Resistance,Les Enfants de la Résistance,fr,2.7876,2026-02-11,6.538,66
6,1268127,Humint,휴민트,ko,11.5032,2026-02-11,7.456,183
7,1120556,Cliffhanger,Cliffhanger,en,2.4573,2027-04-29,0.0,0
8,329865,Arrival,Arrival,en,30.3408,2016-11-10,7.634,19874
9,1637126,Sorority House Guillotine,Sorority House Guillotine,en,1.9494,2026-02-10,10.0,1
10,1769930,The Stupidest City In America,The Stupidest City In America,en,0.507,2026-02-10,0.0,0
11,1617115,Brother Unknown,Brother Unknown,en,3.1291,2026-02-10,0.0,0
12,1697798,德云社郭德纲于谦相声专场郑州站 2026,德云社郭德纲于谦相声专场郑州站 2026,zh,1.2347,2026-02-09,0.0,0
13,1379261,Surrender To It,Surrender To It,en,1.4209,2026-02-09,0.0,0
14,437109,The Villainess,악녀,ko,4.0528,2017-06-08,6.929,794
15,814,An American Werewolf in London,An American Werewolf in London,en,12.8963,1981-08-21,7.39,2796
16,525,The Blues Brothers,The Blues Brothers,en,11.4032,1980-06-16,7.717,4674
17,142,Brokeback Mountain,Brokeback Mountain,en,22.7642,2005-10-22,7.783,7728
18,7340,Carrie,Carrie,en,12.7361,1976-11-03,7.341,4440
19,44214,Black Swan,Black Swan,en,24.1872,2010-12-03,7.683,15882
0,252,Willy Wonka & the Chocolate Factory,Willy Wonka & the Chocolate Factory,en,14.1247,1971-06-29,7.483,4075
1,82992,Fast & Furious 6,Fast & Furious 6,en,1.9701,2013-05-21,6.815,11361
2,640,Catch Me If You Can,Catch Me If You Can,en,31.5871,2002-12-16,7.978,17569
3,1212310,Winter of the Crow,Zima pod znakiem wrony,pl,1.9761,2026-02-20,6.0,2
4,1435606,Assi,अस्सी,hi,2.4897,2026-02-20,6.5,4
5,1653470,Behadd,બેહદ,gu,2.159,2026-02-20,0.0,0
6,1617412,Lazarus: The Awakening,Lazarus: The Awakening,en,3.2147,2026-02-20,7.0,4
7,1242937,The Dreadful,The Dreadful,en,8.4384,2026-02-20,5.976,83
8,1635529,Bambukat 2,Bambukat 2,pa,2.8712,2026-02-20,0.0,0
9,1639306,Prestiege Wrestling Roseland XIII,Prestiege Wrestling Roseland XIII,en,0.7403,2026-02-20,6.0,1
10,1639960,Frankenstein's Bride - Fürchte ihren Zorn,Frankenstein's Bride - Fürchte ihren Zorn,en,2.637,2026-02-20,5.1,5
11,1521352,Sai: Disaster,災 劇場版,ja,1.1988,2026-02-20,6.0,3
12,8697,Who Am I?,我是誰,cn,7.8425,1998-01-17,7.18,1042
13,1631485,Strangers in the Park,Parque Lezama,es,4.324,2026-02-19,6.514,36
14,1439660,Fukushima: A Nuclear Nightmare,Fukushima: A Nuclear Nightmare,en,3.4674,2026-02-20,6.953,32
15,1552684,Extraordinary,Glavonja,hr,2.1124,2026-02-19,8.0,1
16,974236,Made in EU,Made in EU,bg,2.8506,2026-02-19,6.9,5
17,1631633,Stalin Boys,Stalin Boys,en,1.8641,2026-02-20,10.0,1
18,50646,"Crazy, Stupid, Love.","Crazy, Stupid, Love.",en,19.2372,2011-07-29,7.278,9513
19,36685,The Rocky Horror Picture Show,The Rocky Horror Picture Show,en,13.1599,1975-08-14,7.445,3236
0,1428862,Firebreak,Cortafuego,es,8.0543,2026-02-19,6.313,179
1,205596,The Imitation Game,The Imitation Game,en,47.1839,2014-11-14,7.98,18423
2,138832,We're the Millers,We're the Millers,en,18.3698,2013-08-07,6.839,9665
3,1637440,La Collection,La Collection,fr,2.5504,2026-02-18,10.0,1
4,1599757,Tutti,你吹Do，我吹Si,zh,1.5627,2026-02-18,0.0,0
5,1545251,It Will Find You,It Will Find You,en,2.2824,2026-02-19,0.0,0
6,1268609,Pavane,파반느,ko,6.2452,2026-02-19,7.3,67
7,533,Wallace & Gromit: The Curse of the Were-Rabbit,Wallace & Gromit: The Curse of the Were-Rabbit,en,15.685,2005-09-15,7.137,3178
8,1613035,The Lotto Winner,The Lotto Winner,tl,2.5546,2026-02-18,2.0,2
9,1536559,Double Happiness,雙囍,zh,3.9422,2026-02-17,6.4,20
10,1616197,Nobody Knows the World,Allá en el cielo,es,1.9034,2026-02-17,0.0,0
11,576845,Last Night in Soho,Last Night in Soho,en,17.4085,2021-10-21,7.26,4019
12,1607088,Boonie Bears: The Hidden Protector,熊出没·年年有熊,zh,3.9065,2026-02-17,5.0,2
13,1442908,The Singers,The Singers,en,3.1231,2026-02-17,6.8,82
14,259693,The Conjuring 2,The Conjuring 2,en,30.6426,2016-06-08,7.295,9409
15,929,Godzilla,Godzilla,en,14.2153,1998-05-20,5.657,4355
16,1313253,Don't Come Out,No Salgas,es,3.1486,2026-02-16,9.0,1
17,1633513,To Catch a Cheater,To Catch a Cheater,en,3.3457,2026-02-15,7.1,5
18,1593691,The Apocalypse of St. John,The Apocalypse of St. John,en,0.6833,2026-02-15,0.0,0
19,493922,Hereditary,Hereditary,en,23.8242,2018-06-07,7.298,8891
0,4348,Pride & Prejudice,Pride & Prejudice,en,27.9817,2005-09-16,8.051,8955
1,1635742,The Northeastern Bro 3: Never Alone Again,东北恋哥3：冬天里的一把火,zh,1.1315,2026-02-14,6.5,2
2,1625901,The Dating App Killer: The Monica White Story,The Dating App Killer: The Monica White Story,en,5.9772,2026-02-14,6.857,7
3,71676,Ghost Rider: Spirit of Vengeance,Ghost Rider: Spirit of Vengeance,en,14.2049,2011-12-10,5.02,4190
4,10674,Mulan,Mulan,en,23.6411,1998-06-18,7.9,10679
5,1608616,Because of Cupid,Because of Cupid,en,2.7977,2026-02-14,7.5,12
6,194,Amélie,Le Fabuleux Destin d'Amélie Poulain,fr,20.8499,2001-04-25,7.921,12658
7,1303343,Scenario,Szenario,de,1.0691,2026-12-10,0.0,0
8,38055,Megamind,Megamind,en,24.9813,2010-10-28,7.04,7689
9,1616808,In Sum,ผีพัฒนา,th,2.3024,2026-02-14,0.0,0
10,675,Harry Potter and the Order of the Phoenix,Harry Potter and the Order of the Phoenix,en,36.5753,2007-07-08,7.673,21234
11,165,Back to the Future Part II,Back to the Future Part II,en,27.02,1989-11-22,7.784,14285
12,1606362,Divine Punishment,Castigo divino,es,2.4957,2026-02-13,6.409,11
13,1261188,The Swedish Connection,Den svenska länken,sv,6.3493,2026-02-13,7.397,87
14,1440735,Couple Friendly,Couple Friendly,te,6.0397,2026-02-13,7.2,8
15,315588,Dreamgirls,Traumfrauen,de,1.6378,2015-02-19,5.8,158
16,36677,Solarbabies,Solarbabies,en,2.1293,1986-11-26,5.3,89
17,25430,All the King's Men,All the King's Men,en,4.2805,1949-11-16,6.982,246
18,1637631,Seal: Purpose,Seal: Purpose,en,1.2778,2026-02-13,8.0,1
19,1635238,Seal – Purpose: Celebrating 30 Years of the Classic Albums Seal and Seal II (2025/2026),Seal – Purpose: Celebrating 30 Years of the Classic Albums Seal and Seal II (2025/2026),en,0.5722,2026-02-13,0.0,0
0,1355496,By Design,By Design,en,2.6845,2026-02-13,5.889,9
1,610361,You're Fired,Уволить Жору,ru,4.4764,2026-02-12,1.0,1
2,1429605,F Valentine's Day,F Valentine's Day,en,6.6142,2026-02-12,6.0,80
3,1601797,¿Quieres ser mi novia?,¿Quieres ser mi novia?,es,4.57,2026-02-12,8.655,200
4,677558,The Last Whale Singer,The Last Whale Singer,en,4.6899,2026-02-12,7.9,7
5,1430625,"Margherita, mozzarelle and Fanta","Margherita, mozzarelle e Fanta",it,1.254,2026-02-12,0.0,0
6,101299,The Hunger Games: Catching Fire,The Hunger Games: Catching Fire,en,30.1472,2013-11-15,7.425,18783
7,1317672,Love Me Love Me,Love Me Love Me,en,18.3402,2026-02-12,6.086,314
8,81005,Jack the Giant Slayer,Jack the Giant Slayer,en,16.8657,2013-02-27,5.911,5354
9,1273296,Conrad & Crab – Idiotic Gems,Sainte-Marie-aux-Mines,fr,2.1854,2026-02-11,2.8,3
10,1631346,Roman Frayssinet : Ô delà,Roman Frayssinet : Ô delà,fr,1.5618,2026-02-11,7.4,6
11,1446616,Tu Yaa Main,तू या मैं,hi,5.737,2026-02-11,6.393,61
12,1309400,The Children of the Resistance,Les Enfants de la Résistance,fr,2.7876,2026-02-11,6.538,66
13,1268127,Humint,휴민트,ko,11.5032,2026-02-11,7.456,183
14,28,Apocalypse Now,Apocalypse Now,en,24.4158,1979-05-19,8.262,9378
15,1120556,Cliffhanger,Cliffhanger,en,2.4573,2027-04-29,0.0,0
16,329865,Arrival,Arrival,en,30.3408,2016-11-10,7.634,19875
17,1637126,Sorority House Guillotine,Sorority House Guillotine,en,1.9494,2026-02-10,10.0,1
18,1769930,The Stupidest City In America,The Stupidest City In America,en,0.507,2026-02-10,0.0,0
19,1617115,Brother Unknown,Brother Unknown,en,3.1291,2026-02-10,0.0,0
0,1697798,德云社郭德纲于谦相声专场郑州站 2026,德云社郭德纲于谦相声专场郑州站 2026,zh,1.2347,2026-02-09,0.0,0
1,1379261,Surrender To It,Surrender To It,en,1.4209,2026-02-09,0.0,0
2,437109,The Villainess,악녀,ko,4.0528,2017-06-08,6.929,794
3,814,An American Werewolf in London,An American Werewolf in London,en,12.8963,1981-08-21,7.39,2797
4,7340,Carrie,Carrie,en,12.7361,1976-11-03,7.341,4441
5,44214,Black Swan,Black Swan,en,24.1872,2010-12-03,7.683,15882
6,1629753,Aymeric Lompret & Pierre-Emmanuel Barré : Woke me up !,Aymeric Lompret & Pierre-Emmanuel Barré : Woke me up !,fr,1.8768,2026-02-07,8.0,1
7,1726806,BKFC Knucklemania VI,BKFC Knucklemania VI,en,0.7417,2026-02-07,0.0,0
8,1618945,Yoh! Bestie,Yoh! Bestie,en,4.8863,2026-02-06,6.26,48
9,1449400,Reckless,Reckless,en,5.6464,2026-02-07,6.429,28
10,1461211,Mimics,Mimics,en,1.8672,2026-02-06,5.0,2
11,1588838,To the Max,La fiera,es,5.9174,2026-02-06,6.294,51
12,1628232,Kalen 2026,Kalen 2026,am,1.2766,2026-02-06,0.0,0
13,843342,Hamlet,Hamlet,en,2.5439,2026-02-06,5.4,14
14,1630549,Stepmother,Stepmother,tl,2.803,2026-02-06,2.0,1
15,1536720,Mag Mag,禍禍女,ja,2.6841,2026-02-06,7.4,5
16,1631837,The Moth & The Fly,The Moth & The Fly,en,1.5604,2026-02-06,0.0,0
17,4951,10 Things I Hate About You,10 Things I Hate About You,en,21.7414,1999-03-30,7.597,9148
18,1288246,The Huntsman,The Huntsman,en,3.3362,2026-02-06,6.226,31
19,1627887,The City,The City,en,1.2644,2026-02-06,0.0,0
0,197,Braveheart,Braveheart,en,21.6912,1995-05-24,7.944,11434
1,1207936,Der Schimmelreiter,Der Schimmelreiter,de,1.9103,2026-02-05,0.0,0
2,1436061,Fabian and the Deadly Wedding,Fabian und die mörderische Hochzeit,de,2.3136,2026-02-06,6.367,45
3,1559123,Until We Meet Again,ほどなく、お別れです,ja,3.4221,2026-02-06,5.333,3
4,1400791,"Coexistence, My Ass!","Coexistence, My Ass!",en,2.0085,2026-02-05,8.286,7
5,1693934,Angine de Poitrine - Full Performance (Live On KEXP),Angine de Poitrine - Full Performance (Live On KEXP),en,0.6435,2026-02-05,10.0,1
6,1374,Rocky IV,Rocky IV,en,12.7136,1985-11-21,7.093,4969
7,1286491,Jimpa,Jimpa,en,3.5691,2026-02-06,6.7,8
8,1622290,The Runner,The Runner,en,1.9942,2026-02-05,0.0,0
9,1619020,Io+Te,Io+Te,it,6.1637,2026-02-05,5.8,10
10,331482,Little Women,Little Women,en,22.7152,2019-12-25,7.8,7006
11,1611380,My Worst Enemy,Mi mejor enemiga,es,2.9396,2026-02-05,6.188,16
12,568124,Encanto,Encanto,en,26.4342,2021-10-13,7.566,10400
13,1600628,The Spoonerism,สรรพลี้หวน,th,1.179,2026-02-05,0.0,0
14,1412182,Impatience of the Heart,Ungeduld des Herzens,de,2.4443,2026-02-05,5.5,4
15,1629959,HELP,HELP,en,2.8345,2026-02-05,4.0,2
16,337339,The Fate of the Furious,The Fate of the Furious,en,15.8707,2017-04-12,6.849,10986
17,289,Casablanca,Casablanca,en,15.8745,1943-01-15,8.138,6222
18,1441197,Aashaan,ആശാൻ,ml,2.2693,2026-02-05,6.625,4
19,1757688,Do nebes!,Do nebes!,cs,2.3239,2026-02-05,0.0,0
0,38055,Megamind,Megamind,en,24.9813,2010-10-28,7.04,7689
1,1616808,In Sum,ผีพัฒนา,th,2.3024,2026-02-14,0.0,0
2,675,Harry Potter and the Order of the Phoenix,Harry Potter and the Order of the Phoenix,en,36.5753,2007-07-08,7.673,21234
3,1606362,Divine Punishment,Castigo divino,es,2.4957,2026-02-13,6.409,11
4,1261188,The Swedish Connection,Den svenska länken,sv,6.3493,2026-02-13,7.397,87
5,1440735,Couple Friendly,Couple Friendly,te,6.0397,2026-02-13,7.2,8
6,315588,Dreamgirls,Traumfrauen,de,1.6378,2015-02-19,5.8,158
7,36677,Solarbabies,Solarbabies,en,2.1293,1986-11-26,5.3,89
8,25430,All the King's Men,All the King's Men,en,4.2805,1949-11-16,6.982,246
9,1637631,Seal: Purpose,Seal: Purpose,en,1.2778,2026-02-13,8.0,1
10,1635238,Seal – Purpose: Celebrating 30 Years of the Classic Albums Seal and Seal II (2025/2026),Seal – Purpose: Celebrating 30 Years of the Classic Albums Seal and Seal II (2025/2026),en,0.5722,2026-02-13,0.0,0
11,1355496,By Design,By Design,en,2.6845,2026-02-13,5.889,9
12,610361,You're Fired,Уволить Жору,ru,4.4764,2026-02-12,1.0,1
13,1429605,F Valentine's Day,F Valentine's Day,en,6.6142,2026-02-12,6.0,80
14,1601797,¿Quieres ser mi novia?,¿Quieres ser mi novia?,es,4.57,2026-02-12,8.655,200
15,677558,The Last Whale Singer,The Last Whale Singer,en,4.6899,2026-02-12,7.9,7
16,1430625,"Margherita, mozzarelle and Fanta","Margherita, mozzarelle e Fanta",it,1.254,2026-02-12,0.0,0
17,101299,The Hunger Games: Catching Fire,The Hunger Games: Catching Fire,en,30.1472,2013-11-15,7.425,18783
18,1317672,Love Me Love Me,Love Me Love Me,en,18.3402,2026-02-12,6.086,314
19,81005,Jack the Giant Slayer,Jack the Giant Slayer,en,16.8657,2013-02-27,5.911,5354
0,1628836,LA GLORIA,LA GLORIA,es,2.6627,2026-02-01,0.0,0
1,1705057,VCR Willie: Tape 2,VCR Willie: Tape 2,en,1.1775,2026-02-01,1.0,1
2,1383985,Martyr,Marter,de,2.4484,2026-01-31,0.0,0
3,1592019,Missing the Boat,Missing the Boat,en,3.1211,2026-01-31,5.833,12
4,1601507,Whispers of a Burning Scent,Whispers of a Burning Scent,so,2.076,2026-01-30,0.0,0
5,1265,Bridge to Terabithia,Bridge to Terabithia,en,27.0483,2007-02-15,7.352,5471
6,854,The Mask,The Mask,en,23.3695,1994-07-29,6.994,11587
7,402,Basic Instinct,Basic Instinct,en,21.5792,1992-03-20,6.95,4535
8,1461201,The Keeper of the Camphor Tree,クスノキの番人,ja,3.2486,2026-01-30,6.0,3
9,1294462,The Wedding,La boda,es,1.3495,2026-01-30,7.4,10
10,1617366,太空异种,太空异种,zh,1.3781,2026-01-30,0.0,0
11,94329,The Raid,Serbuan Maut,id,11.6425,2012-03-22,7.413,4032
12,1271511,Happy Heroes: Multiverse Rescue,开心超人之时空营救,zh,1.6116,2026-01-29,7.0,1
13,1575130,Not Built to Last,Not Built to Last,nl,1.7629,2026-01-30,0.0,0
14,1249508,Grizzly Night,Grizzly Night,en,6.4567,2026-01-30,6.257,68
15,398818,Call Me by Your Name,Call Me by Your Name,en,24.7759,2017-10-01,8.08,12953
16,60304,Hansel & Gretel: Witch Hunters,Hansel & Gretel: Witch Hunters,en,13.7186,2013-01-17,6.11,7226
17,1320927,The Daughter of the Moon,Killapa Wawan,qu,0.988,2026-01-29,4.0,1
18,1549124,Elena's War,Elena del Ghetto,it,1.2275,2026-01-29,7.0,1
19,120,The Lord of the Rings: The Fellowship of the Ring,The Lord of the Rings: The Fellowship of the Ring,en,54.6787,2001-12-18,8.445,28368
0,1218067,When Mumbo Jumbo Grew Giant,Da Mumbo Jumbo blev kæmpestor,da,3.3253,2026-01-29,6.2,5
1,1732520,Angkor: Hidden Jungle Empire,Angkor: Hidden Jungle Empire,en,1.0267,2026-01-28,10.0,1
2,955555,The Roundup: No Way Out,범죄도시 3,ko,11.8598,2023-05-31,7.245,572
3,47002,Love Letter,ラブレター,ja,6.8168,1995-03-25,7.841,276
4,11224,Cinderella,Cinderella,en,20.6935,1950-02-22,7.053,7285
5,1464976,Life After Siham,الحياة بعد سهام,ar,1.4612,2026-01-28,7.125,4
6,1596291,Queen of Chess,Queen of Chess,en,7.2305,2026-01-27,7.526,77
7,1340076,Untitled Home Invasion Romance,Untitled Home Invasion Romance,en,10.807,2026-01-27,5.615,52
8,1370,Rambo III,Rambo III,en,13.2989,1988-05-24,6.211,3588
9,949229,Leo,லியோ,ta,4.2001,2023-10-18,6.899,148
10,1623002,Artemis II - Zurück zum Mond,Artemis II - Zurück zum Mond,de,2.6742,2026-01-26,10.0,1
11,1318998,House of Ka,House of Ka,en,3.0417,2026-01-27,0.0,0
12,1596308,Joybubbles,Joybubbles,en,2.8121,2026-01-26,1.0,1
13,1594276,Kamen Rider Eins with Girls Remix,仮面ライダーアインズ withガールズリミックス,ja,3.6924,2026-01-25,9.0,4
14,1010581,My Fault,Culpa mía,es,44.0544,2023-06-08,7.728,4191
15,1596282,The Friend's House is Here,The Friend's House is Here,en,2.1413,2026-01-24,6.5,2
16,1621196,DEPERSON,DEPERSON,en,2.0863,2026-01-24,0.0,0
17,1596324,The Best Summer,The Best Summer,en,2.7956,2026-01-24,0.0,0
18,1595346,Zi,Zi,en,4.0385,2026-01-24,2.0,1
19,71883,Redline,レッドライン,ja,4.5841,2009-08-14,7.546,599
0,62211,Monsters University,Monsters University,en,19.7815,2013-06-19,7.058,11545
1,1146058,The Pout-Pout Fish,The Pout-Pout Fish,en,14.7099,2026-01-01,5.2,17
2,1698825,Interim,Interim,en,1.1783,2026-01-01,0.0,0
3,1305715,Unexpected Family,过家家,zh,4.9798,2026-01-01,8.0,44
4,1636888,Richard Herring: Can I Have My Ball Back?,Richard Herring: Can I Have My Ball Back?,en,0.7553,2025-12-31,0.0,0
5,1766872,The Treasure,Le Trésor,fr,1.0355,2026-01-01,0.0,0
6,77174,ParaNorman,ParaNorman,en,12.4342,2012-08-03,7.053,2862
7,197,Braveheart,Braveheart,en,21.6912,1995-05-24,7.944,11434
8,1607126,Afterlight,"Bahkan Di Ujung Waktu Pun, Segelintir Cahaya Akan Menyentuhmu",en,1.3012,2025-12-31,0.0,0
9,1308618,The Wonderers,Qui brille au combat,fr,2.6932,2025-12-31,6.6,35
10,698483,The Strangers’ Case,The Strangers’ Case,en,1.0705,2025-12-31,0.0,0
11,1308910,In the Land of Arto,Le Pays d’Arto,fr,2.6549,2025-12-31,5.0,5
12,1630432,MAYDAY & Ü FLY TO 2026,五月天 任性為五 FLY TO 2026,zh,0.9946,2025-12-31,0.0,0
13,101,Léon: The Professional,Léon,fr,31.4482,1994-09-14,8.291,16524
14,12153,White Chicks,White Chicks,en,30.2697,2004-06-23,6.963,4744
15,10693,Peter Pan,Peter Pan,en,17.1385,1953-02-05,7.191,5839
16,87421,Riddick,Riddick,en,9.7655,2013-09-02,6.346,4529
17,69735,Batman: Year One,Batman: Year One,en,6.5015,2011-09-27,7.256,1076
18,8078,Alien Resurrection,Alien Resurrection,en,16.6082,1997-11-12,6.173,5756
19,1578,Raging Bull,Raging Bull,en,13.6555,1980-11-14,7.897,4889
0,1154538,Nirvanna the Band the Show the Movie,Nirvanna the Band the Show the Movie,en,6.8617,2026-02-02,7.68,128
1,568160,Weathering with You,天気の子,ja,12.4487,2019-07-19,7.972,2715
2,823464,Godzilla x Kong: The New Empire,Godzilla x Kong: The New Empire,en,31.4099,2024-03-27,7.041,4857
3,335977,Indiana Jones and the Dial of Destiny,Indiana Jones and the Dial of Destiny,en,24.1523,2023-06-25,6.496,4354
4,1520453,New Jersey Devil,New Jersey Devil,en,2.7018,2026-02-02,8.0,1
5,1627355,Successor,جانشین,fa,1.2013,2026-02-01,0.0,0
6,10386,The Iron Giant,The Iron Giant,en,17.6614,1999-08-06,7.963,6371
7,287947,Shazam!,Shazam!,en,19.8223,2019-03-29,6.969,10443
8,1625551,The Daughter of Lady Fairy,دختر پری خانوم,fa,1.3976,2026-02-01,6.0,1
9,1750174,The Singularity Protocol,The Singularity Protocol,en,0.5454,2026-01-31,0.0,0
10,1628836,LA GLORIA,LA GLORIA,es,2.6627,2026-02-01,0.0,0
11,1705057,VCR Willie: Tape 2,VCR Willie: Tape 2,en,1.1775,2026-02-01,1.0,1
12,1383985,Martyr,Marter,de,2.4484,2026-01-31,0.0,0
13,1592019,Missing the Boat,Missing the Boat,en,3.1211,2026-01-31,5.833,12
14,1601507,Whispers of a Burning Scent,Whispers of a Burning Scent,so,2.076,2026-01-30,0.0,0
15,1265,Bridge to Terabithia,Bridge to Terabithia,en,27.0483,2007-02-15,7.352,5471
16,854,The Mask,The Mask,en,23.3695,1994-07-29,6.994,11587
17,402,Basic Instinct,Basic Instinct,en,21.5792,1992-03-20,6.95,4535
18,1461201,The Keeper of the Camphor Tree,クスノキの番人,ja,3.2486,2026-01-30,6.0,3
19,1294462,The Wedding,La boda,es,1.3495,2026-01-30,7.4,10
0,1617366,太空异种,太空异种,zh,1.3781,2026-01-30,0.0,0
1,94329,The Raid,Serbuan Maut,id,11.6425,2012-03-22,7.413,4032
2,1271511,Happy Heroes: Multiverse Rescue,开心超人之时空营救,zh,1.6116,2026-01-29,7.0,1
3,1575130,Not Built to Last,Not Built to Last,nl,1.7629,2026-01-30,0.0,0
4,1249508,Grizzly Night,Grizzly Night,en,6.4567,2026-01-30,6.257,68
5,1339876,Mardaani 3,मर्दानी 3,hi,7.0195,2026-01-30,7.6,44
6,1632382,Therion con Orquesta,Therion con Orquesta,es,0.5277,2026-01-30,0.0,0
7,1215919,My Sister's Bones,My Sister's Bones,en,4.7743,2026-01-30,6.75,14
8,398818,Call Me by Your Name,Call Me by Your Name,en,24.7759,2017-10-01,8.08,12953
9,1320927,The Daughter of the Moon,Killapa Wawan,qu,0.988,2026-01-29,4.0,1
10,1549124,Elena's War,Elena del Ghetto,it,1.2275,2026-01-29,7.0,1
11,120,The Lord of the Rings: The Fellowship of the Ring,The Lord of the Rings: The Fellowship of the Ring,en,54.6787,2001-12-18,8.445,28368
12,1218067,When Mumbo Jumbo Grew Giant,Da Mumbo Jumbo blev kæmpestor,da,3.3253,2026-01-29,6.2,5
13,1732520,Angkor: Hidden Jungle Empire,Angkor: Hidden Jungle Empire,en,1.0267,2026-01-28,10.0,1
14,955555,The Roundup: No Way Out,범죄도시 3,ko,11.8598,2023-05-31,7.245,572
15,1464976,Life After Siham,الحياة بعد سهام,ar,1.4612,2026-01-28,7.125,4
16,1596291,Queen of Chess,Queen of Chess,en,7.2305,2026-01-27,7.526,77
17,310307,The Founder,The Founder,en,17.177,2016-11-24,7.153,5532
18,1340076,Untitled Home Invasion Romance,Untitled Home Invasion Romance,en,10.807,2026-01-27,5.615,52
19,1370,Rambo III,Rambo III,en,13.2989,1988-05-24,6.211,3588
0,949229,Leo,லியோ,ta,4.2001,2023-10-18,6.899,148
1,1623002,Artemis II - Zurück zum Mond,Artemis II - Zurück zum Mond,de,2.6742,2026-01-26,10.0,1
2,1318998,House of Ka,House of Ka,en,3.0417,2026-01-27,0.0,0
3,1596308,Joybubbles,Joybubbles,en,2.8121,2026-01-26,1.0,1
4,1594276,Kamen Rider Eins with Girls Remix,仮面ライダーアインズ withガールズリミックス,ja,3.6924,2026-01-25,9.0,4
5,82695,Les Misérables,Les Misérables,en,15.5221,2012-12-18,7.294,5689
6,1010581,My Fault,Culpa mía,es,44.0544,2023-06-08,7.728,4191
7,1596282,The Friend's House is Here,The Friend's House is Here,en,2.1413,2026-01-24,6.5,2
8,1621196,DEPERSON,DEPERSON,en,2.0863,2026-01-24,0.0,0
9,1596324,The Best Summer,The Best Summer,en,2.7956,2026-01-24,0.0,0
10,1595346,Zi,Zi,en,4.0385,2026-01-24,2.0,1
11,71883,Redline,レッドライン,ja,4.5841,2009-08-14,7.546,599
12,1733095,Almost Love,愛のごとく,ja,1.0963,2026-01-23,0.0,0
13,1599090,Skyscraper Live,Skyscraper Live,en,4.3702,2026-01-23,7.557,44
14,10527,Madagascar: Escape 2 Africa,Madagascar: Escape 2 Africa,en,20.4537,2008-10-30,6.534,7599
15,1595942,Kaiju Heaven,怪獣天国,ja,0.8977,2026-01-23,0.0,0
16,1433087,Love on Trial,恋愛裁判,ja,3.0324,2026-01-23,5.9,12
17,1450257,Clika,Clika,en,4.0318,2026-01-22,8.244,45
18,250546,Annabelle,Annabelle,en,12.2301,2014-10-01,5.792,6658
19,1566001,VHS Summer Camp,VHS Summer Camp,en,1.6164,2026-01-22,3.6,5
0,1016069,Rally - From Paris to the Pyramids,Flåklypa - fra Paris til Pyramidene,no,2.936,2025-12-14,6.4,5
1,1598505,Cody Clarke: Marie,Cody Clarke: Marie,en,0.6786,2025-12-14,0.0,0
2,1695417,Ciao rakas!,Ciao rakas!,it,3.031,2025-12-14,1.0,1
3,1642144,De Quinze em Quinze dias,De Quinze em Quinze dias,pt,1.0918,2025-12-13,0.0,0
4,11423,Memories of Murder,살인의 추억,ko,17.3069,2003-04-25,8.062,4813
5,1604705,"I Love You, Bro","I Love You, Bro",en,0.8545,2025-12-12,0.0,0
6,1597684,Celtes - Les mystères d'une civilisation disparue,Celtes - Les mystères d'une civilisation disparue,fr,0.6174,2025-12-12,8.0,1
7,1435092,Goodbye June,Goodbye June,en,10.8514,2025-12-12,6.525,162
8,37797,Whisper of the Heart,耳をすませば,ja,16.4278,1995-07-15,7.944,2353
9,10191,How to Train Your Dragon,How to Train Your Dragon,en,27.6979,2010-03-18,7.867,14729
10,1242705,One More Shot,One More Shot,en,3.5919,2025-12-12,6.029,34
11,1513523,Wizard of Oz: Dead Walk,Wizard of Oz: Dead Walk,en,1.965,2025-12-12,4.8,6
12,1248217,Berlin Hero,Der Held vom Bahnhof Friedrichstraße,de,3.3452,2025-12-11,6.55,20
13,1015154,Fireflies at El Mozote,Luciérnagas en El Mozote,en,5.3055,2025-12-11,5.2,5
14,1220970,Livros Restantes,Livros Restantes,pt,2.611,2025-12-11,7.9,5
15,1562010,Taylor Swift | The Eras Tour | The Final Show,Taylor Swift | The Eras Tour | The Final Show,en,3.601,2025-12-11,7.9,59
16,1266826,Spices and Lies,La Petite Cuisine de Mehdi,fr,2.0519,2025-12-10,6.708,12
17,1401339,Sexa,Sexa,pt,2.9857,2025-12-11,6.0,2
18,1594192,Shopaholic's diary,Deník shopaholičky,cs,2.294,2025-12-11,3.0,2
19,1484970,In Search of Darkness '70s,In Search of Darkness '70s,en,1.1007,2027-07-01,0.0,0
0,1578,Raging Bull,Raging Bull,en,13.6555,1980-11-14,7.897,4890
1,1604454,Mare Mundi. Tribut al mar,Mare Mundi. Tribut al mar,ca,1.5009,2025-12-26,0.0,0
2,1063020,Emergency Interrogation Room: The Final,劇場版 緊急取調室 THE FINAL,ja,2.4667,2025-12-26,8.0,1
3,645105,Ciao UFO,再見UFO,cn,2.0912,2025-12-25,7.2,6
4,1591287,The Sixth Robber,运钞大劫案,zh,2.2471,2025-12-25,8.167,6
5,1401281,The Testament of Ann Lee,The Testament of Ann Lee,en,7.2324,2025-12-25,6.344,180
6,1586841,The Trip 8,El paseo 8,es,1.8554,2025-12-25,6.286,14
7,1600028,A Father's Miracle,La celda de los milagros,es,5.0122,2025-12-25,8.039,90
8,1601310,Eesha,ఈశా,te,2.2425,2025-12-25,2.5,2
9,1219548,The Physician II,Der Medicus II,de,7.3846,2025-12-25,6.608,51
10,1603673,Kei to the City 2,Kei to the City 2,en,0.6549,2025-12-25,0.0,0
11,1610460,Mile 666,Mile 666,en,2.9617,2025-12-24,5.25,4
12,976893,Perfect Days,PERFECT DAYS,ja,19.651,2023-11-10,7.822,2059
13,10144,The Little Mermaid,The Little Mermaid,en,27.9607,1989-11-17,7.4,8564
14,1466115,Even If This Love Disappears Tonight,"오늘 밤, 세계에서 이 사랑이 사라진다 해도",ko,7.02,2025-12-24,8.494,232
15,303991,Demolition,Demolition,en,10.2627,2016-04-06,6.859,2621
16,1600883,Dhandoraa,దండోరా,te,2.3654,2025-12-24,6.6,5
17,1421153,Living the Land,生息之地,zh,2.7474,2025-12-24,6.9,13
18,1325866,Escape from the Outland,用武之地,zh,2.9407,2025-12-24,6.8,16
19,1137167,Immortal,영생인,ko,0.6891,2025-12-24,0.0,0
0,274870,Passengers,Passengers,en,15.0578,2016-12-21,6.955,14500
1,657,From Russia with Love,From Russia with Love,en,15.3266,1963-10-10,7.064,3460
2,1767345,The Birth and The Bees: The Making of Bugonia,The Birth and The Bees: The Making of Bugonia,en,2.0178,2025-12-23,0.0,0
3,9480,Daredevil,Daredevil,en,13.7641,2003-02-14,5.305,5602
4,1593709,Yalla Habibi!,Yalla Habibi!,en,2.3625,2025-12-22,9.333,3
5,1547929,The Christmas Baby,The Christmas Baby,en,2.8694,2025-12-21,6.7,8
6,1773763,DNA: The Movie,DNA: The Movie,en,0.3232,2027-06-19,0.0,0
7,1602507,Nós é Ruim e Mora Longe,Nós é Ruim e Mora Longe,pt,1.3158,2025-12-21,10.0,1
8,1380751,Summer Souvenir,Summer Souvenir,nl,2.2766,2025-12-21,0.0,0
9,474350,It Chapter Two,It Chapter Two,en,23.5274,2019-09-04,6.83,9846
10,18405,The Last House on the Left,The Last House on the Left,en,10.7922,2009-03-13,6.511,2011
11,297,Meet Joe Black,Meet Joe Black,en,19.555,1998-11-12,7.371,5947
12,1346662,Pass and Goal,逆轉上半場,cn,1.8575,2025-12-20,4.0,1
13,1715672,Comedy Set - Urban Stoic,Drama Komedi - Stoa di Kota,id,0.7605,2025-12-21,0.0,0
14,1601173,Family Swap,一起过家家,zh,1.6957,2025-12-20,5.5,2
15,1756817,Before Another Sleep,Before Another Sleep,en,0.5721,2025-12-20,0.0,0
16,1686559,Expire,Expire,en,1.2382,2025-12-20,0.0,0
17,1140498,Is This Thing On?,Is This Thing On?,en,8.9487,2025-12-19,6.563,207
18,1400850,In Search of Darkness: 1995-1999,In Search of Darkness: 1995-1999,en,1.2127,2025-12-19,7.0,1
19,74,War of the Worlds,War of the Worlds,en,25.4504,2005-06-28,6.573,9532
0,1735289,Collision,Collision,en,3.0507,2025-12-18,0.0,0
1,1584125,Breakdown: 1975,Breakdown: 1975,en,3.9464,2025-12-18,6.8,31
2,756999,The Black Phone,The Black Phone,en,20.2868,2022-06-16,7.511,6081
3,8769,Christine,Christine,en,8.072,1983-12-09,6.875,2324
4,840,Close Encounters of the Third Kind,Close Encounters of the Third Kind,en,14.3689,1977-12-14,7.358,4847
5,1602677,Where Pretty Girls Die,Where Pretty Girls Die,en,2.4113,2025-12-18,7.0,1
6,1403612,Timur,Timur,id,4.7401,2025-12-18,5.75,8
7,1166170,You Found Me,L’Âme Idéale,fr,4.1655,2025-12-17,7.024,105
8,1422,The Departed,The Departed,en,33.5415,2006-10-04,8.159,16647
9,1421414,The Bloody Hero,The Bloody Hero,pt,0.8993,2025-12-17,8.0,1
10,1309373,Whispers in the Woods,Le Chant des forêts,fr,4.0801,2025-12-17,7.9,73
11,1666479,"Acabado, Permanente Inacabado","Acabado, Permanente Inacabado",es,0.6357,2025-12-16,0.0,0
12,81188,Rise of the Guardians,Rise of the Guardians,en,21.9781,2012-11-21,7.38,7288
13,1624898,Necropolis,Necropolis,en,3.1356,2025-12-16,3.0,1
14,1366585,"The ""Set-Up"" Boxer",الملاكم المُعدّ,ar,0.7547,2025-12-15,0.0,0
15,2493,The Princess Bride,The Princess Bride,en,20.043,1987-09-25,7.71,5289
16,615656,Meg 2: The Trench,Meg 2: The Trench,en,25.7312,2023-08-02,6.362,4111
17,608,Men in Black II,Men in Black II,en,21.2583,2002-07-03,6.391,10897
18,1588144,Nollaí,Nollaí,ga,1.9482,2025-12-14,0.0,0
19,454626,Sonic the Hedgehog,Sonic the Hedgehog,en,26.9929,2020-02-12,7.27,10585
0,62211,Monsters University,Monsters University,en,19.7815,2013-06-19,7.058,11545
1,1146058,The Pout-Pout Fish,The Pout-Pout Fish,en,14.7099,2026-01-01,5.2,17
2,1698825,Interim,Interim,en,1.1783,2026-01-01,0.0,0
3,1636888,Richard Herring: Can I Have My Ball Back?,Richard Herring: Can I Have My Ball Back?,en,0.7553,2025-12-31,0.0,0
4,181812,Star Wars: The Rise of Skywalker,Star Wars: The Rise of Skywalker,en,28.0077,2019-12-18,6.248,11149
5,1766872,The Treasure,Le Trésor,fr,1.0355,2026-01-01,0.0,0
6,77174,ParaNorman,ParaNorman,en,12.4342,2012-08-03,7.053,2862
7,1607126,Afterlight,"Bahkan Di Ujung Waktu Pun, Segelintir Cahaya Akan Menyentuhmu",en,1.3012,2025-12-31,0.0,0
8,1308618,The Wonderers,Qui brille au combat,fr,2.6932,2025-12-31,6.6,35
9,417859,Puss in Boots,Puss in Boots,en,24.029,2011-10-27,6.619,4751
10,698483,The Strangers’ Case,The Strangers’ Case,en,1.0705,2025-12-31,0.0,0
11,1308910,In the Land of Arto,Le Pays d’Arto,fr,2.6549,2025-12-31,5.0,5
12,1630432,MAYDAY & Ü FLY TO 2026,五月天 任性為五 FLY TO 2026,zh,0.9946,2025-12-31,0.0,0
13,101,Léon: The Professional,Léon,fr,31.4482,1994-09-14,8.291,16525
14,629,The Usual Suspects,The Usual Suspects,en,22.3295,1995-07-19,8.164,11743
15,10693,Peter Pan,Peter Pan,en,17.1385,1953-02-05,7.191,5840
16,525,The Blues Brothers,The Blues Brothers,en,11.4032,1980-06-16,7.717,4675
17,522938,Rambo: Last Blood,Rambo: Last Blood,en,16.3215,2019-09-18,6.537,4337
18,87421,Riddick,Riddick,en,9.7655,2013-09-02,6.345,4530
19,69735,Batman: Year One,Batman: Year One,en,6.5015,2011-09-27,7.256,1076
0,1578,Raging Bull,Raging Bull,en,13.6555,1980-11-14,7.897,4890
1,1604454,Mare Mundi. Tribut al mar,Mare Mundi. Tribut al mar,ca,1.5009,2025-12-26,0.0,0
2,1063020,Emergency Interrogation Room: The Final,劇場版 緊急取調室 THE FINAL,ja,2.4667,2025-12-26,8.0,1
3,645105,Ciao UFO,再見UFO,cn,2.0912,2025-12-25,7.2,6
4,1591287,The Sixth Robber,运钞大劫案,zh,2.2471,2025-12-25,8.167,6
5,1401281,The Testament of Ann Lee,The Testament of Ann Lee,en,7.2324,2025-12-25,6.344,180
6,1586841,The Trip 8,El paseo 8,es,1.8554,2025-12-25,6.286,14
7,1600028,A Father's Miracle,La celda de los milagros,es,5.0122,2025-12-25,8.039,90
8,1601310,Eesha,ఈశా,te,2.2425,2025-12-25,2.5,2
9,1219548,The Physician II,Der Medicus II,de,7.3846,2025-12-25,6.608,51
10,1603673,Kei to the City 2,Kei to the City 2,en,0.6549,2025-12-25,0.0,0
11,1610460,Mile 666,Mile 666,en,2.9617,2025-12-24,5.25,4
12,976893,Perfect Days,PERFECT DAYS,ja,19.651,2023-11-10,7.822,2059
13,10144,The Little Mermaid,The Little Mermaid,en,27.9607,1989-11-17,7.4,8564
14,1466115,Even If This Love Disappears Tonight,"오늘 밤, 세계에서 이 사랑이 사라진다 해도",ko,7.02,2025-12-24,8.494,232
15,303991,Demolition,Demolition,en,10.2627,2016-04-06,6.859,2621
16,1600883,Dhandoraa,దండోరా,te,2.3654,2025-12-24,6.6,5
17,1421153,Living the Land,生息之地,zh,2.7474,2025-12-24,6.9,13
18,1325866,Escape from the Outland,用武之地,zh,2.9407,2025-12-24,6.8,16
19,1137167,Immortal,영생인,ko,0.6891,2025-12-24,0.0,0
0,1575377,The Christmas Showdown,The Christmas Showdown,en,1.6662,2025-12-06,5.0,1
1,1592469,Spurlos in Venedig,Spurlos in Venedig,de,1.5148,2025-12-06,6.833,3
2,1529516,Kung Fu Lady Boss,清算,zh,1.9045,2025-12-05,5.5,2
3,1588835,Testimony of the Witness,Kapag Tumayo Ang Testigo,tl,3.0015,2025-12-05,4.8,6
4,43074,Ghostbusters,Ghostbusters,en,16.6319,2016-07-14,5.343,6906
5,1354518,100 Nights of Hero,100 Nights of Hero,en,3.8471,2025-12-05,5.914,29
6,1598746,铁拳硬汉,铁拳硬汉,zh,0.7798,2025-12-06,0.0,0
7,1558540,Isaac Cruz vs. Lamont Roach,Isaac Cruz vs. Lamont Roach,en,1.4173,2025-12-06,0.0,0
8,1591282,El juicio de mi mirada.,El juicio de mi mirada.,es,0.9923,2025-12-06,0.0,0
9,1607773,Ballistic,Ballistic,en,2.7129,2025-12-06,5.0,1
10,1543831,Speed Train,Speed Train,en,2.7025,2025-12-05,4.611,9
11,1563080,Static,Static,en,3.6768,2025-12-05,0.0,0
12,1416589,Brother,Brat,pl,0.9833,2025-12-05,6.625,8
13,1616263,Samurai Detective Onihei: Two Righteous Swords,鬼平犯科帳 兇剣,ja,0.7818,2025-12-05,8.8,5
14,4982,American Gangster,American Gangster,en,20.7514,2007-11-02,7.596,6236
15,1587485,Мальчик и робот,Мальчик и робот,ru,1.2758,2025-12-05,0.0,0
16,1728086,Silent Witness,Silent Witness,en,0.6753,2025-12-05,0.0,0
17,1285410,Fragile As Roses,Frágiles como rosas,es,1.6599,2025-12-05,0.0,0
18,991262,Under Current,內幕,cn,2.1218,2025-12-05,4.9,10
19,851531,Special Friend,我最特别的朋友,zh,1.4078,2025-12-05,0.0,0
0,1509944,Horseshoe,Horseshoe,en,1.5956,2025-12-05,0.0,0
1,1318184,Wait Til Dawn,Wait Til Dawn,en,1.2654,2025-12-05,0.0,0
2,1566700,The Mad Empress,Шальная императрица,ru,3.4024,2025-12-04,6.5,3
3,1593419,The Making of Jay Kelly,The Making of Jay Kelly,en,2.6539,2025-12-04,6.429,7
4,562,Die Hard,Die Hard,en,27.4208,1988-07-15,7.816,12643
5,1592731,Juste pour Rire Montréal 2025,Juste pour Rire Montréal 2025,fr,2.0874,2025-12-04,4.0,1
6,1567441,Flood,Potopa,sk,3.4753,2025-12-04,8.0,12
7,1306400,Merrily We Roll Along,Merrily We Roll Along,en,4.2758,2025-12-04,6.896,24
8,1477642,Our House,ข้างบ้าน,th,2.9366,2025-12-04,5.75,12
9,1400501,The People Upstairs,윗집 사람들,ko,2.8749,2025-12-03,5.909,11
10,1586368,Corey Feldman vs. the World,Corey Feldman vs. the World,en,2.2546,2025-12-03,6.4,5
11,11688,The Emperor's New Groove,The Emperor's New Groove,en,28.2325,2000-12-15,7.566,7466
12,1255792,The Baronesses,Les Baronnes,fr,1.7552,2025-12-03,5.8,5
13,346364,It,It,en,18.6562,2017-09-06,7.241,20678
14,85,Raiders of the Lost Ark,Raiders of the Lost Ark,en,29.7101,1981-06-12,7.928,13991
15,1160984,The Informant,정보원,ko,2.669,2025-12-03,5.444,9
16,877817,Wolfs,Wolfs,en,14.4721,2024-09-20,6.545,1569
17,63574,Joyful Noise,Joyful Noise,en,4.9245,2012-01-13,6.4,170
18,10383,Lost Souls,Lost Souls,en,4.6279,2000-10-13,5.084,208
19,1441563,My Secret Santa,My Secret Santa,en,4.9179,2025-12-02,6.2,196
0,1487,Hellboy,Hellboy,en,11.296,2004-04-02,6.677,7614
1,530915,1917,1917,en,20.4948,2019-12-25,7.984,13900
2,1541407,Christmas in Amish Country,Christmas in Amish Country,en,1.4713,2025-11-30,7.0,1
3,840326,Sisu,Sisu,fi,19.3981,2022-09-09,7.388,2974
4,1179684,Amsterdamned II,Amsterdamned II,nl,4.1674,2025-11-30,5.375,36
5,1071215,Thanksgiving,Thanksgiving,en,12.9189,2023-11-16,6.464,1652
6,11866,Flight of the Phoenix,Flight of the Phoenix,en,6.532,2004-12-17,6.004,971
7,1542199,Cape Cod Cthulhu,Cape Cod Cthulhu,en,1.643,2025-11-30,0.0,0
8,1644023,Pic,Pic,fr,0.6946,2025-11-29,0.0,0
9,11644,Blow Out,Blow Out,en,8.2448,1981-07-24,7.352,1749
10,1555189,The Furies,Les Furies,fr,2.1587,2025-11-28,6.2,5
11,1765030,Wie wollen Wir leben? - 100 Jahre Bauhaus Dessau,Wie wollen Wir leben? - 100 Jahre Bauhaus Dessau,de,0.9814,2025-11-29,0.0,0
12,1586557,Vellakuthira,வெள்ளகுதிர,en,1.7776,2025-11-28,0.0,0
13,630,The Wizard of Oz,The Wizard of Oz,en,25.5828,1939-08-21,7.581,6284
14,45243,The Hangover Part II,The Hangover Part II,en,23.5049,2011-05-25,6.511,11546
15,13183,Watchmen,Watchmen,en,15.9946,2009-03-04,7.355,10261
16,11385,Hatari!,Hatari!,en,3.6846,1962-06-19,6.779,276
17,9705,Swordfish,Swordfish,en,12.8125,2001-06-08,6.268,3058
18,664,Twister,Twister,en,13.5806,1996-05-10,6.577,3993
19,1565589,Hero Sanyuanli,英雄三元里,zh,1.621,2025-11-28,8.0,2
0,1245535,The Devil,ದಿ ಡೆವಿಲ್,kn,2.2731,2025-12-11,1.5,2
1,1484970,In Search of Darkness '70s,In Search of Darkness '70s,en,1.1007,2027-07-01,0.0,0
2,11544,Lilo & Stitch,Lilo & Stitch,en,25.5782,2002-06-21,7.559,7245
3,1290450,Love Me Tender,Love Me Tender,fr,3.0603,2025-12-10,6.6,20
4,1197125,Louise,Louise,fr,2.2734,2025-12-10,7.6,15
5,1588842,VMX Rewind: The Best Of VMX 2025,VMX Rewind: The Best Of VMX 2025,tl,2.6109,2025-12-09,9.0,4
6,41154,Men in Black 3,Men in Black 3,en,18.8473,2012-05-23,6.548,11200
7,535,Flashdance,Flashdance,en,7.2065,1983-04-14,6.492,1659
8,1586820,Elmo and Mark Rober's Merry Giftmas,Elmo and Mark Rober's Merry Giftmas,en,2.4834,2025-12-08,6.0,9
9,38575,The Karate Kid,The Karate Kid,en,19.2779,2010-06-10,6.567,6710
10,1597842,Raptus,Raptus,es,0.4937,2025-12-07,0.0,0
11,1417,Pan's Labyrinth,El laberinto del fauno,es,21.351,2006-10-11,7.769,11738
12,1147411,"Miraculous World: Tokyo, Stellar Force","Miraculous World : Tokyo, Stellar Force",fr,7.5342,2025-12-07,8.5,67
13,1426940,Above the Line,Above the Line,en,2.5044,2025-12-06,7.389,9
14,2108,The Breakfast Club,The Breakfast Club,en,11.0914,1985-02-15,7.716,8729
15,1516208,She's Making a List,She's Making a List,en,2.9606,2025-12-06,6.824,17
16,296096,Me Before You,Me Before You,en,25.4002,2016-06-01,7.9,13574
17,77877,The Lucky One,The Lucky One,en,13.4684,2012-04-19,7.181,3880
18,1575377,The Christmas Showdown,The Christmas Showdown,en,1.6662,2025-12-06,5.0,1
19,1592469,Spurlos in Venedig,Spurlos in Venedig,de,1.5148,2025-12-06,6.833,3
0,120467,The Grand Budapest Hotel,The Grand Budapest Hotel,en,25.7558,2014-02-26,8.026,16502
1,1585386,The Male Gaze: Heavenly Creatures,The Male Gaze: Heavenly Creatures,fr,1.7944,2025-11-24,0.0,0
2,447332,A Quiet Place,A Quiet Place,en,26.799,2018-04-03,7.395,15719
3,63311,The Skin I Live In,La piel que habito,es,14.2755,2011-08-17,7.478,4740
4,12113,Body of Lies,Body of Lies,en,9.9095,2008-10-09,6.627,3430
5,607,Men in Black,Men in Black,en,23.0273,1997-07-02,7.229,15194
6,1584298,La voix d'or,La voix d'or,fr,1.2388,2025-11-23,6.0,1
7,677179,Creed III,Creed III,en,13.3629,2023-03-01,7.086,2976
8,36658,X2,X2,en,1.0903,2003-04-27,7.046,11186
9,10999,Commando,Commando,en,14.3325,1985-10-03,6.727,3264
10,1562,28 Weeks Later,28 Weeks Later,en,20.873,2007-04-26,6.592,5855
11,1535425,Christmas on Every Page,Christmas on Every Page,en,2.0702,2025-11-22,6.5,2
12,1233655,Omaha,Omaha,en,4.568,2025-11-22,6.9,33
13,1180173,The Restoration,The Restoration,en,2.1083,2024-03-22,0.0,0
14,3112,The Night of the Hunter,The Night of the Hunter,en,9.3454,1955-07-26,7.86,1902
15,1551201,There's No Freaking Way I'll Be Your Lover! Unless… ~Next Shine~,わたしが恋人になれるわけないじゃん、ムリムリ!（※ムリじゃなかった!?）～ネクストシャイン！～,ja,1.229,2025-11-21,7.7,3
16,1764571,hiss happy,hiss happy,en,1.4079,2025-11-21,5.0,1
17,424139,Halloween,Halloween,en,15.7751,2018-10-18,6.561,5158
18,1653123,Frogman,Frogman,fr,1.5581,2025-11-21,0.0,0
19,1377278,Beings,Seres,es,0.8254,2025-11-20,0.0,0
0,1593419,The Making of Jay Kelly,The Making of Jay Kelly,en,2.6539,2025-12-04,6.429,7
1,1592731,Juste pour Rire Montréal 2025,Juste pour Rire Montréal 2025,fr,2.0874,2025-12-04,4.0,1
2,1567441,Flood,Potopa,sk,3.4753,2025-12-04,8.0,12
3,1306400,Merrily We Roll Along,Merrily We Roll Along,en,4.2758,2025-12-04,6.896,24
4,1477642,Our House,ข้างบ้าน,th,2.9366,2025-12-04,5.75,12
5,1400501,The People Upstairs,윗집 사람들,ko,2.8749,2025-12-03,5.909,11
6,1586368,Corey Feldman vs. the World,Corey Feldman vs. the World,en,2.2546,2025-12-03,6.4,5
7,1255792,The Baronesses,Les Baronnes,fr,1.7552,2025-12-03,5.8,5
8,1160984,The Informant,정보원,ko,2.669,2025-12-03,5.444,9
9,9358,Final Destination 2,Final Destination 2,en,21.4499,2003-01-31,6.315,5028
10,877817,Wolfs,Wolfs,en,14.4721,2024-09-20,6.545,1569
11,63574,Joyful Noise,Joyful Noise,en,4.9245,2012-01-13,6.4,170
12,10383,Lost Souls,Lost Souls,en,4.6279,2000-10-13,5.084,208
13,1441563,My Secret Santa,My Secret Santa,en,4.9179,2025-12-02,6.2,196
14,1487,Hellboy,Hellboy,en,11.296,2004-04-02,6.677,7614
15,530915,1917,1917,en,20.4948,2019-12-25,7.984,13900
16,1541407,Christmas in Amish Country,Christmas in Amish Country,en,1.4713,2025-11-30,7.0,1
17,840326,Sisu,Sisu,fi,19.3981,2022-09-09,7.388,2974
18,1179684,Amsterdamned II,Amsterdamned II,nl,4.1674,2025-11-30,5.375,36
19,1071215,Thanksgiving,Thanksgiving,en,12.9189,2023-11-16,6.464,1652
0,515001,Jojo Rabbit,Jojo Rabbit,en,20.3585,2019-10-18,7.973,10692
1,119450,Dawn of the Planet of the Apes,Dawn of the Planet of the Apes,en,25.4019,2014-07-08,7.343,12502
2,1129573,Family At Large,三滴血,zh,1.9179,2025-11-15,5.286,7
3,765,Evil Dead II,Evil Dead II,en,11.2442,1987-03-13,7.532,3655
4,1531169,The Boys and the Bees,The Boys and the Bees,en,1.734,2025-11-16,0.0,0
5,1239288,Atropia,Atropia,en,2.7223,2025-11-15,5.7,18
6,1537084,Three Wisest Men,Three Wisest Men,en,2.2,2025-11-15,7.308,13
7,1422004,Bunny,Bunny,en,2.3763,2025-11-14,7.2,15
8,1246729,Run,Run,en,2.4811,2025-11-14,3.4,5
9,59967,Looper,Looper,en,18.3159,2012-09-26,6.917,11195
10,1592768,One Gram of Life,Един грам живот,bg,9.2677,2025-11-14,0.0,0
11,1544488,Providence,Providencia,es,2.3224,2025-11-14,0.0,0
12,1504471,Interrail,Interrail,nl,2.5795,2025-11-14,0.0,0
13,628847,Trap House,Trap House,en,11.4192,2025-11-14,6.641,319
14,140300,Kung Fu Panda 3,Kung Fu Panda 3,en,20.8654,2016-01-23,6.94,6773
15,1580775,Gatha Vaibhava,ಗತವೈಭವ,kn,1.9892,2025-11-14,4.5,2
16,10802,Showgirls,Showgirls,en,11.1918,1995-09-22,5.563,1438
17,1426083,Escobank,אסקובנק,he,2.7607,2025-11-14,5.55,10
18,2270,Stardust,Stardust,en,13.3049,2007-08-10,7.294,4578
19,584,2 Fast 2 Furious,2 Fast 2 Furious,en,3.6417,2003-06-05,6.52,8374
0,1465711,Depeche Mode: M,Depeche Mode: M,en,1.4959,2025-10-28,8.2,42
1,1272,Sunshine,Sunshine,en,12.876,2007-04-05,6.973,4427
2,3176,Battle Royale,バトル・ロワイアル,ja,9.2432,2000-12-16,7.3,3945
3,2082,Halloween,Halloween,en,9.6144,2007-08-31,6.24,2631
4,872,Singin' in the Rain,Singin' in the Rain,en,13.9561,1952-04-10,8.126,3617
5,757629,Inch & a Half,شبر ونص,ar,0.4492,2004-02-01,0.0,0
6,727124,Annie Moved Away,Annie Moved Away,en,0.6957,1934-05-28,7.0,1
7,543830,Church Sister,교회누나,ko,3.3304,2018-06-21,8.1,4
8,529862,Brittany Runs a Marathon,Brittany Runs a Marathon,en,3.0647,2019-08-23,6.637,519
9,519182,Despicable Me 4,Despicable Me 4,en,31.6677,2024-06-20,6.969,3366
10,301365,The Neon Demon,The Neon Demon,en,11.2516,2016-06-08,6.491,4018
11,260514,Cars 3,Cars 3,en,32.7664,2017-06-15,6.867,6579
12,47634,The Bullet Train,新幹線大爆破,ja,2.5204,1975-07-05,6.9,72
13,47312,The Good Die Young,The Good Die Young,en,2.2,1954-03-02,6.3,38
14,9358,Final Destination 2,Final Destination 2,en,21.4499,2003-01-31,6.315,5028
15,1759217,It: Welcome to Derry,It: Welcome to Derry,en,1.7232,2025-10-26,0.0,0
16,1570822,Little Fishies,Little Fishies,en,1.9352,2025-10-26,0.0,0
17,881480,Itacoatiaras,Itacoatiaras,pt,1.4538,2025-10-26,0.0,0
18,530915,1917,1917,en,20.4948,2019-12-25,7.984,13899
19,1540452,Film Copacabana,Filme-Copacabana,pt,2.3436,2025-10-25,0.0,0
0,1547913,A Keller Christmas Vacation,A Keller Christmas Vacation,en,2.4376,2025-11-09,5.9,11
1,1604149,Sweetheart Service: The Movie,스윗하트서비스: 더 무비,ko,0.9495,2025-11-09,0.0,0
2,22881,The Blind Side,The Blind Side,en,22.9237,2009-11-20,7.663,6993
3,9671,Crocodile Dundee,Crocodile Dundee,en,8.8859,1986-09-26,6.446,2206
4,1322692,Saipan,Saipan,en,3.4294,2025-11-08,6.1,22
5,1574432,2025 Rock & Roll Hall of Fame Induction Ceremony,2025 Rock & Roll Hall of Fame Induction Ceremony,en,3.0569,2025-11-08,4.75,4
6,1584376,Through Her,가족의 가족,ko,0.4353,2025-11-08,0.0,0
7,1565928,Guía turistica para el mal tiempo,Guía turistica para el mal tiempo,es,1.4099,2025-11-07,0.0,0
8,663712,Terrifier 2,Terrifier 2,en,15.7761,2022-10-06,6.654,2583
9,1583215,Flirting Paradise,플러팅 파라다이스,ko,0.4776,2025-11-08,0.0,0
10,1425905,Seek,四十九 - SEEK,ja,2.8929,2025-11-08,0.0,0
11,524047,Greenland,Greenland,en,21.2251,2020-07-29,7.12,5537
12,1117857,In Your Dreams,In Your Dreams,en,11.3496,2025-11-07,6.902,260
13,1569000,Jaari 2: Song of Chyabrung,जारी २: Song of Chyabrung,ne,1.942,2025-11-07,0.0,0
14,54138,Star Trek Into Darkness,Star Trek Into Darkness,en,20.1351,2013-05-05,7.32,9870
15,1322787,We'll Find Happiness,On sera heureux,fr,2.4086,2025-11-07,6.7,6
16,1425101,I'm Not An Actor,मैं ऐक्टर नहीं हूँ,hi,3.568,2025-11-07,0.0,0
17,13597,Labyrinth,Labyrinth,en,15.0199,1986-06-27,7.29,2852
18,1576826,Claudia de Breij: Wat als,Claudia de Breij: Wat als,nl,1.2797,2025-11-07,7.0,1
19,1523010,Bölöni – The Transylvanian Legend,Bölöni – Az erdélyi legenda,hu,0.7805,2025-11-06,8.5,2
0,2789,The Chronicles of Riddick,The Chronicles of Riddick,en,6.7793,2004-06-11,6.56,4640
1,1700939,Aina Alegre: FUGACES @ Lyon Biennale de la Danse 2025,Aina Alegre: FUGACES Lyon Biennale de la Danse 2025,fr,0.8952,2025-10-20,0.0,0
2,1575721,Nicolas Cage: Hollywood's Mad Genius,Nicolas Cage : le savant fou d'Hollywood,fr,1.5605,2025-10-18,4.5,2
3,1538155,A Christmas Angel Match,A Christmas Angel Match,en,1.6167,2025-10-19,6.5,11
4,373571,Godzilla: King of the Monsters,Godzilla: King of the Monsters,en,25.5983,2019-05-29,6.685,6903
5,293670,The Wailing,곡성,ko,13.4326,2016-05-12,7.386,2158
6,149870,The Wind Rises,風立ちぬ,ja,10.0695,2013-07-20,7.785,3483
7,136400,2 Guns,2 Guns,en,12.1192,2013-08-02,6.538,4616
8,13885,Sweeney Todd: The Demon Barber of Fleet Street,Sweeney Todd: The Demon Barber of Fleet Street,en,12.3327,2007-12-21,7.176,6485
9,11770,Shaolin Soccer,少林足球,cn,20.9038,2001-07-05,7.217,2656
10,638,Lost Highway,Lost Highway,en,11.851,1997-01-15,7.55,3052
11,1564738,LE SOLDAT,LE SOLDAT,fr,2.3137,2025-10-18,0.0,0
12,1624890,Plano Z,Plano Z,pt,0.743,2025-10-18,0.0,0
13,1627487,Plano Z,Plano Z,pt,0.8625,2025-10-18,0.0,0
14,1565088,Two Old Women,Shaaghan Neekwaii,en,1.1048,2025-10-18,0.0,0
15,1554924,Flock,Flock,en,1.5536,2025-10-17,0.0,0
16,1551003,R.L. Stine's Pumpkinhead,R.L. Stine's Pumpkinhead,en,2.3139,2025-10-17,6.556,36
17,1535440,A Christmas Prayer,A Christmas Prayer,en,1.721,2025-10-18,6.9,7
18,2503,The Bourne Ultimatum,The Bourne Ultimatum,en,17.435,2007-08-03,7.444,8598
19,1295479,Larp,"LARP. Miłość, trolle i inne questy",pl,1.6005,2025-10-17,5.2,4
0,765,Evil Dead II,Evil Dead II,en,11.2442,1987-03-13,7.532,3655
1,1531169,The Boys and the Bees,The Boys and the Bees,en,1.734,2025-11-16,0.0,0
2,1239288,Atropia,Atropia,en,2.7223,2025-11-15,5.7,18
3,1537084,Three Wisest Men,Three Wisest Men,en,2.2,2025-11-15,7.308,13
4,1422004,Bunny,Bunny,en,2.3763,2025-11-14,7.2,15
5,1246729,Run,Run,en,2.4811,2025-11-14,3.4,5
6,1592768,One Gram of Life,Един грам живот,bg,9.2677,2025-11-14,0.0,0
7,1544488,Providence,Providencia,es,2.3224,2025-11-14,0.0,0
8,1504471,Interrail,Interrail,nl,2.5795,2025-11-14,0.0,0
9,628847,Trap House,Trap House,en,11.4192,2025-11-14,6.641,319
10,140300,Kung Fu Panda 3,Kung Fu Panda 3,en,20.8654,2016-01-23,6.94,6773
11,1580775,Gatha Vaibhava,ಗತವೈಭವ,kn,1.9892,2025-11-14,4.5,2
12,10802,Showgirls,Showgirls,en,11.1918,1995-09-22,5.563,1438
13,1426083,Escobank,אסקובנק,he,2.7607,2025-11-14,5.55,10
14,2270,Stardust,Stardust,en,13.3049,2007-08-10,7.294,4578
15,584,2 Fast 2 Furious,2 Fast 2 Furious,en,3.6417,2003-06-05,6.52,8374
16,1575535,Torment,Tormento,es,2.5853,2025-11-13,6.717,60
17,1587075,Panoramic View: Portrait of the Artist Francine Tint,Panoramic View: Portrait of the Artist Francine Tint,en,1.2843,2025-11-13,0.0,0
18,1619048,No paremos de bailar,No paremos de bailar,es,0.7848,2025-11-13,5.0,1
19,1039690,Desperation Road,Desperation Road,en,5.0032,2023-10-19,6.61,173
0,1418217,The Final Piece,盤上の向日葵,ja,2.2995,2025-10-31,7.714,7
1,1572107,Brat,ಬ್ರಾಟ್,kn,1.8149,2025-10-31,3.5,2
2,1399462,Calle Malaga,Calle Málaga,es,2.9526,2025-10-31,7.5,68
3,1531600,Mobile Suit Gundam: Iron-Blooded Orphans 10th Anniversary Short Film - Wedge of Interposition,『機動戦士ガンダム 鉄血のオルフェンズ』10周年記念新作短編「幕間の楔」,ja,0.9794,2025-10-31,6.5,1
4,664413,365 Days,365 dni,pl,10.3208,2020-02-07,6.988,9590
5,938,For a Few Dollars More,Per qualche dollaro in più,it,14.6685,1965-12-18,8.029,4606
6,320288,Dark Phoenix,Dark Phoenix,en,27.4667,2019-06-05,5.959,7303
7,1357759,Girl,女孩,zh,2.9025,2025-10-31,7.1,12
8,1249421,Her Turn,即兴谋杀,zh,1.5806,2025-10-31,5.286,7
9,1591697,Vorace,Vorace,xx,1.6954,2025-10-31,9.0,1
10,1290937,Pumuckl and the Big Misunderstanding,Pumuckl und das große Missverständnis,de,3.0375,2025-10-30,7.611,18
11,1571594,The Photographer,La fotógrafa,es,5.5223,2025-10-30,7.0,7
12,1464374,The Tigers,Los Tigres,es,4.4857,2025-10-31,6.214,103
13,1381405,Mass Jathara,మాస్ జాతర,te,2.7447,2025-10-31,4.5,8
14,116745,The Secret Life of Walter Mitty,The Secret Life of Walter Mitty,en,22.3308,2013-12-18,7.23,8481
15,12155,Alice in Wonderland,Alice in Wonderland,en,20.0919,2010-03-03,6.643,15052
16,561,Constantine,Constantine,en,18.3835,2005-02-08,7.207,8546
17,1511384,The Ultimate Actor,Si Paling Aktor,id,2.0546,2025-10-30,6.8,3
18,1530654,Brother Forever,Брат навсегда,ru,2.3694,2025-10-30,0.0,0
19,1565002,Room at the Farm,Khooh Waala Ghar,pa,0.8842,2025-10-30,0.0,0
0,1433680,The Dinner,La cena,es,2.3295,2025-10-17,6.859,96
1,1443576,Sundays,Los domingos,es,4.7808,2025-10-17,7.1,153
2,1499536,Romance Reboot,Romance Reboot,tl,2.4382,2025-10-17,8.0,1
3,38985,Sorcerer,Sorcerer,en,5.6985,1977-06-24,7.469,693
4,12162,The Hurt Locker,The Hurt Locker,en,11.811,2008-10-10,7.249,6364
5,9679,Gone in Sixty Seconds,Gone in Sixty Seconds,en,12.5732,2000-06-09,6.474,5030
6,1450730,Blood Barn,Blood Barn,en,1.2909,2025-10-17,3.4,4
7,1257957,Bison Kaalamaadan,பைசன் காளமாடன்,ta,2.3742,2025-10-17,7.35,20
8,1504424,7 steg,7 steg,sv,1.22,2025-10-17,6.0,4
9,1362315,The Hand That Rocks the Cradle,The Hand That Rocks the Cradle,en,11.9509,2025-10-16,5.722,234
10,1352624,The Mastermind,The Mastermind,en,5.3999,2025-10-16,5.746,224
11,1566112,Der Insta-Mord,Der Insta-Mord,de,0.8889,2025-10-16,7.0,2
12,1529439,Run to the West,중간계,ko,1.3667,2025-10-15,5.071,7
13,1180173,The Restoration,The Restoration,en,2.1083,2024-03-22,0.0,0
14,37094,Falling Down,Falling Down,en,13.6061,1993-02-26,7.4,4248
15,1927,Hulk,Hulk,en,15.8615,2003-06-19,5.602,6460
16,1558103,On Gallows Hill,On Gallows Hill,en,1.3053,2025-10-16,0.0,0
17,1556499,ANDONG,안동,ko,0.9826,2025-10-16,0.0,0
18,1323409,Dracula,Dracula,ro,2.4972,2025-10-15,6.238,21
19,1532476,Bagworm,Bagworm,en,1.829,2025-10-15,9.0,2
0,757629,Inch & a Half,شبر ونص,ar,0.4492,2004-02-01,0.0,0
1,727124,Annie Moved Away,Annie Moved Away,en,0.6957,1934-05-28,7.0,1
2,543830,Church Sister,교회누나,ko,3.3304,2018-06-21,8.1,4
3,529862,Brittany Runs a Marathon,Brittany Runs a Marathon,en,3.0647,2019-08-23,6.637,519
4,519182,Despicable Me 4,Despicable Me 4,en,31.6677,2024-06-20,6.968,3367
5,301365,The Neon Demon,The Neon Demon,en,11.2516,2016-06-08,6.491,4020
6,260514,Cars 3,Cars 3,en,32.7664,2017-06-15,6.867,6579
7,47634,The Bullet Train,新幹線大爆破,ja,2.5204,1975-07-05,6.9,72
8,47312,The Good Die Young,The Good Die Young,en,2.2,1954-03-02,6.3,38
9,9358,Final Destination 2,Final Destination 2,en,21.4499,2003-01-31,6.315,5028
10,1759217,It: Welcome to Derry,It: Welcome to Derry,en,1.7232,2025-10-26,0.0,0
11,1570822,Little Fishies,Little Fishies,en,1.9352,2025-10-26,0.0,0
12,645710,The Voyeurs,The Voyeurs,en,19.3217,2021-08-25,6.541,1278
13,881480,Itacoatiaras,Itacoatiaras,pt,1.4538,2025-10-26,0.0,0
14,1255,The Host,괴물,ko,8.289,2006-07-27,6.982,3239
15,1540452,Film Copacabana,Filme-Copacabana,pt,2.3436,2025-10-25,0.0,0
16,1452119,Do Rocks Dream of Flying ?,Do Rocks Dream of Flying ?,es,1.1107,2025-10-25,0.0,0
17,420817,Aladdin,Aladdin,en,20.1231,2019-05-22,7.077,10810
18,1555560,Tuesday's Flu,Tuesday's Flu,en,1.223,2025-10-25,10.0,1
19,1558346,He,He,en,1.412,2025-10-25,0.0,0
0,1386343,We Die Tonight,Vi dör i natt,sv,2.6065,2025-10-24,5.1,8
1,1337268,KING OF PRISM Dramatic PRISM.1,KING OF PRISM Dramatic PRISM.1,ja,0.6903,2025-10-24,0.0,0
2,1061771,Decorado,Decorado,es,3.7073,2025-10-24,6.6,19
3,1318435,Queens of the Dead,Queens of the Dead,en,3.2918,2025-10-24,5.7,38
4,959646,Zombie Land Saga: Yumeginga Paradise,劇場版 ゾンビランドサガ ゆめぎんがパラダイス,ja,3.8866,2025-10-24,7.5,8
5,11636,New Police Story,新警察故事,cn,8.8147,2004-09-23,7.2,851
6,884,Crash,Crash,en,11.5957,1996-07-17,6.488,1430
7,1417539,Alice in Wonderland,Алиса в Стране Чудес,ru,1.9667,2025-10-23,3.813,8
8,1566511,Chaniya Toli,ચણિયા ટોળી,gu,1.2337,2025-10-24,0.0,0
9,1417790,Meets the World,ミーツ・ザ・ワールド,ja,1.332,2025-10-24,7.0,2
10,1545369,Easter Day,Пасхальний день,uk,1.1372,2025-10-23,0.0,0
11,1276521,Charlie the Wonderdog,Charlie the Wonderdog,en,7.6899,2025-10-24,6.3,29
12,1317877,Dream Eater,Dream Eater,en,2.3369,2025-10-24,5.167,36
13,1621616,El casoplón 2,El casoplón 2,es,0.6941,2027-08-18,0.0,0
14,1559049,The Total Dream,Der totale Traum,de,0.8357,2025-10-23,0.0,0
15,438695,Sing 2,Sing 2,en,28.0138,2021-12-01,7.832,4905
16,1566170,Monsters,Stvůry,cs,3.1743,2025-10-23,6.0,9
17,1012415,4 Tigers,เสือ,th,1.8965,2025-10-23,6.4,5
18,57341,And Agnes Chose to Die,L'Agnese va a morire,it,2.1666,1976-09-26,6.6,18
19,1230368,Springsteen: Deliver Me from Nowhere,Springsteen: Deliver Me from Nowhere,en,6.8559,2025-10-22,6.596,353
0,76,Before Sunrise,Before Sunrise,en,16.8858,1995-01-27,7.968,4866
1,1545259,We Are Not Powerless,We Are Not Powerless,en,0.5487,2025-10-22,0.0,0
2,1555944,Pagdaong,Pagdaong,tl,2.3594,2025-10-22,4.5,2
3,1553666,Bruce Springsteen: Nebraska Live,Bruce Springsteen: Nebraska Live,en,1.3454,2025-10-22,7.2,5
4,424783,Bumblebee,Bumblebee,en,16.2701,2018-11-22,6.733,6837
5,24150,Halloween II,Halloween II,en,7.8367,2009-08-28,5.305,1574
6,881,A Few Good Men,A Few Good Men,en,13.1648,1992-12-11,7.561,4322
7,1554855,Starlight Kid 10th Anniversary ~ Kid Family in Crisis!?,スターライト・キッド デビュー10周年記念大会 キッちゃんファミリー危機一髪！？,ja,1.3887,2025-10-20,0.0,0
8,49444,Kung Fu Panda 2,Kung Fu Panda 2,en,25.6506,2011-05-25,7.086,8133
9,37724,Skyfall,Skyfall,en,20.6176,2012-10-24,7.266,16408
10,2789,The Chronicles of Riddick,The Chronicles of Riddick,en,6.7793,2004-06-11,6.56,4641
11,1700939,Aina Alegre: FUGACES @ Lyon Biennale de la Danse 2025,Aina Alegre: FUGACES Lyon Biennale de la Danse 2025,fr,0.8952,2025-10-20,0.0,0
12,1575721,Nicolas Cage: Hollywood's Mad Genius,Nicolas Cage : le savant fou d'Hollywood,fr,1.5605,2025-10-18,4.5,2
13,1538155,A Christmas Angel Match,A Christmas Angel Match,en,1.6167,2025-10-19,6.5,11
14,337404,Cruella,Cruella,en,22.1108,2021-05-26,7.965,10309
15,545611,Everything Everywhere All at Once,Everything Everywhere All at Once,en,31.6058,2022-03-24,7.711,8411
16,373571,Godzilla: King of the Monsters,Godzilla: King of the Monsters,en,25.5983,2019-05-29,6.685,6903
17,293670,The Wailing,곡성,ko,13.4326,2016-05-12,7.386,2158
18,13885,Sweeney Todd: The Demon Barber of Fleet Street,Sweeney Todd: The Demon Barber of Fleet Street,en,12.3327,2007-12-21,7.176,6486
19,11770,Shaolin Soccer,少林足球,cn,20.9038,2001-07-05,7.218,2657
0,10774,Network,Network,en,9.1226,1976-11-27,7.789,2114
1,638,Lost Highway,Lost Highway,en,11.851,1997-01-15,7.55,3053
2,1564738,LE SOLDAT,LE SOLDAT,fr,2.3137,2025-10-18,0.0,0
3,1624890,Plano Z,Plano Z,pt,0.743,2025-10-18,0.0,0
4,1627487,Plano Z,Plano Z,pt,0.8625,2025-10-18,0.0,0
5,1565088,Two Old Women,Shaaghan Neekwaii,en,1.1048,2025-10-18,0.0,0
6,1554924,Flock,Flock,en,1.5536,2025-10-17,0.0,0
7,1551003,R.L. Stine's Pumpkinhead,R.L. Stine's Pumpkinhead,en,2.3139,2025-10-17,6.556,36
8,1535440,A Christmas Prayer,A Christmas Prayer,en,1.721,2025-10-18,6.9,7
9,2503,The Bourne Ultimatum,The Bourne Ultimatum,en,17.435,2007-08-03,7.444,8599
10,1295479,Larp,"LARP. Miłość, trolle i inne questy",pl,1.6005,2025-10-17,5.2,4
11,1430055,River of Grass,River of Grass,en,1.1192,2025-10-17,10.0,1
12,1433680,The Dinner,La cena,es,2.3295,2025-10-17,6.859,96
13,1443576,Sundays,Los domingos,es,4.7808,2025-10-17,7.1,153
14,1499536,Romance Reboot,Romance Reboot,tl,2.4382,2025-10-17,8.0,1
15,38985,Sorcerer,Sorcerer,en,5.6985,1977-06-24,7.469,693
16,12162,The Hurt Locker,The Hurt Locker,en,11.811,2008-10-10,7.249,6364
17,9679,Gone in Sixty Seconds,Gone in Sixty Seconds,en,12.5732,2000-06-09,6.474,5030
18,1450730,Blood Barn,Blood Barn,en,1.2909,2025-10-17,3.4,4
19,1257957,Bison Kaalamaadan,பைசன் காளமாடன்,ta,2.3742,2025-10-17,7.35,20
0,107811,21 & Over,21 & Over,en,5.3313,2013-03-01,5.8,1638
1,12230,One Hundred and One Dalmatians,One Hundred and One Dalmatians,en,20.3583,1961-01-25,7.177,6776
2,8469,Animal House,Animal House,en,9.0748,1978-07-28,6.954,1727
3,431,Cube,Cube,en,8.7057,1998-07-11,6.827,5376
4,330457,Frozen II,Frozen II,en,38.676,2019-11-20,7.225,10474
5,1579204,La noche eterna del Baby'O,La noche eterna del Baby'O,es,1.2048,2025-10-14,8.0,6
6,1565375,Untold Stories of Back to the Future,Untold Stories of Back to the Future,en,1.1674,2025-10-14,7.0,1
7,1592587,Rich Kid,Rich Kid,en,1.933,2025-10-14,0.0,0
8,9693,Children of Men,Children of Men,en,16.9583,2006-09-22,7.615,8117
9,1486021,Jeg tror jeg elsker dig,Jeg tror jeg elsker dig,da,0.9895,2025-10-14,4.0,2
10,338952,Fantastic Beasts: The Crimes of Grindelwald,Fantastic Beasts: The Crimes of Grindelwald,en,15.0487,2018-11-14,6.83,11674
11,180299,The Raid 2,The Raid 2: Berandal,id,13.2726,2014-03-27,7.617,2689
12,17445,Green Lantern: First Flight,Green Lantern: First Flight,en,8.2562,2009-07-28,6.942,519
13,13448,Angels & Demons,Angels & Demons,en,21.1729,2009-04-20,6.7,7497
14,5876,The Mist,The Mist,en,18.0552,2007-11-21,6.954,6087
15,9040,Serpico,Serpico,en,7.2069,1973-12-18,7.529,2268
16,1571248,Venus sucks,ונוס הנותנת,he,1.2773,2025-10-12,0.0,0
17,453405,Gemini Man,Gemini Man,en,15.2145,2019-10-02,6.255,5579
18,1484285,This Is NOT My Cow,這不是我的牛,zh,1.0066,2025-10-11,0.0,0
19,1534155,Hen,Hen,af,2.0991,2025-10-10,6.3,3
0,507089,Five Nights at Freddy's,Five Nights at Freddy's,en,23.8777,2023-10-25,7.276,5189
1,1255674,Crazy Old Lady,Vieja loca,es,2.8819,2025-10-10,5.6,42
2,1757217,PI,PI,es,1.9795,2025-10-10,5.0,1
3,3035,Frankenstein,Frankenstein,en,6.0743,1931-11-21,7.468,1850
4,1359916,5 Centimeters per Second,秒速5センチメートル,ja,3.8493,2025-10-10,7.8,23
5,1551904,Yesterday Island,Yesterday Island,en,0.9789,2025-10-10,6.0,1
6,34480,The Descent: Part 2,The Descent: Part 2,en,9.9967,2009-10-14,5.979,1384
7,13515,Mirrors,Mirrors,en,7.18,2008-08-14,6.31,2123
8,1525033,No! YOU'RE WRONG. or: Spooky Action at a Distance,No! YOU'RE WRONG. or: Spooky Action at a Distance,en,0.9824,2025-10-10,10.0,1
9,1329801,LandLord,LandLord,en,1.0489,2025-10-10,0.0,0
10,1434973,The Truce,La tregua,es,4.4481,2025-10-10,6.5,51
11,1378272,Wed or Wait,Yakin Nikah,id,1.4668,2025-10-09,7.0,5
12,1196791,Soul on Fire,Soul on Fire,en,5.5746,2025-10-10,7.413,40
13,1747735,Lucky Seven,ラッキーセブン 七瀬アリス,ja,0.7491,2025-10-10,0.0,0
14,1527163,Moda Tharindu,මෝඩ තරිඳු,si,4.1771,2025-10-10,8.0,1
15,1640569,Blue from the Bottom,Blue from the Bottom,th,0.4627,2025-10-10,0.0,0
16,1526650,Mudborn,泥娃娃,zh,5.4682,2025-10-09,7.172,61
17,1251506,The Devil's Teardrop,The Devil's Teardrop,en,1.7563,2025-10-09,5.7,3
18,18311,Days of Being Wild,阿飛正傳,cn,6.6995,1990-12-15,7.3,615
19,13567,Sleepaway Camp,Sleepaway Camp,en,6.9059,1983-11-18,6.291,819
0,1551904,Yesterday Island,Yesterday Island,en,0.9789,2025-10-10,6.0,1
1,34480,The Descent: Part 2,The Descent: Part 2,en,9.9967,2009-10-14,5.979,1384
2,16161,Baby Boy,Baby Boy,en,5.21,2001-06-27,7.106,373
3,13515,Mirrors,Mirrors,en,7.18,2008-08-14,6.31,2123
4,1525033,No! YOU'RE WRONG. or: Spooky Action at a Distance,No! YOU'RE WRONG. or: Spooky Action at a Distance,en,0.9824,2025-10-10,10.0,1
5,1329801,LandLord,LandLord,en,1.0489,2025-10-10,0.0,0
6,1434973,The Truce,La tregua,es,4.4481,2025-10-10,6.5,51
7,1378272,Wed or Wait,Yakin Nikah,id,1.4668,2025-10-09,7.0,5
8,1196791,Soul on Fire,Soul on Fire,en,5.5746,2025-10-10,7.413,40
9,1747735,Lucky Seven,ラッキーセブン 七瀬アリス,ja,0.7491,2025-10-10,0.0,0
10,1527163,Moda Tharindu,මෝඩ තරිඳු,si,4.1771,2025-10-10,8.0,1
11,1640569,Blue from the Bottom,Blue from the Bottom,th,0.4627,2025-10-10,0.0,0
12,1526650,Mudborn,泥娃娃,zh,5.4682,2025-10-09,7.172,61
13,1251506,The Devil's Teardrop,The Devil's Teardrop,en,1.7563,2025-10-09,5.7,3
14,18311,Days of Being Wild,阿飛正傳,cn,6.6995,1990-12-15,7.3,615
15,13567,Sleepaway Camp,Sleepaway Camp,en,6.9059,1983-11-18,6.291,819
16,1571268,The Websters: Stories on a Spider's Thread,Websterovci : Príbehy na pavúčom vlákne,sk,1.1867,2025-10-09,5.0,1
17,1550785,"My Father, the BTK Killer","My Father, the BTK Killer",en,4.6947,2025-10-09,6.705,66
18,1535290,Host,แม่ซื้อ,th,3.6425,2025-10-09,6.145,38
19,1254808,Nouvelle Vague,Nouvelle Vague,fr,6.4716,2025-10-08,7.196,271
0,19912,The Final Destination,The Final Destination,en,13.1263,2009-08-26,5.611,4042
1,180,Minority Report,Minority Report,en,20.533,2002-06-20,7.355,9936
2,1746395,"Where Are You, Dear General?","Where Are You, Dear General?",he,0.5322,2025-10-08,0.0,0
3,1559499,Kathy Griffin: My Life on the PTSD-List,Kathy Griffin: My Life on the PTSD-List,en,1.2639,2025-10-08,1.0,1
4,181886,Enemy,Enemy,en,9.2957,2014-03-14,6.838,6606
5,1573378,Knifelife,Nožarije,hr,1.3239,2025-10-07,0.0,0
6,5336,"Salò, or the 120 Days of Sodom",Salò o le 120 giornate di Sodoma,it,7.8175,1976-01-10,6.333,2367
7,26688,Sorority Row,Sorority Row,en,7.7476,2009-09-09,5.6,622
8,1402,The Pursuit of Happyness,The Pursuit of Happyness,en,23.6031,2006-12-14,7.882,10866
9,985,Eraserhead,Eraserhead,en,8.4993,1977-09-28,7.335,2833
10,563,Starship Troopers,Starship Troopers,en,16.7692,1997-11-07,7.118,5707
11,16859,Kiki's Delivery Service,魔女の宅急便,ja,15.6253,1989-07-29,7.84,4734
12,1538,Collateral,Collateral,en,17.6775,2004-08-04,7.248,6491
13,1537161,Akashi,あかし,ja,1.4003,2025-10-05,0.0,0
14,1557876,The Prequel To Competence,The Prequel To Competence,en,0.6197,2025-10-05,0.0,0
15,1651311,Philharmonie de Paris: Antigone,Pascal Dusapin : Antigone,de,1.212,2025-10-06,0.0,0
16,1546801,Siren,塞壬,en,1.0264,2025-10-05,0.0,0
17,47933,Independence Day: Resurgence,Independence Day: Resurgence,en,13.2367,2016-06-22,5.367,6608
18,9486,Johnny English,Johnny English,en,11.3801,2003-03-14,6.3,3925
19,509,Notting Hill,Notting Hill,en,14.3082,1999-05-21,7.263,6890
0,1560756,Heartstopper,Heartstopper,en,1.637,2025-10-04,0.0,0
1,17654,District 9,District 9,en,17.7358,2009-08-05,7.479,10648
2,9312,Mortal Kombat,Mortal Kombat,en,9.4313,1995-08-18,5.915,2662
3,1612139,Eidolon,Eidolon,en,1.38,2025-10-04,0.0,0
4,1440144,The Redemption,La deuda,es,3.0793,2025-10-04,6.357,35
5,1025389,Strange River,Estrany riu,ca,2.8977,2025-10-03,6.2,13
6,1292315,Hidden Murder,Parecido a un asesinato,es,2.1763,2025-10-03,6.1,35
7,912511,Nesting,Peau à peau,fr,1.527,2025-10-03,0.0,0
8,1512711,Conchiglie,Conchiglie,it,1.4343,2025-10-03,0.0,0
9,1283320,Urchin,Urchin,en,5.3148,2025-10-03,6.773,64
10,1687648,Looper,Looper,en,1.5325,2025-10-03,6.5,2
11,1053231,Boss,보스,ko,2.098,2025-10-03,6.0,10
12,9737,Bad Boys,Bad Boys,en,19.4109,1995-04-07,6.832,7141
13,1275151,She Walks in Darkness,Un fantasma en la batalla,es,4.222,2025-10-03,6.704,120
14,593643,The Menu,The Menu,en,23.1046,2022-11-17,7.182,6650
15,823482,Dream Scenario,Dream Scenario,en,12.2583,2023-11-10,6.65,1447
16,70954,The Hunter,The Hunter,en,4.9513,2011-10-06,6.652,742
17,4147,Road to Perdition,Road to Perdition,en,13.2624,2002-07-12,7.362,4118
18,787,Mr. & Mrs. Smith,Mr. & Mrs. Smith,en,22.7218,2005-06-07,6.695,11504
19,1885,The Karate Kid,The Karate Kid,en,14.8437,1984-06-22,7.23,4871
0,1441207,Hungry Bird,L'isola di Andrea,it,0.8863,2025-10-02,4.6,4
1,1541289,Cartas para...,Cartas para...,pt,1.7659,2025-10-02,0.0,0
2,11836,The SpongeBob SquarePants Movie,The SpongeBob SquarePants Movie,en,23.0824,2004-11-19,7.11,3306
3,1568348,Snake Creek,Snake Creek,en,2.6236,2025-10-01,4.5,2
4,1192642,From Within,Desde adentro,es,1.2405,2025-10-02,7.286,7
5,478798,Sons of the Neon Night,風林火山,cn,4.6771,2025-10-01,5.4,31
6,1400757,Dancing in the Ring,Rey del ring,es,1.1423,2025-10-02,7.0,2
7,1480424,Karla,Karla,de,2.2927,2025-10-02,7.8,10
8,787747,Shell,Shell,en,4.368,2025-10-01,5.025,79
9,1742447,HIMASIVISI : One For All,HIMASIVISI : One For All,en,1.223,2025-10-01,0.0,0
10,1767147,ECOS,ECOS,es,3.5946,2025-10-01,0.0,0
11,1266124,Three Kingdoms: Starlit Heroes,三国的星空第一部,zh,2.4165,2025-10-01,6.6,8
12,1402481,The Return of the Lame Hero,毕正明的证明,zh,1.8725,2025-10-01,6.9,16
13,14161,2012,2012,en,19.0644,2009-10-10,5.896,13029
14,1543085,Ninguém Pode Provar Nada: A Inacreditável História de Ezequiel Neves,Ninguém Pode Provar Nada: A Inacreditável História de Ezequiel Neves,pt,1.1444,2025-10-01,0.0,0
15,1544162,The Conjuring: First Communion,The Conjuring: First Communion,en,2.6066,2027-09-09,0.0,0
16,1008042,Talk to Me,Talk to Me,en,19.9677,2023-07-26,7.142,3961
17,310,Bruce Almighty,Bruce Almighty,en,21.4391,2003-05-23,6.727,11733
18,1714803,Sex in Drag,Sex in Drag,en,4.4241,2025-09-29,0.0,0
19,894205,Werewolf by Night,Werewolf by Night,en,10.8327,2022-09-25,6.97,1611
0,23963,Pontypool,Pontypool,en,3.9127,2009-03-06,6.457,727
1,508,Love Actually,Love Actually,en,17.6746,2003-09-07,7.098,7560
2,12153,White Chicks,White Chicks,en,30.2697,2004-06-23,6.962,4745
3,1559442,Cosechando un Sueño,Cosechando un Sueño,es,0.5167,2025-09-29,9.0,1
4,1554513,The Pipe,მილი,ka,0.8807,2025-09-29,0.0,0
5,10198,The Princess and the Frog,The Princess and the Frog,en,21.0051,2009-12-08,7.2,6280
6,273248,The Hateful Eight,The Hateful Eight,en,25.6218,2015-12-25,7.756,15613
7,436969,The Suicide Squad,The Suicide Squad,en,33.534,2021-07-28,7.446,9907
8,297762,Wonder Woman,Wonder Woman,en,25.6903,2017-05-30,7.202,21212
9,278927,The Jungle Book,The Jungle Book,en,19.0785,2016-04-07,6.878,8639
10,114150,Pitch Perfect,Pitch Perfect,en,16.1495,2012-09-28,7.265,6994
11,87827,Life of Pi,Life of Pi,en,23.503,2012-11-20,7.414,14015
12,44896,Rango,Rango,en,17.7606,2011-03-02,6.92,7323
13,9919,How to Lose a Guy in 10 Days,How to Lose a Guy in 10 Days,en,14.8792,2003-02-07,6.9,4597
14,2502,The Bourne Supremacy,The Bourne Supremacy,en,11.5816,2004-07-23,7.334,8408
15,1553398,Selfless,Selfless,en,1.4615,2025-09-27,0.0,0
16,1100800,The Balloonist,De Ballonvaarder,nl,2.0471,2025-09-27,6.0,24
17,1544127,In Thanks We Trust,In Thanks We Trust,uk,1.2881,2025-09-27,0.0,0
18,417859,Puss in Boots,Puss in Boots,en,24.029,2011-10-27,6.619,4751
19,9837,The Prince of Egypt,The Prince of Egypt,en,20.3785,1998-12-16,7.324,4433
0,9286,Final Destination 3,Final Destination 3,en,14.3444,2006-02-09,6.159,4735
1,816,Austin Powers: International Man of Mystery,Austin Powers: International Man of Mystery,en,11.0981,1997-05-02,6.602,3928
2,1319965,All of You,All of You,en,8.0352,2025-09-26,6.397,184
3,1235192,Wormtown,Wormtown,en,5.9527,2025-09-27,5.738,21
4,1272586,Battle of Oslo,Blücher,no,4.7356,2025-09-26,6.775,40
5,149870,The Wind Rises,風立ちぬ,ja,10.0695,2013-07-20,7.785,3483
6,1086260,The Astronaut,The Astronaut,en,10.154,2025-09-26,6.137,453
7,257211,The Intern,The Intern,en,21.0005,2015-09-23,7.226,7492
8,1604174,300 Crusaders,300 ჯვაროსანი,ka,0.5788,2025-09-25,5.0,1
9,187017,22 Jump Street,22 Jump Street,en,15.482,2014-06-05,6.826,8723
10,91314,Transformers: Age of Extinction,Transformers: Age of Extinction,en,23.954,2014-06-25,5.974,8946
11,9323,Ghost in the Shell,GHOST IN THE SHELL / 攻殻機動隊,ja,20.5512,1995-11-18,7.929,4051
12,1177445,Cannibal Mukbang,Cannibal Mukbang,en,2.9436,2025-09-25,4.846,13
13,51497,Fast Five,Fast Five,en,2.3753,2011-04-20,7.246,9077
14,1374462,A Woman Called Mother,Dia Bukan Ibu,id,2.2646,2025-09-25,6.188,17
15,1289888,French Lover,French Lover,fr,3.7275,2025-09-25,6.024,255
16,274167,Daddy's Home,Daddy's Home,en,13.116,2015-12-25,6.296,3515
17,1533420,Joan of Arc,Jóhanna af Örk,is,1.4959,2025-09-25,6.2,5
18,1454209,National Theatre Live: Inter Alia,National Theatre Live: Inter Alia,en,2.5371,2025-09-25,8.1,7
19,1512292,Egykutya,Egykutya,hu,1.9597,2025-09-24,4.3,3
0,109451,Cloudy with a Chance of Meatballs 2,Cloudy with a Chance of Meatballs 2,en,15.1751,2013-09-26,6.457,3578
1,57800,Ice Age: Continental Drift,Ice Age: Continental Drift,en,30.3833,2012-06-27,6.395,8272
2,4258,Scary Movie 5,Scary Movie 5,en,15.3147,2013-04-11,4.778,3166
3,1532474,Her Heart Beats in its Cage,监狱来的妈妈,zh,1.235,2025-09-24,0.0,0
4,1274837,Million Dollar Madness,Le Million,fr,3.1354,2025-09-24,5.452,31
5,11621,Porco Rosso,紅の豚,ja,10.6873,1992-07-18,7.794,3816
6,1001043,The Rembrandt Syndrome,Rembrandt,fr,1.4948,2025-09-24,3.875,16
7,1213193,Panopticon,პანოპტიკონი,ka,2.0649,2025-09-24,5.6,8
8,398978,The Irishman,The Irishman,en,17.923,2019-11-01,7.569,7716
9,532710,Firestarter,Firestarter,en,7.5468,2022-05-12,5.438,834
10,264660,Ex Machina,Ex Machina,en,18.95,2015-01-21,7.571,14588
11,525,The Blues Brothers,The Blues Brothers,en,11.4032,1980-06-16,7.717,4675
12,361292,Suspiria,Suspiria,en,9.4467,2018-10-26,6.893,2835
13,49519,The Croods,The Croods,en,25.3138,2013-03-15,6.947,7706
14,46138,Made in Dagenham,Made in Dagenham,en,3.5357,2010-10-01,6.666,346
15,9728,Friday the 13th Part III,Friday the 13th Part III,en,8.1933,1982-08-13,5.878,1655
16,2114,Final Fantasy: The Spirits Within,Final Fantasy: The Spirits Within,en,7.8821,2001-07-02,6.203,1656
17,1535376,By Another Name,다른 이름으로,ko,0.9744,2025-09-22,0.0,0
18,1517130,The Tale of Silyan,Приказната за Силјан,mk,1.5965,2025-09-22,7.1,15
19,1527998,The Croak,Żabi śpiew,pl,2.3713,2025-09-22,0.0,0
0,1053231,Boss,보스,ko,2.098,2025-10-03,6.0,10
1,9737,Bad Boys,Bad Boys,en,19.4109,1995-04-07,6.832,7141
2,1275151,She Walks in Darkness,Un fantasma en la batalla,es,4.222,2025-10-03,6.704,120
3,9480,Daredevil,Daredevil,en,13.7641,2003-02-14,5.305,5602
4,593643,The Menu,The Menu,en,23.1046,2022-11-17,7.182,6650
5,823482,Dream Scenario,Dream Scenario,en,12.2583,2023-11-10,6.65,1447
6,70954,The Hunter,The Hunter,en,4.9513,2011-10-06,6.652,742
7,4147,Road to Perdition,Road to Perdition,en,13.2624,2002-07-12,7.362,4118
8,787,Mr. & Mrs. Smith,Mr. & Mrs. Smith,en,22.7218,2005-06-07,6.695,11504
9,1441207,Hungry Bird,L'isola di Andrea,it,0.8863,2025-10-02,4.6,4
10,1541289,Cartas para...,Cartas para...,pt,1.7659,2025-10-02,0.0,0
11,866398,The Beekeeper,The Beekeeper,en,31.7594,2024-01-08,7.279,4537
12,25237,Come and See,Иди и смотри,ru,10.5373,1985-10-17,8.191,1959
13,11836,The SpongeBob SquarePants Movie,The SpongeBob SquarePants Movie,en,23.0824,2004-11-19,7.11,3306
14,1568348,Snake Creek,Snake Creek,en,2.6236,2025-10-01,4.5,2
15,1192642,From Within,Desde adentro,es,1.2405,2025-10-02,7.286,7
16,478798,Sons of the Neon Night,風林火山,cn,4.6771,2025-10-01,5.4,31
17,1400757,Dancing in the Ring,Rey del ring,es,1.1423,2025-10-02,7.0,2
18,1480424,Karla,Karla,de,2.2927,2025-10-02,7.8,10
19,787747,Shell,Shell,en,4.368,2025-10-01,5.025,79
0,1774614,Das Klavier,Das Klavier,de,0.0,,0.0,0
1,1774581,Kiddo,Fiston,fr,0.0,2025-12-05,7.0,1
2,1774575,İmkansız (Direniş),İmkansız (Direniş),tr,0.0,,0.0,0
3,1774573,Pour,Pour,en,0.0071,,0.0,0
4,1774564,错误版,错误版,zh,0.05,,0.0,0
5,1774467,Del norte viene el hombre,Del norte viene el hombre,es,0.0429,,0.0,0
6,1774438,PARADISE,PARADISE,en,0.0714,2025-07-30,0.0,0
7,1774430,Johnny Avocado,Johnny Avocado,en,0.0643,,0.0,0
8,1774420,ليه إفترقنا ؟,ليه إفترقنا ؟,ar,0.0357,,0.0,0
9,1774418,At the end,Pašā galā,lv,0.0143,,0.0,0
10,1774276,“没有信号”佛山场,“没有信号”佛山场,zh,0.0143,,0.0,0
11,1774266,ממשיכים,ממשיכים,he,0.0786,,9.0,1
12,1774089,Spirit of the Shamans,Spirit of the Shamans,de,0.0786,,0.0,0
13,1774075,If I Never See You Again,Si No Te Vuelvo a Ver,es,0.0714,,0.0,0
14,1774036,Cavix: Dead S!GNAL (Remastered),Cavix: Dead S!GNAL (Remastered),en,0.0714,,0.0,0
15,1773973,Cash Cows,Cash Cows,en,0.1793,,0.0,0
16,1773645,Girl,Girl,en,0.185,,0.0,0
17,1773499,The 77th Primetime Emmy Awards,The 77th Primetime Emmy Awards,en,0.3196,2025-09-14,0.0,0
18,1773488,"Esta noche no, hoy es un día especial","Esta noche no, hoy es un día especial",es,0.1111,,0.0,0
19,1773476,Nagy vihar New-Yorkban 2026,Nagy vihar New-Yorkban 2026,hu,0.1557,,0.0,0
0,1773449,The Circle,The Circle,en,0.1564,,0.0,0
1,1773218,The Woods Beckon,The Woods Beckon,en,0.1343,,0.0,0
2,1773003,Berlin 1024*576,Berlin 1024*576,de,0.2066,,0.0,0
3,1772973,Matéria Escura,Matéria Escura,pt,0.2617,,0.0,0
4,1772925,The Joyful 1926,الزاهية 1926,ar,0.2255,,0.0,0
5,1772899,Ghost Ship,Vaisseau fantôme,fr,0.2025,,0.0,0
6,1772875,איך להיות מאושר בשישה שיעורים,איך להיות מאושר בשישה שיעורים,he,0.186,,0.0,0
7,1772778,Revinda,Revinda,pt,0.1852,,0.0,0
8,1772705,I didn't mean to,Ha Sido Sin Querer,es,0.3308,,0.0,0
9,1772640,Escape,Втеча,uk,0.1539,,0.0,0
10,1772176,Azaad Singh,Azaad Singh,en,0.2078,,0.0,0
11,1771507,THE YOUNG SCUBA DIVER,МАЛКИЯТ ВОДОЛАЗ,bg,0.3322,,0.0,0
12,1771470,Maharaja Hollywood Remake,Maharaja Hollywood Remake,en,1.7592,,0.0,0
13,1771378,Strays,Strays,en,0.2915,,0.0,0
14,1770835,Catch Me If You Can,اگه می‌تونی منو بگیر,fa,0.4435,,0.0,0
15,1770587,I Don't Like Your New Friend,I Don't Like Your New Friend,en,0.4377,,8.0,1
16,1770578,Summer of Roses,Summer of Roses,en,1.1918,,0.0,0
17,1770521,"LIGNE ROUGE: Céline Dion, ses retrouvailles avec la France","LIGNE ROUGE: Céline Dion, ses retrouvailles avec la France",fr,0.4119,,0.0,0
18,1770445,曽根崎心中,曽根崎心中,ja,0.3861,2026-04-10,0.0,0
19,1770210,Jangan Paksa Rindu the Movie,Jangan Paksa Rindu the Movie,en,0.5766,,0.0,0
0,1769993,All Our Nights,All Our Nights,hu,0.7355,,0.0,0
1,1769213,Water My Steps Orchid Color,Water My Steps Orchid Color,es,0.7902,2025-09-11,0.0,0
2,1769128,Blue Bicycle,Blue Bicycle,fa,0.475,2025-09-11,0.0,0
3,1769108,Pusong Bato,Pusong Bato,en,3.6657,,0.0,0
4,1768438,Dead Eyes Behind the Painted Smile,Dead Eyes Behind the Painted Smile,en,1.3899,,0.0,0
5,1768051,The Turkey,The Turkey,en,4.2371,,0.0,0
6,1767657,Nandy Movies Malayalam movie,Nandy Movies Malayalam movie,ml,0.8365,,0.0,0
7,1767542,Mögöttem,Mögöttem,hu,0.4477,,0.0,0
8,1766573,SNACK ATTACK,SNACK ATTACK,en,4.6962,,0.0,0
9,1766431,Berlioz: Symphonie fantastique / Mahler: Symphony No. 1 'Titan' - Saito Kinen Orchestra / Seiji Ozawa,Berlioz: Symphonie fantastique / Mahler: Symphony No. 1 'Titan' - Saito Kinen Orchestra / Seiji Ozawa,en,0.436,,0.0,0
10,1766404,Rahasia Perempuan Gila,Rahasia Perempuan Gila,id,1.7217,,0.0,0
11,1766174,Chinese Whispers,Chinese Whispers,en,2.3067,,5.8,4
12,1765945,The End Is #Trending,The End Is #Trending,en,1.8128,,0.0,0
13,1765870,Water My Steps Orchid Color,Riega Mis Pasos Color Orquidea,es,1.2229,2025-07-29,0.0,0
14,1765411,Dog Days,Pasji dani,hr,2.8444,,0.0,0
15,1765014,Home and Away,Home and Away,th,0.4375,,0.0,0
16,1764630,The Spring,The Spring,en,0.8023,,0.0,0
17,1764395,SSNI-799,SSNI-799,zh,0.5908,,0.0,0
0,1764302,Die Welt ist eine Kugel,Die Welt ist eine Kugel,de,0.4041,,0.0,0
1,1763889,In the Shadow of the Cosmos Flowers,コスモスの影にはいつも誰かが隠れている,ja,1.4645,2025-01-08,0.0,0
2,1763557,Kruzno,Kruzno,sr,1.8768,,0.0,0
3,1763325,Vallespir 75 (Or how I learned to say goodbye with resignation),Vallespir 75 (Or how I learned to say goodbye with resignation),en,0.92,,0.0,0
4,1763049,Under Fire,Under Fire,en,4.151,,0.0,0
5,1762469,The Waffle House Index,The Waffle House Index,en,1.4992,,0.0,0
6,1761065,Friday Night Lies,Friday Night Lies,en,1.5291,,0.0,0
7,1760993,Battle of Supply,Battle of Supply,en,0.7724,,0.0,0
8,1760479,Lucifer's Law,Lucifer's Law,en,0.4348,,0.0,0
9,1760253,IC,IC,en,2.5056,,0.0,0
10,1760121,Daisy Chain Fields documentary,Daisy Chain Fields documentary,en,1.5252,,0.0,0
11,1760077,Spider and Rope,蜘蛛と縄,ja,1.2567,2025-06-20,0.0,0
12,1759743,七龙珠,七龙珠,zh,0.9644,,0.0,0
13,1759695,24 Hours in Police Custody: The Ambush,24 Hours in Police Custody: The Ambush,en,0.6748,,0.0,0
14,1759596,Warnings,Warnings,en,0.4374,,5.0,1
15,1759233,Faux Papa,Faux Papa,de,4.7144,,0.0,0
16,1757782,Love Loaded,Love Loaded,en,2.0488,,0.0,0
17,1756787,Search Party: Where's PawPaw?,Search Party: Where's PawPaw?,en,1.8016,,0.0,0
18,1756273,The New Gold Standard,The New Gold Standard,en,0.6087,,0.0,0
0,1384102,The Mutation,사랑의 탄생,ko,0.9972,2025-09-20,7.0,1
1,1535973,The Cheat,포섭,ko,0.712,2025-09-20,0.0,0
2,1576988,Gauze,Gauze,ar,3.783,2025-09-21,8.8,5
3,1252051,Disforia,Disforia,es,3.9074,2025-09-20,4.75,12
4,1517178,Spanked by a Ghost,Spanked by a Ghost,en,1.1979,2025-09-20,0.0,0
5,1774796,Pieters Sverige - kärlek till fotografi och ett land,Pieters Sverige - kärlek till fotografi och ett land,sv,0.0,2026-09-20,0.0,0
6,1774773,My father couldn't save the kite,My father couldn't save the kite,ar,0.0,,0.0,0
7,1774733,Let it Snow,Let it Snow,en,0.0,,0.0,0
8,1774727,Lo vent,Lo vent,ca,0.0,,0.0,0
9,1774723,Manithee: the fire bird,Manithee: the fire bird,ta,0.0,2026-10-11,0.0,0
10,1774698,Psycho Psalms,Psycho Psalms,en,0.0,2026-09-22,0.0,0
11,1774614,Das Klavier,Das Klavier,de,0.0,,0.0,0
12,1774581,Kiddo,Fiston,fr,0.0,2025-12-05,7.0,1
13,1774575,İmkansız (Direniş),İmkansız (Direniş),tr,0.0,,0.0,0
14,1774573,Pour,Pour,en,0.0071,,0.0,0
15,1774564,错误版,错误版,zh,0.05,,0.0,0
16,1774467,Del norte viene el hombre,Del norte viene el hombre,es,0.0429,,0.0,0
17,1774438,PARADISE,PARADISE,en,0.0714,2025-07-30,0.0,0
18,1774430,Johnny Avocado,Johnny Avocado,en,0.0643,,0.0,0
19,1774420,ليه إفترقنا ؟,ليه إفترقنا ؟,ar,0.0357,,0.0,0
0,1747666,Insha Allah: An inception at closure,Insha Allah: An inception at closure,ta,0.8617,,0.0,0
1,1747451,The Hidden Order,The Hidden Order,en,0.4485,,0.0,0
2,1747059,ماجراجویی در جزیره جیمز باند,ماجراجویی در جزیره جیمز باند,en,0.6687,,0.0,0
3,1746841,Ad Vitam Eternam,Ad Vitam Eternam,fr,1.0455,,0.0,0
4,1746834,Die grüne Straße der Magdalenen - Zwischen Feuer und Wasser,Magdalen Islands – Life on Canada’s Atlantic Edge – Between Fire and Water,de,1.5895,,0.0,0
5,1746830,Die grüne Straße der Magdalenen - Zwischen Wind und Düne,Magdalen Islands – Life on Canada’s Atlantic Edge - Between the Wind and the Dunes,de,1.7518,,0.0,0
6,1746765,The Martian Funeral,The Martian Funeral,en,0.8287,,0.0,0
7,1746285,Bla bla cry cry,Ploramiques,ca,2.1644,,0.0,0
8,1745825,Ni Dieu Ni Maître : Une Histoire De L'Anarchisme,Ni Dieu Ni Maître : Une Histoire De L'Anarchisme,fr,0.7509,,0.0,0
9,1743975,Meta Runner Season 1 (Full Movie Cut),Meta Runner Season 1 (Full Movie Cut),en,0.4419,,0.0,0
10,1743042,Toy Story 7,Toy Story 7,en,0.6197,,0.0,0
11,1742591,'n Poppy op die Heuwel,'n Poppy op die Heuwel,af,1.0102,,0.0,0
12,1741874,X-Men the dark Phoenix Saga,X-Men the dark Phoenix Saga,en,0.4994,,0.0,0
13,1740665,FAMILY STRINGS,FAMILY STRINGS,en,3.4109,,0.0,0
14,1740609,APARIÇÃO,APARIÇÃO,en,2.1366,,0.0,0
15,1740066,LOVERITUAL,LOVERITUAL,en,1.7355,,0.0,0
16,1739495,Restaurant,Ресторант,bg,0.4,,0.0,0
17,1739099,Visitor: Initiation,Visitor: Initiation,en,2.5876,,0.0,0
18,1738119,The Java Story | The Official Documentary,The Java Story | The Official Documentary,en,0.4957,,0.0,0
19,1737383,恋爱三十天,恋爱三十天,zh,0.9324,,0.0,0
0,1737233,Untitled Shang-Chi and the Legend of the Ten Rings Sequel,Untitled Shang-Chi and the Legend of the Ten Rings Sequel,en,1.6526,,0.0,0
1,1736157,Robert Plant - Live at Pinkpop 2014,Robert Plant - Live at Pinkpop 2014,en,0.8118,,0.0,0
2,1736095,Days of Thunder 2,Days of Thunder 2,en,2.5632,2028-06-01,0.0,0
3,1735935,Ghostwatch,Ghostwatch,en,0.9343,,0.0,0
4,1735775,Influence,Influence,en,0.8618,,0.0,0
5,1735168,The Professor,The Professor,en,1.1926,,0.0,0
6,1734304,Beyond The Poseidon Adventure,Beyond The Poseidon Adventure,en,0.5896,2025-02-08,0.0,0
7,1734057,Ane wa Yanmama Junyuu-chuu,Ane wa Yanmama Junyuu-chuu,en,0.5597,,10.0,1
8,1732835,The Belie,The Belie,en,2.0302,,0.0,0
9,1731766,Alvin and the Chipmunks,Alvin and the Chipmunks,en,0.8119,,0.0,0
10,1731660,Everest and the Big Chill,Everest and the Big Chill,en,0.7646,,0.0,0
11,1731080,Untitled A Nightmare on Elm Street Film,Untitled A Nightmare on Elm Street Film,en,1.3016,,0.0,0
12,1730144,A Korean Lesbian Anthology: Why Did You Kiss Me?,A Korean Lesbian Anthology: Why Did You Kiss Me?,ko,1.4558,2024-12-27,0.0,0
13,1729746,Tenet: Uninverted,Tenet: Uninverted,en,0.565,,0.0,0
14,1729413,VENOM,VENOM,en,1.9712,,0.0,0
15,1728413,Diet Of Sex,Diet Of Sex,es,0.5475,,7.5,1
16,1727600,The March of the Sunflowers,A Marcha dos Girassóis,pt,0.6336,,0.0,0
17,1726415,The Presence,The Presence,en,3.6264,,0.0,0
18,1726190,VHS Horror Workout,VHS Horror Workout,en,0.8154,,0.0,0
19,1725565,Solo Leveling: Beyond the System,劇場版 俺だけレベルアップな件 -Beyond the System-,ja,0.94,,0.0,0
0,1649264,Invaluable,Invaluable,es,2.0125,2025-07-01,0.0,0
1,1647892,Mohabbat Hogayee Aakhir,Mohabbat Hogayee Aakhir,ur,0.9097,,0.0,0
2,1647333,Trolls 4,Trolls 4,en,2.002,,0.0,0
3,1646978,"Mama, bitte lern Deutsch","Mama, bitte lern Deutsch",de,1.0029,2027-09-30,0.0,0
4,1646437,Untitled National Treasure 3,Untitled National Treasure 3,en,1.3797,,0.0,0
5,1644475,EARLY TREATMENT,ERKEN TEDAVİ,tr,1.1953,2025-03-14,0.0,0
6,1643641,Conceive This!,Middag i provinsen,da,1.2592,,0.0,0
7,1643487,Pandy,Pandy,zh,0.8152,,0.0,0
8,1641827,"Hoshimachi Suisei Live Tour ""Spectra of Nova"" - Fukuoka Sunpalace","星街すいせい ""Spectra of Nova"" - 福岡公演",ja,0.9198,2024-12-28,10.0,1
9,1639632,"The Legend of Anuk: The Hero, The Fairy, and The Evil Dragon","The Legend of Anuk: The Hero, The Fairy, and The Evil Dragon",ko,1.1086,,0.0,0
10,1639538,Haseena Maan Jaayegi 2,हसीना मान जाएगी २,hi,0.7367,,0.0,0
11,1637817,More Than Friends,Mais que Irmãos,es,0.8324,,0.0,0
12,1637004,The Blackman,The Blackman,en,0.5681,,0.0,0
13,1636870,Die Akte Elisabeth Käsemann,Die Akte Elisabeth Käsemann,de,0.8939,,0.0,0
14,1634345,Oppenheimer,Oppenheimer,pt,0.7948,2024-11-04,0.0,0
15,1633636,Tojásember,Tojásember,hu,0.453,,0.0,0
16,1633554,Luis Enrique presenta: No tenéis ni **** idea,Luis Enrique presenta: No tenéis ni **** idea,es,0.905,2024-09-30,0.0,0
17,1633472,Fly Little Bird,Fly Little Bird,en,1.0554,,0.0,0
18,1633351,Belcea Quartet - Beethoven : The Complete String Quartets Nos. 1-16,Belcea Quartet - Beethoven : The Complete String Quartets Nos. 1-16,en,0.5179,,0.0,0
19,1632915,The Mist,The Mist,en,2.3219,,0.0,0
0,1715115,Soona,සෝණා,si,1.0167,2025-09-05,0.0,0
1,1713327,Paprika,Paprika,it,1.3123,,0.0,0
2,1713191,بابو لو سكراب,بابو لو سكراب,ar,0.7442,,0.0,0
3,1711287,Aliens over Meck-Pomm,Aliens over Meck-Pomm,de,1.2637,2027-11-11,0.0,0
4,1709222,End Of the Cycle,End of the Cycle,en,0.5004,,7.0,1
5,1708809,Blank Check Demand an Audience With King Ralph!,Blank Check Demand an Audience With King Ralph!,en,0.7447,2025-07-06,0.0,0
6,1707942,Rumah Tanpa Suara,Rumah Tanpa Suara,id,1.139,,0.0,0
7,1707921,Helene Fischer - Zaubermond Live,Helene Fischer - Zaubermond Live,de,0.5455,,0.0,0
8,1707838,Starkid: Apocalyptour,Starkid: Apocalyptour,en,0.4066,,0.0,0
9,1707145,ANTIAGGRESSIVA - A NVCHT DOCUMENTATION,ANTIAGGRESSIVA - EINE NVCHT DOKUMENTATION,de,0.6898,,0.0,0
10,1705829,Separación,Separación,es,1.4705,,0.0,0
11,1705027,Suárez,Suárez,en,2.0313,,0.0,0
12,1704905,The Snow Queen,Снежная королева,ru,1.8056,,0.0,0
13,1704397,La Andonda,La Andonda,es,1.5587,,0.0,0
14,1704345,майор дрон и чумной доктор,майор дрон и чумной доктор,ru,0.4791,,0.0,0
15,1703880,Untitled Tatts Finke Desert Race Feature,Untitled Tatts Finke Desert Race Feature,en,0.6664,,0.0,0
16,1703014,Toy Story in Concert,Toy Story in Concert,en,0.6354,2025-07-16,0.0,0
17,1702542,Le cinéma illustré par Laurent Durieux,Le cinéma illustré par Laurent Durieux,fr,0.4974,,0.0,0
18,1702151,Dhooli,ঢুলী,bn,0.4561,1954-01-01,0.0,0
19,1701275,Samuk,Samuk,hi,2.0243,,0.0,0
0,1701125,Gorilla Tag The Movie,Gorilla Tag The Movie,en,0.4178,,0.0,0
1,1700919,Zrobiliśmy KURCZAKA W CZEKOLADZIE,Zrobiliśmy KURCZAKA W CZEKOLADZIE,pl,0.426,,0.0,0
2,1700660,…Sings Dylan,…Sings Dylan,en,1.4766,,7.0,1
3,1700446,In the Dark,In the Dark,es,0.4562,,0.0,0
4,1700140,Ours,Ours,en,1.7189,,0.0,0
5,1699840,Samavarthi,సమవర్తి,te,1.0555,,0.0,0
6,1698456,Shutterbug,Shutterbug,en,0.5538,,0.0,0
7,1695336,Uncle,엉클,ko,0.8292,,0.0,0
8,1695230,Sobre fenómenos y sombras,Sobre fenómenos y sombras,es,1.5312,,0.0,0
9,1695083,Numérobis,Numérobis,fr,1.7503,2024-10-13,0.0,0
10,1694547,[FC2-PPV 4594806]【個撮109】完全顔出し20歳の超スジパイパン 初撮りで逆さくぱぁ野外露出とイッたらフェラで16回イキ 連続中出し後はお掃除フェラから再挿入で大量逆流 期間限定4000pt→2000pt,[FC2-PPV 4594806]【個撮109】完全顔出し20歳の超スジパイパン 初撮りで逆さくぱぁ野外露出とイッたらフェラで16回イキ 連続中出し後はお掃除フェラから再挿入で大量逆流 期間限定4000pt→2000pt,ja,1.94,2024-12-25,0.0,0
11,1694257,Untitled Super Mario Film,Untitled Super Mario Film,en,1.8604,,0.0,0
12,1693968,GFF,เพื่อนสาว,th,1.0498,,0.0,0
13,1693691,BR POP,BR POP,pt,1.4458,,0.0,0
14,1693199,Welcome back Yukiko,Yukiko torna a casa,it,1.2089,,0.0,0
15,1692323,The Ghost Game 2,강령 2,ko,0.4718,,0.0,0
16,1692041,Zase zpátky,Zase zpátky,cs,0.5546,,0.0,0
17,1689091,Leica – A Century of Vision,Leica – A Century of Vision,en,1.3299,,0.0,0
18,1688328,The Death walks in the Fields,La muerte camina en el litoral,es,1.2706,,0.0,0
19,1687969,Putins Griff nach Afrika - Russlands Einfluss in der Sahelzone,Putins Griff nach Afrika - Russlands Einfluss in der Sahelzone,de,0.4694,,7.5,1
0,1565960,Screamboat 2: Nothing Stays Dead,Screamboat 2: Nothing Stays Dead,en,1.2648,,0.0,0
1,1565619,K-I-S-S-I-N-G,K-I-S-S-I-N-G,en,0.6359,2024-11-05,8.0,2
2,1564857,Alex Honnold: At Home Off the Wall,Alex Honnold: At Home Off the Wall,en,0.6008,,0.0,0
3,1563789,Terzieff par lui-même,Terzieff par lui-même,fr,0.696,,0.0,0
4,1563378,Kites,Kites,zu,1.5512,,0.0,0
5,1563038,La Prisonnière,La Prisonnière,fr,1.3929,,0.0,0
6,1562252,Perfume Z0-Z5 Anniversary “ネビュラロマンス” Episode TOKYO DOME,Perfume Z0-Z5 Anniversary “ネビュラロマンス” Episode TOKYO DOME,ja,0.4805,,0.0,0
7,1561436,Ahab Was Here: Reflections on Moby Dick,Ахав Беше Тук: Размисли за Моби Дик,bg,1.027,2025-07-26,10.0,2
8,1559978,Tangled,Tangled,en,2.3785,2028-03-30,0.0,0
9,1559930,Isintshi,Isintshi,zu,0.4382,,0.0,0
10,1559608,Verdun,Verdun,fr,1.25,2024-12-20,0.0,0
11,1559018,Dirty Coin,Dirty Coin,en,1.6,2024-10-31,0.0,0
12,1558188,La liga de la injusticia,La liga de la injusticia,es,1.2052,,0.0,0
13,1557843,Arnez J: Not Gonna Stop,Arnez J: Not Gonna Stop,en,0.6559,,0.0,0
14,1557823,Boys Trip,Boys Trip,en,0.9681,,0.0,0
15,1557364,Gasmask Girl,Gasmask Girl,en,1.9516,2024-12-31,0.0,0
16,1556539,Heute fängt mein neues Leben an,Heute fängt mein neues Leben an,de,1.0573,2025-08-30,5.5,1
17,1555845,MINO,MINO,en,0.8285,,0.0,0
18,1555116,Penelope 2,Penelope 2,es,3.0036,2025-09-19,2.417,6
0,1734304,Beyond The Poseidon Adventure,Beyond The Poseidon Adventure,en,0.5896,2025-02-08,0.0,0
1,1734057,Ane wa Yanmama Junyuu-chuu,Ane wa Yanmama Junyuu-chuu,en,0.5597,,10.0,1
2,1732835,The Belie,The Belie,en,2.0302,,0.0,0
3,1732595,Burgundy,Бургундско,bg,0.4,,0.0,0
4,1731766,Alvin and the Chipmunks,Alvin and the Chipmunks,en,0.8119,,0.0,0
5,1731660,Everest and the Big Chill,Everest and the Big Chill,en,0.7646,,0.0,0
6,1731080,Untitled A Nightmare on Elm Street Film,Untitled A Nightmare on Elm Street Film,en,1.3016,,0.0,0
7,1730144,A Korean Lesbian Anthology: Why Did You Kiss Me?,A Korean Lesbian Anthology: Why Did You Kiss Me?,ko,1.4558,2024-12-27,0.0,0
8,1729746,Tenet: Uninverted,Tenet: Uninverted,en,0.565,,0.0,0
9,1729413,VENOM,VENOM,en,1.9712,,0.0,0
10,1728413,Diet Of Sex,Diet Of Sex,es,0.5475,,7.5,1
11,1727600,The March of the Sunflowers,A Marcha dos Girassóis,pt,0.6336,,0.0,0
12,1726415,The Presence,The Presence,en,3.6264,,0.0,0
13,1726190,VHS Horror Workout,VHS Horror Workout,en,0.8154,,0.0,0
14,1725565,Solo Leveling: Beyond the System,劇場版 俺だけレベルアップな件 -Beyond the System-,ja,0.94,,0.0,0
15,1725313,Mistero della fede,Mistero della fede,it,0.796,,0.0,0
16,1725102,Arbeit und Struktur,Arbeit und Struktur,de,1.0746,,0.0,0
17,1725092,Evanescent,Evanescent,en,1.8556,,0.0,0
18,1724991,Untitled 'The Mandela Catalogue' Film,Untitled 'The Mandela Catalogue' Film,en,1.555,2028-06-09,0.0,0
19,1724909,L'ultima scommessa,L'ultima scommessa,it,1.2071,2025-08-05,0.0,0
0,1655421,Luce propria,Luce propria,it,0.4659,,0.0,0
1,1654428,Ang Mutya ng Section E,Ang Mutya ng Section E,en,1.9125,2025-01-03,10.0,2
2,1654165,L'enquète funéraire,L'enquète funéraire,fr,0.4757,,0.0,0
3,1654075,Not Safe for Life,Not Safe for Life,en,1.0103,,0.0,0
4,1653868,Wandsey,Wandsey,en,2.0822,,0.0,0
5,1652539,二九暝,二九暝,zh,0.9022,,0.0,0
6,1652396,Mr. Good Bar,Mr. Goodbar,en,1.1802,2025-05-10,0.0,0
7,1651461,Untitled Daniels Event Film,Untitled Daniels Event Film,en,4.2793,2027-11-18,0.0,0
8,1651277,Tickler,Kutkuttaja,fi,0.468,2025-01-01,0.0,0
9,1650883,Gatao 3,角頭3,zh,5.41,,0.0,0
10,1650066,Scream 8,Scream 8,en,2.3586,,0.0,0
11,1649594,Maruxak: Vente con nosotras,Maruxak: Vente con nosotras,es,1.1894,,0.0,0
12,1649264,Invaluable,Invaluable,es,2.0125,2025-07-01,0.0,0
13,1647892,Mohabbat Hogayee Aakhir,Mohabbat Hogayee Aakhir,ur,0.9097,,0.0,0
14,1647333,Trolls 4,Trolls 4,en,2.002,,0.0,0
15,1646978,"Mama, bitte lern Deutsch","Mama, bitte lern Deutsch",de,1.0029,2027-09-30,0.0,0
16,1646437,Untitled National Treasure 3,Untitled National Treasure 3,en,1.3797,,0.0,0
17,1644475,EARLY TREATMENT,ERKEN TEDAVİ,tr,1.1953,2025-03-14,0.0,0
18,1643641,Conceive This!,Middag i provinsen,da,1.2592,,0.0,0
19,1643487,Pandy,Pandy,zh,0.8152,,0.0,0
0,1641827,"Hoshimachi Suisei Live Tour ""Spectra of Nova"" - Fukuoka Sunpalace","星街すいせい ""Spectra of Nova"" - 福岡公演",ja,0.9198,2024-12-28,10.0,1
1,1639632,"The Legend of Anuk: The Hero, The Fairy, and The Evil Dragon","The Legend of Anuk: The Hero, The Fairy, and The Evil Dragon",ko,1.1086,,0.0,0
2,1639538,Haseena Maan Jaayegi 2,हसीना मान जाएगी २,hi,0.7367,,0.0,0
3,1637817,More Than Friends,Mais que Irmãos,es,0.8324,,0.0,0
4,1637004,The Blackman,The Blackman,en,0.5681,,0.0,0
5,1636870,Die Akte Elisabeth Käsemann,Die Akte Elisabeth Käsemann,de,0.8939,,0.0,0
6,1634345,Oppenheimer,Oppenheimer,pt,0.7948,2024-11-04,0.0,0
7,1633636,Tojásember,Tojásember,hu,0.453,,0.0,0
8,1633554,Luis Enrique presenta: No tenéis ni **** idea,Luis Enrique presenta: No tenéis ni **** idea,es,0.905,2024-09-30,0.0,0
9,1633472,Fly Little Bird,Fly Little Bird,en,1.0554,,0.0,0
10,1633351,Belcea Quartet - Beethoven : The Complete String Quartets Nos. 1-16,Belcea Quartet - Beethoven : The Complete String Quartets Nos. 1-16,en,0.5179,,0.0,0
11,1632915,The Mist,The Mist,en,2.3219,,0.0,0
12,1632809,Bodyman,Bodyman,en,1.2842,,0.0,0
13,1632589,Ich male dir meine Welt,Ich male dir meine Welt,en,0.4941,2027-04-29,0.0,0
14,1630484,AM/FM,AM/FM,en,1.4627,,0.0,0
15,1629695,Postcards Without Names,Postcards Without Names,fi,0.7122,,0.0,0
16,1628703,Fish for the Future,Fish for the Future,en,0.7487,2025-08-14,0.0,0
17,1628261,"Shadow, Ten: Vzyat Gordeya","Shadow, Ten: Vzyat Gordeya",ru,0.9924,,0.0,0
18,1626907,The Other Mother,The Other Mother,en,1.0017,2025-05-30,0.0,0
19,1626442,Remember When We Saved the City?,Grad u pokeru rata,hr,0.7816,,0.0,0
0,1626146,footballer moms,footballer moms,zh,0.5164,,0.0,0
1,1626114,footballer moms,footballer moms,zh,0.578,,0.0,0
2,1625896,电影烟火大师的喜剧,电影烟火大师的喜剧,zh,0.8951,,0.0,0
3,1625195,The Sham,The Sham,en,1.9702,,0.0,0
4,1624455,Tyson Fury vs. Arslanbek Makhmudov,Tyson Fury vs. Arslanbek Makhmudov,ar,1.7041,2025-04-11,5.7,5
5,1624057,Cool Cat Topia - Kids' Paradise,Cool Cat Topia - Kids' Paradise,en,0.9425,,0.0,0
6,1622723,The Disciples 2025,The Disciples 2025,fr,0.4587,,0.0,0
7,1621939,The Anti-Exorcist,The Anti-Exorcist,en,1.0245,,0.0,0
8,1620921,Вниз,Вниз,ru,0.6409,,0.0,0
9,1619309,Nambeol,남벌,ko,1.6292,,0.0,0
10,1618454,Imfihlo 3,Imfihlo 3,zu,1.0248,,0.0,0
11,1618448,Intsimbi,Intsimbi,zu,0.5244,,0.0,0
12,1618408,Dijana Maro,Dijana Maro,zu,0.6294,,0.0,0
13,1618238,Biggest Thing in the World,上蓋大,zh,0.8136,,0.0,0
14,1616687,Never Surrender,Serangan Balik,id,1.7097,,0.0,0
15,1616202,Daniel O'Connell: The Emancipator,Daniel O'Connell: The Emancipator,en,0.9046,2026-10-08,0.0,0
16,1615495,Hot Spot,Hot Spot,en,0.6542,,0.0,0
17,1615326,Moral Family,모럴 패밀리,ko,1.1406,,0.0,0
18,1611003,My Underground Mother,My Underground Mother,en,0.6261,2025-08-02,0.0,0
19,1610946,"Two Guys, One Shower","Two Guys, One Shower",en,0.7987,,0.0,0
0,1686598,'68,'68,en,0.8081,,0.0,0
1,1686574,Sophye Soliveau - Rock en Seine 2025,Sophye Soliveau - Rock en Seine 2025,fr,1.0982,2025-09-19,0.0,0
2,1685525,Creed IV,Creed IV,en,1.5286,,0.0,0
3,1685097,Untitled Michael Sequel,Untitled Michael Sequel,en,1.7857,,0.0,0
4,1683925,Wicked Sunny,Wicked Sunny,hi,1.7913,,0.0,0
5,1683826,THE KNOCK OF HAPPYNESS,THE KNOCK OF HAPPYNESS,th,0.4544,,0.0,0
6,1683764,Night For Day: Mosquitoes Don't Sleep,Night For Day: Mosquitoes Don't Sleep,en,0.6971,,0.0,0
7,1682735,Gulf of Aden,아덴만,ko,0.823,,0.0,0
8,1682641,In Transit,In Transit,xx,1.1779,,0.0,0
9,1681658,Stickball: The Little Brother of War,Stickball: The Little Brother of War,en,1.356,,0.0,0
10,1680818,Who's Watching,Who's Watching,en,0.9385,2024-10-02,0.0,0
11,1679732,A puño descubierto,A puño descubierto,es,1.0208,,0.0,0
12,1677643,The beauty of April,The beauty of April,fi,0.4129,,0.0,0
13,1677231,Motshameko O Kotsi,Motshameko O Kotsi,zu,0.5771,,0.0,0
14,1673868,Charlie vs. the Chocolate Factory,Charlie vs. the Chocolate Factory,en,2.0582,2027-11-05,0.0,0
15,1671602,The Vinyl Collection,The Vinyl Collection,en,0.9127,,0.0,0
16,1671305,Accursed,Accursed,en,1.5657,,0.0,0
17,1671186,Emiko Jones,Emiko Jones,en,1.6025,,0.0,0
18,1670074,Untitled Bloodborne Movie,Untitled Bloodborne Movie,en,1.0893,,0.0,0
19,1668684,Lucid Reverie,Lucid Reverie,th,0.4431,,0.0,0
0,1588268,Keep Coming Back,Keep Coming Back,en,1.2332,,0.0,0
1,1588143,Redemption,Redemption,en,0.9939,,0.0,0
2,1585007,MS 101,MS 101,pl,1.0988,,0.0,0
3,1584720,Recep Ivedik 8,Recep İvedik 8,tr,4.1879,,0.0,0
4,1584529,Peanuts,بطاطا شيبس ع فستق,ar,1.1189,,0.0,0
5,1584324,The Families Stone,The Families Stone,en,1.9248,,0.0,0
6,1583674,"Don’t Wait For Me, Ever",Nečakaj ma už nikdy,cs,0.4629,2025-01-01,0.0,0
7,1582834,Milch Cow,Muzara,hr,2.4216,,0.0,0
8,1582339,Haunters of the Silence,Haunters of the Silence,en,0.8005,2025-03-14,6.75,2
9,1582210,Striguni,Štriguni,hr,2.1065,,0.0,0
10,1582090,Piyoli Phukan,পিয়লী ফুকন,as,1.1081,,9.0,1
11,1581970,2025湖南卫视芒果TV元宵喜乐会,2025湖南卫视芒果TV元宵喜乐会,zh,0.4772,2025-02-12,0.0,0
12,1581714,Fish and Cat,Fish and Cat,en,0.4614,,0.0,0
13,1579816,A Garden Variety Mystery,A Garden Variety Mystery,en,1.7096,2025-03-14,5.0,1
14,1579739,Meurtres à Château-Thierry,Meurtres à Château-Thierry,fr,1.7375,2024-12-08,0.0,0
15,1579111,Miami Nights,Miami Nights,en,2.2976,,0.0,0
16,1578702,Veteran 3,베테랑 3,ko,1.1302,,0.0,0
17,1578557,Lola,Lola,fr,1.1328,2025-04-14,10.0,1
18,1578524,Knock On Good,Knock On Good,en,0.7575,,0.0,0
19,1578128,The Bully Meets My Mom,The Bully Meets My Mom,zh,0.529,,0.0,0
0,1577236,The Lost Generation,The Lost Generation,pt,0.5113,,0.0,0
1,1576172,Throw Away Horses,Throw Away Horses,en,0.499,2025-09-14,0.0,0
2,1575899,Cosmic Companions,Cosmic Companions,en,1.6069,,0.0,0
3,1574858,9-11-01 As It Happened,9-11-01 As It Happened,en,0.4871,2025-09-11,0.0,0
4,1574775,Pulling The Strings,کشیدن نخ‌ها,fa,0.3892,,0.0,0
5,1574441,Eason Chan Fear and Dreams Live in Concert 2022-2025,Eason Chan Fear and Dreams Live in Concert 2022-2025,zh,1.713,2025-08-25,0.0,0
6,1572176,Arthur's Empire,Arthur's Empire,en,1.4517,,0.0,0
7,1572106,Expiry Date,Expiry Date,zu,1.2996,,0.0,0
8,1571660,From Below,From Below,en,1.1894,,0.0,0
9,1571383,Hana Yori Dango (Dumplings Over Flowers),Hana Yori Dango (Dumplings Over Flowers),en,0.5756,,0.0,0
10,1571312,Lindelwa,Lindelwa,zu,1.4977,,0.0,0
11,1571298,Bet I Love You,Bet I Love You,zu,1.0802,,0.0,0
12,1571283,Pheletso,Pheletso,zu,1.3903,2025-03-13,0.0,0
13,1570557,The Butcher's Soul,The Butcher's Soul,zu,1.4155,,0.0,0
14,1570003,Zapis Ciszy,Zapis Ciszy,pl,0.5483,2025-03-26,0.0,0
15,1569617,Ella Arcangel: Ballad of Tooth and Claw,Ella Arcangel: Awit ng Pangil at Kuko,en,0.6842,,0.0,0
16,1569363,"Father, Developed","მამა, გამჟღავნებული",ka,0.5453,2024-12-03,0.0,0
17,1567627,Rekindle,Rekindle,ru,1.7368,2025-04-25,0.0,0
18,1567117,Captive Audience,Captive Audience,en,1.4979,,0.0,0
19,1567016,Adulting,Adulting,en,1.577,,0.0,0
0,1566181,Faggot: First Victims,Faggot: First Victims,en,1.3982,2025-02-12,1.5,2
1,1565960,Screamboat 2: Nothing Stays Dead,Screamboat 2: Nothing Stays Dead,en,1.2648,,0.0,0
2,1565619,K-I-S-S-I-N-G,K-I-S-S-I-N-G,en,0.6359,2024-11-05,8.0,2
3,1564857,Alex Honnold: At Home Off the Wall,Alex Honnold: At Home Off the Wall,en,0.6008,,0.0,0
4,1564179,"Gary Owen: No ""S""","Gary Owen: No ""S""",en,1.0371,2025-07-23,0.0,0
5,1563789,Terzieff par lui-même,Terzieff par lui-même,fr,0.696,,0.0,0
6,1563378,Kites,Kites,zu,1.5512,,0.0,0
7,1563038,La Prisonnière,La Prisonnière,fr,1.3929,,0.0,0
8,1562252,Perfume Z0-Z5 Anniversary “ネビュラロマンス” Episode TOKYO DOME,Perfume Z0-Z5 Anniversary “ネビュラロマンス” Episode TOKYO DOME,ja,0.4805,,0.0,0
9,1561829,Another Father,Un autre père,fr,0.6663,2025-09-17,6.0,5
10,1561436,Ahab Was Here: Reflections on Moby Dick,Ахав Беше Тук: Размисли за Моби Дик,bg,1.027,2025-07-26,10.0,2
11,1559978,Tangled,Tangled,en,2.3785,2028-03-30,0.0,0
12,1559930,Isintshi,Isintshi,zu,0.4382,,0.0,0
13,1559608,Verdun,Verdun,fr,1.25,2024-12-20,0.0,0
14,1559018,Dirty Coin,Dirty Coin,en,1.6,2024-10-31,0.0,0
15,1558188,La liga de la injusticia,La liga de la injusticia,es,1.2052,,0.0,0
16,1557843,Arnez J: Not Gonna Stop,Arnez J: Not Gonna Stop,en,0.6559,,0.0,0
17,1557823,Boys Trip,Boys Trip,en,0.9681,,0.0,0
18,1557364,Gasmask Girl,Gasmask Girl,en,1.9516,2024-12-31,0.0,0
0,1626146,footballer moms,footballer moms,zh,0.5164,,0.0,0
1,1626114,footballer moms,footballer moms,zh,0.578,,0.0,0
2,1625896,电影烟火大师的喜剧,电影烟火大师的喜剧,zh,0.8951,,0.0,0
3,1625195,The Sham,The Sham,en,1.9702,,0.0,0
4,1624455,Tyson Fury vs. Arslanbek Makhmudov,Tyson Fury vs. Arslanbek Makhmudov,ar,1.7041,2025-04-11,5.7,5
5,1624057,Cool Cat Topia - Kids' Paradise,Cool Cat Topia - Kids' Paradise,en,0.9425,,0.0,0
6,1622723,The Disciples 2025,The Disciples 2025,fr,0.4587,,0.0,0
7,1620921,Вниз,Вниз,ru,0.6409,,0.0,0
8,1619309,Nambeol,남벌,ko,1.6292,,0.0,0
9,1618454,Imfihlo 3,Imfihlo 3,zu,1.0248,,0.0,0
10,1618448,Intsimbi,Intsimbi,zu,0.5244,,0.0,0
11,1618408,Dijana Maro,Dijana Maro,zu,0.6294,,0.0,0
12,1618238,Biggest Thing in the World,上蓋大,zh,0.8136,,0.0,0
13,1616687,Never Surrender,Serangan Balik,id,1.7097,,0.0,0
14,1616202,Daniel O'Connell: The Emancipator,Daniel O'Connell: The Emancipator,en,0.9046,2026-10-08,0.0,0
15,1615495,Hot Spot,Hot Spot,en,0.6542,,0.0,0
16,1615326,Moral Family,모럴 패밀리,ko,1.1406,,0.0,0
17,1611003,My Underground Mother,My Underground Mother,en,0.6261,2025-08-02,0.0,0
18,1610946,"Two Guys, One Shower","Two Guys, One Shower",en,0.7987,,0.0,0
19,1610511,13 Bourbon St.,13 Bourbon St.,en,0.7751,,0.0,0
0,1545191,The Neighbors,The Neighbors,ja,0.7441,2025-07-26,7.0,1
1,1544782,The Cog Tomb,决战机关城,zh,0.6528,2025-09-11,0.0,0
2,1544590,Maple Leaf Pro Wrestling: Sacred Ground,Maple Leaf Pro Wrestling: Sacred Ground,en,1.0339,2025-09-11,6.0,1
3,1544415,For The Lives of Others,For The Lives of Others,da,1.1501,2025-08-30,9.0,1
4,1543576,Two Point Five Stars,Two Point Five Stars,de,0.564,2024-11-05,5.0,1
5,1542910,Enai Sudum Pani,Enai Sudum Pani,ta,0.8749,2025-03-21,0.0,0
6,1542289,Engineers at Ground Zero,Engineers at Ground Zero,en,1.2958,2024-11-14,0.0,0
7,1541619,นิทานเรื่องนี้ยายสอนให้รู้ว่า,นิทานเรื่องนี้ยายสอนให้รู้ว่า,th,0.4311,,0.0,0
8,1541506,David,David,en,1.6017,,0.0,0
9,1541316,Arjun Chakravarthy: Journey of an Unsung Champion,Arjun Chakravarthy: Journey of an Unsung Champion,te,0.7058,2025-08-29,6.3,3
10,1541183,Solastalgia,Solastalgia,en,0.7911,2025-09-12,0.0,0
11,1540641,Moonrise Over the Sea at Nigitatsu,にぎたつの海に月出づ,ja,0.9403,2025-02-04,0.0,0
12,1539816,CORTIS: What We Want,CORTIS: What We Want,ko,1.9038,2025-09-01,0.0,0
13,1539746,President Down,President Down,en,2.3202,2025-08-29,5.281,16
14,1539708,Curse of Crom 2: Crom's Fury,Curse of Crom 2: Crom's Fury,en,1.3702,2025-09-20,10.0,2
15,1539637,Myth of the Ghost Kingdom,Myth of the Ghost Kingdom,en,0.5071,,0.0,0
16,1539455,Dashavatar,दशावतार,mr,0.9275,2025-09-12,7.3,6
17,1538942,Deadlock,Тупик,uk,0.8414,,0.0,0
18,1538774,Shadows of Willow Cabin,Shadows of Willow Cabin,en,1.7384,2025-09-13,5.2,4
19,1538602,2025 aespa LIVE TOUR - SYNK : aeXIS LINE - in SEOUL,2025 aespa LIVE TOUR - SYNK : aeXIS LINE - in SEOUL,ko,1.0856,2025-08-30,10.0,1
0,1538508,Høsten,Høsten,da,0.5023,2024-09-26,0.0,0
1,1538279,Where Auntie Lives,阿姨家,zh,0.4278,2024-11-09,0.0,0
2,1537165,Sword Sovereign: Heavenbreaker,万道剑尊之逆天而行,zh,1.1702,2025-08-28,3.0,1
3,1537046,A Bird Came Down,A Bird Came Down,en,0.9747,,0.0,0
4,1536266,Obscura,Obscura,en,2.7135,,0.0,0
5,1536066,Backpike,백파이크,ko,0.827,2025-09-19,0.0,0
6,1536056,Poetry Syndrome,이상현상,ko,0.855,2025-09-19,0.0,0
7,1536055,In Our Sunset,해질무렵,ko,0.497,2025-09-19,0.0,0
8,1535966,Raining Dust,이슬이 온다,ko,1.0218,2025-09-19,0.0,0
9,1535947,The Descent Curse of Di Renjie,狄仁杰之降魔咒,zh,1.4408,2025-08-27,5.0,3
10,1535903,Forbidden Zone,금지구역: 세 가지 파편,ko,1.0784,2025-09-09,4.2,3
11,1535657,Kiss Room: Between the Lips,키스방 입과 입사이,ko,3.2052,2025-08-22,3.0,2
12,1535407,Unwelcome,Enpä liene lempivieras,fi,0.4791,2025-08-19,0.0,0
13,1535172,Handmade culture,ხელით ნაკეთი კულტურა,ka,0.6518,2024-12-03,0.0,0
14,1534811,The Roots of To Your Eternity,The Roots of To Your Eternity,en,2.8775,2025-08-28,10.0,1
15,1534801,FEAR and DREAMS: NOW is the only reality,FEAR and DREAMS: NOW is the only reality,cn,0.949,2025-08-23,0.0,0
16,1534727,Sex with an old woman,Sex with an old woman,en,0.5835,2025-08-24,0.0,0
17,1533282,Mil Luas,Mil Luas,pt,2.6102,2025-09-16,6.0,1
18,1533024,Bakhmaro 2050,Bakhmaro 2050,ka,1.8081,2025-09-10,0.0,0
19,1531905,Battle of the Wolf,生死危机,zh,2.0078,2025-08-21,5.5,3
0,1492142,What Comes Next,What Comes Next,en,1.1451,2025-08-09,4.0,1
1,1491991,How Come It's All Green Out Here?,Kako je ovde tako zeleno?,sr,1.0222,2025-07-07,4.0,1
2,1491974,Cinema Jazireh,Cinema Jazireh,tr,2.1319,2025-07-10,4.25,2
3,1491902,Bang,ปัง,th,5.8428,2025-07-11,6.702,94
4,1491571,Undercurrent,Undercurrent,en,0.8416,2025-06-26,0.0,0
5,1491559,Grace,Musa,zu,0.4923,,0.0,0
6,1491553,Josh Kelly vs. Flavius Biea,Josh Kelly vs. Flavius Biea,en,1.5991,2025-06-06,0.0,0
7,1491415,What Would You Kill For?,What Would You Kill For?,en,1.8617,2025-03-14,7.0,3
8,1491336,Castration Movie Anthology ii. The Best of Both Worlds,Castration Movie Anthology ii. The Best of Both Worlds,en,1.7569,2025-09-13,6.8,5
9,1491303,KNOCK OFF,KNOCK OFF,th,1.5062,2024-12-12,0.0,0
10,1490884,My Boyfriend's Wife Is Dead,My Boyfriend's Wife Is Dead,en,1.4272,2025-06-27,6.0,2
11,1490879,Lady Snowblood,舞台『修羅雪姫』,ja,1.0964,,0.0,0
12,1490793,Jolly Joe,Jolly Joe,en,0.5451,,0.0,0
13,1490782,"Shrimp, Switch, Cigarette Butt & a Little Bottle","Креветки, вимикач, бичок і пляшечка",uk,0.6509,2025-05-31,0.0,0
14,1490320,Pleasant  Goat and Big Big Wolf: Bright New Dawn,喜羊羊与灰太狼之异国破晓,zh,2.1646,2025-07-26,8.167,3
15,1490300,Electric Wind God Fist,초풍,ko,0.4964,2025-06-27,0.0,0
16,1489274,La vida de a ratos,La vida de a ratos,es,0.6807,2025-06-04,0.0,0
17,1488268,Moha cherche son magnum aux puces,Moha cherche son magnum aux puces,fr,0.47,,0.0,0
18,1488121,Selasih Ireng,Selasih Ireng,id,1.6059,2025-07-10,0.0,0
19,1487957,San Richard,San Richard,xx,0.5458,,0.0,0
0,1522329,I'm Not Sure,Ich bin nicht sicher,de,0.6628,2025-08-13,7.0,1
1,1521094,The Facebook Honeytrap: Catching A Killer,The Facebook Honeytrap: Catching A Killer,en,0.5143,2025-07-06,10.0,1
2,1521025,Snow Day of the Dead,Snow Day of the Dead,en,0.6686,2025-03-01,0.0,0
3,1520638,Salò: The Republic of Silence,Salò: The Republic of Silence,en,0.9648,2025-07-28,10.0,1
4,1520119,He Kills at Night,He Kills at Night,en,1.0557,2025-08-23,3.3,3
5,1519714,DROPOUT,DROPOUT,en,0.4631,,0.0,0
6,1519363,BABYMETAL - Live at The O2 London,BABYMETAL - Live at The O2 London,en,1.1254,2025-07-21,9.0,2
7,1519307,Super Bowl Champions: The 2024 Philadelphia Eagles,Super Bowl Champions: The 2024 Philadelphia Eagles,en,0.9145,2025-07-25,0.0,0
8,1519168,The Jester 2,The Jester 2,en,4.1037,2025-09-15,6.932,139
9,1518685,Um Dia Daqueles...,Um Dia Daqueles...,pt,1.3192,2025-09-19,10.0,1
10,1518185,A Burning Man,ברנינג מן,he,1.1096,2025-07-02,9.0,1
11,1518121,Ligaya,Ligaya,tl,3.8085,2025-08-01,6.0,4
12,1517847,Slasher Trash,Slasher Trash,en,1.3884,,0.0,0
13,1517620,Penghulu Setan,Penghulu Setan,id,1.5498,,0.0,0
14,1517613,Crash Site,Crash Site,en,1.9162,2025-07-17,6.417,6
15,1516883,Bulletproof Angel,Bulletproof Angel,en,1.2835,,0.0,0
16,1516518,Father,Otec,sk,1.3392,2025-09-11,6.4,18
17,1516057,CAVALLUNA – Passion for Horses – Celebration!,CAVALLUNA – Passion for Horses – Celebration!,de,0.4514,,0.0,0
18,1515480,Beartooth - I Was A... LIVE,Beartooth - I Was A... LIVE,en,0.7646,2025-07-11,0.0,0
19,1514829,The Forgotten War: Hollywood's Vietnam in the Philippines,The Forgotten War: Hollywood's Vietnam in the Philippines,en,0.5976,,0.0,0
0,1482111,Puerpera,Puerpera,uk,1.0318,2025-06-06,0.0,0
1,1482055,Atsuko Okatsuka: Father,Atsuko Okatsuka: Father,en,1.368,2025-06-13,6.636,11
2,1481973,Egyszer élünk,Egyszer élünk,hu,0.4641,,8.0,1
3,1481390,Curious Tales of a Temple,聊斋：兰若寺,zh,3.8843,2025-07-12,7.615,13
4,1481010,Deadcast,Deadcast,en,1.4911,2024-11-06,0.0,0
5,1480747,"Here's Your Coffee, Mr. Mintz","Here's Your Coffee, Mr. Mintz",en,1.2478,2025-05-17,0.0,0
6,1480230,Breakups Suck,Breakups Suck,en,2.007,2025-05-17,0.0,0
7,1479481,Terrestrial,Terrestrial,en,1.3086,2025-07-20,2.333,9
8,1479412,Mots de passe,Mots de passe,fr,0.6643,,0.0,0
9,1478978,Shadows Of The Past,Shadows Of The Past,en,0.8729,2025-05-09,0.0,0
10,1478873,Stuck!,Stuck!,en,1.4873,,0.0,0
11,1478748,Der Amsterdam-Krimi: Der falsche Tote,Der Amsterdam-Krimi: Der falsche Tote,de,0.4912,2025-05-05,0.0,0
12,1478249,PRIME VIDEO BOXING 13,PRIME VIDEO BOXING 13,en,1.7407,2025-06-08,0.0,0
13,1478148,Before the Moon Falls,Before the Moon Falls,en,0.8322,2025-06-28,0.0,0
14,1478052,Ballerina Assassin,Ballerina Assassin,en,2.5649,2025-05-30,4.393,14
15,1477565,Trainwreck: The Real Project X,Trainwreck: The Real Project X,en,2.8979,2025-07-07,5.893,70
16,1477391,Cymbeline,Cymbeline,en,1.0211,2024-12-19,0.0,0
17,1477335,En clave de sol,En clave de sol,es,0.9413,2025-05-07,0.0,0
18,1477114,Sorority,Sorority,tl,2.0711,2025-06-20,6.9,7
19,1476828,100% LATEX,100% LATEX,en,1.5841,2025-04-03,0.0,0
0,1509540,Love Lane United,Love Lane United,en,1.3225,2025-07-09,0.0,0
1,1509534,Loch Gréine: A Bright Vision,Loch Gréine: A Bright Vision,ga,0.5898,2025-07-09,0.0,0
2,1509414,Komorebi,Komorebi,hr,1.7087,2025-07-05,0.0,0
3,1509402,Mr. & Mrs. Aslan,Mr. & Mrs. Aslan,nl,1.6709,2025-09-18,5.667,9
4,1509125,Forging Fate: The Disappearing Art Dealer,Forging Fate: The Disappearing Art Dealer,en,0.8112,2025-07-06,5.0,1
5,1508427,Bâan -The Boundaries of Adulthood-,bâan - 大人の彊界 -,ja,1.5756,2025-08-24,6.4,10
6,1507614,De Curicica para o Mundo,De Curicica para o Mundo,pt,0.6144,2025-07-02,0.0,0
7,1507598,Brainstorm,Brainstorm,pt,0.9601,2025-07-11,0.0,0
8,1507336,Haute solitude,Haute solitude,en,0.4704,,0.0,0
9,1507286,Sunny,Sunny,ro,2.0841,2025-06-22,0.0,0
10,1506934,Undead Malayalam,Undead Malayalam,ta,0.9808,,0.0,0
11,1506912,Looney Tunes Collector's Vault Volume 1,Looney Tunes Collector's Vault Volume 1,en,0.9767,2025-06-17,0.0,0
12,1506773,Within Temptation @ Hellfest 2025,Within Temptation Hellfest 2025,en,1.064,2025-06-20,8.0,2
13,1505252,Final Destination 7,Final Destination 7,en,1.3356,2028-05-11,0.0,0
14,1504756,Insomnium - Tuska 2025,Insomnium - Tuska 2025,fi,0.4559,,0.0,0
15,1504610,"Nastassja Kinski, une vie à soi","Nastassja Kinski, une vie à soi",fr,1.1397,2025-08-11,7.333,6
16,1504349,Lilo & Stitch 2,Lilo & Stitch 2,en,1.9944,2028-05-25,0.0,0
17,1504329,Sgt. Rock,Sgt. Rock,en,2.8782,,0.0,0
18,1504149,A Very Good Boy,A Very Good Boy,en,0.8299,2025-08-28,0.0,0
19,1503600,Asymmetric Disclosure,Asymmetric Disclosure,en,2.1154,2025-06-24,5.5,4
0,1538279,Where Auntie Lives,阿姨家,zh,0.4278,2024-11-09,0.0,0
1,1537165,Sword Sovereign: Heavenbreaker,万道剑尊之逆天而行,zh,1.1702,2025-08-28,3.0,1
2,1537046,A Bird Came Down,A Bird Came Down,en,0.9747,,0.0,0
3,1536430,Lovers Sleep Alone,Lovers Sleep Alone,fa,1.1094,,0.0,0
4,1536266,Obscura,Obscura,en,2.7135,,0.0,0
5,1536066,Backpike,백파이크,ko,0.827,2025-09-19,0.0,0
6,1536056,Poetry Syndrome,이상현상,ko,0.855,2025-09-19,0.0,0
7,1536055,In Our Sunset,해질무렵,ko,0.497,2025-09-19,0.0,0
8,1535966,Raining Dust,이슬이 온다,ko,1.0218,2025-09-19,0.0,0
9,1535947,The Descent Curse of Di Renjie,狄仁杰之降魔咒,zh,1.4408,2025-08-27,5.0,3
10,1535903,Forbidden Zone,금지구역: 세 가지 파편,ko,1.0784,2025-09-09,4.2,3
11,1535657,Kiss Room: Between the Lips,키스방 입과 입사이,ko,3.2052,2025-08-22,3.0,2
12,1535407,Unwelcome,Enpä liene lempivieras,fi,0.4791,2025-08-19,0.0,0
13,1535172,Handmade culture,ხელით ნაკეთი კულტურა,ka,0.6518,2024-12-03,0.0,0
14,1534811,The Roots of To Your Eternity,The Roots of To Your Eternity,en,2.8775,2025-08-28,10.0,1
15,1534801,FEAR and DREAMS: NOW is the only reality,FEAR and DREAMS: NOW is the only reality,cn,0.949,2025-08-23,0.0,0
16,1534727,Sex with an old woman,Sex with an old woman,en,0.5835,2025-08-24,0.0,0
17,1533282,Mil Luas,Mil Luas,pt,2.6102,2025-09-16,6.0,1
18,1533024,Bakhmaro 2050,Bakhmaro 2050,ka,1.8081,2025-09-10,0.0,0
19,1531905,Battle of the Wolf,生死危机,zh,2.0078,2025-08-21,5.5,3
0,1495701,In Da House 3: In Korea,In Da House 3: In Korea,mn,0.9483,2025-03-06,0.0,0
1,1495139,The Mermaids 2: The Mysterious Island,Sirenele 2: Insula misterioasă,ro,1.4347,2025-06-20,10.0,1
2,1494594,Village of Silence,Selo tišine,sr,0.9128,2025-06-07,0.0,0
3,1494593,2025年「绝区零生日会」,2025年「绝区零生日会」,zh,0.6494,2025-06-07,0.0,0
4,1494133,To Boldly Go,To Boldly Go,en,1.1208,,0.0,0
5,1493606,Thomas Mann,Thomas Mann,de,1.0285,,0.0,0
6,1492660,Prelude,Прелюдія,uk,1.0759,2025-06-04,0.0,0
7,1492569,Snow Man 1st Stadium Live Snow World,Snow Man 1st Stadium Live Snow World,ja,0.9599,2025-06-13,0.0,0
8,1492417,Table 10,Table 10,en,0.6078,2025-07-02,0.0,0
9,1492400,乌龙新院之乌龙秘笈,乌龙新院之乌龙秘笈,zh,1.1544,2025-06-01,1.0,1
10,1492280,Daddy,Daddy,en,1.8255,2025-06-12,10.0,1
11,1492160,MFE2 Dilo-Dilo,MFE2 Dilo-Dilo,zu,0.5824,2025-07-24,0.0,0
12,1492142,What Comes Next,What Comes Next,en,1.1451,2025-08-09,4.0,1
13,1491991,How Come It's All Green Out Here?,Kako je ovde tako zeleno?,sr,1.0222,2025-07-07,4.0,1
14,1491974,Cinema Jazireh,Cinema Jazireh,tr,2.1319,2025-07-10,4.25,2
15,1491902,Bang,ปัง,th,5.8428,2025-07-11,6.702,94
16,1491571,Undercurrent,Undercurrent,en,0.8416,2025-06-26,0.0,0
17,1491559,Grace,Musa,zu,0.4923,,0.0,0
18,1491553,Josh Kelly vs. Flavius Biea,Josh Kelly vs. Flavius Biea,en,1.5991,2025-06-06,0.0,0
19,1491415,What Would You Kill For?,What Would You Kill For?,en,1.8617,2025-03-14,7.0,3
0,1443281,AEW Double or Nothing 2025,AEW Double or Nothing 2025,en,1.8623,2025-05-25,9.227,11
1,1443244,Dicen por ahí,Dicen por ahí,es,1.1277,2025-03-08,0.0,0
2,1443200,Burt,Burt,en,2.2166,2025-03-16,10.0,1
3,1442924,We Are About to Commit a Felony,We Are About to Commit a Felony,en,0.5234,,0.0,0
4,1442923,The Longest Walk,The Longest Walk,en,0.6222,,0.0,0
5,1442655,Coka Chicas,Coka Chicas,fr,1.6822,2025-05-07,6.842,38
6,1442538,Elevator Lady,Elevator Lady,tl,4.6376,2025-03-14,6.0,11
7,1441978,Special Monster,异形兽,zh,0.9459,2025-02-01,4.667,3
8,1441805,The Shark Fin Hunters,The Shark Fin Hunters,en,0.3557,,0.0,0
9,1441608,Mordlichter – Tod auf den Färöer Inseln,Mordlichter – Tod auf den Färöer Inseln,de,1.3189,2025-03-29,5.167,6
10,1441528,Tokyo MER: Mobile Emergency Room - Nankai Mission,劇場版TOKYO MER～走る緊急救命室～南海ミッション,ja,3.2842,2025-08-01,8.0,1
11,1441476,开心超人之逆世营救,开心超人之逆世营救,zh,1.4421,2025-05-01,7.5,1
12,1440766,Deep Cuts,Deep Cuts,en,1.5525,,0.0,0
13,1440700,Little Hearts,లిటిల్ హార్ట్స్,te,2.5543,2025-09-05,6.667,18
14,1440171,The Portuguese House,Una quinta portuguesa,es,2.319,2025-05-09,6.667,48
15,1440101,Enfrentados: Ébano,Enfrentados: Ébano,es,7.7255,,0.0,0
16,1440090,Sublime,Sublime,en,1.474,2025-05-09,0.0,0
17,1438959,Elisa,Elisa,it,1.7918,2025-09-05,6.196,56
18,1438676,El irrigador,El irrigador,en,0.6987,,0.0,0
19,1437617,The Dark Mother 2,ម៉ែក្រទ្បាភ្លើង ២,km,0.9459,2025-02-27,0.0,0
0,1484861,The Swimsuit,Der Badeanzug,de,2.2942,2025-05-30,10.0,1
1,1484453,Snoopy Presents: A Summer Musical,Snoopy Presents: A Summer Musical,en,10.3383,2025-08-14,7.6,29
2,1484421,Apocalypse Mart,Tutup Hari Kiamat,id,1.2932,2025-06-15,0.0,0
3,1484255,Trainwreck: Mayor of Mayhem,Trainwreck: Mayor of Mayhem,en,2.6387,2025-06-16,6.574,47
4,1484253,Trainwreck: Poop Cruise,Trainwreck: Poop Cruise,en,1.9862,2025-06-23,5.911,140
5,1484147,Just Between Us,Just Between Us,en,1.1232,2025-08-10,0.0,0
6,1484013,Phiphi et Lolo | Koyaanisqatsi,Phiphi et Lolo | Koyaanisqatsi,fr,0.5432,2025-05-20,0.0,0
7,1483873,Goodfellas (Sweded),Goodfellas (Sweded),en,0.5364,2025-05-20,0.0,0
8,1483561,Loving Silence,Loving Silence,en,1.8696,2025-04-12,0.0,0
9,1483385,Snatch'D,Snatch'D,en,0.6383,,10.0,1
10,1483333,Rhythm & Blood,Rhythm & Blood,en,2.1156,2025-05-16,0.0,0
11,1483298,Caterpillar,Caterpillar,en,1.85,,0.0,0
12,1482111,Puerpera,Puerpera,uk,1.0318,2025-06-06,0.0,0
13,1482055,Atsuko Okatsuka: Father,Atsuko Okatsuka: Father,en,1.368,2025-06-13,6.636,11
14,1481973,Egyszer élünk,Egyszer élünk,hu,0.4641,,8.0,1
15,1481390,Curious Tales of a Temple,聊斋：兰若寺,zh,3.8843,2025-07-12,7.615,13
16,1481010,Deadcast,Deadcast,en,1.4911,2024-11-06,0.0,0
17,1480747,"Here's Your Coffee, Mr. Mintz","Here's Your Coffee, Mr. Mintz",en,1.2478,2025-05-17,0.0,0
18,1480230,Breakups Suck,Breakups Suck,en,2.007,2025-05-17,0.0,0
19,1479481,Terrestrial,Terrestrial,en,1.3086,2025-07-20,2.333,9
0,1479412,Mots de passe,Mots de passe,fr,0.6643,,0.0,0
1,1478978,Shadows Of The Past,Shadows Of The Past,en,0.8729,2025-05-09,0.0,0
2,1478873,Stuck!,Stuck!,en,1.4873,,0.0,0
3,1478748,Der Amsterdam-Krimi: Der falsche Tote,Der Amsterdam-Krimi: Der falsche Tote,de,0.4912,2025-05-05,0.0,0
4,1478249,PRIME VIDEO BOXING 13,PRIME VIDEO BOXING 13,en,1.7407,2025-06-08,0.0,0
5,1478148,Before the Moon Falls,Before the Moon Falls,en,0.8322,2025-06-28,0.0,0
6,1478052,Ballerina Assassin,Ballerina Assassin,en,2.5649,2025-05-30,4.393,14
7,1477565,Trainwreck: The Real Project X,Trainwreck: The Real Project X,en,2.8979,2025-07-07,5.893,70
8,1477391,Cymbeline,Cymbeline,en,1.0211,2024-12-19,0.0,0
9,1477335,En clave de sol,En clave de sol,es,0.9413,2025-05-07,0.0,0
10,1477114,Sorority,Sorority,tl,2.0711,2025-06-20,6.9,7
11,1476828,100% LATEX,100% LATEX,en,1.5841,2025-04-03,0.0,0
12,1476727,MUNCHIES,MUNCHIES,en,0.8048,2024-10-03,0.0,0
13,1476462,every death is a suicide,toda muerte es un suicidio,es,1.0207,,0.0,0
14,1476243,More Miles Than Money: The Story of Jr. Gone Wild,More Miles Than Money: The Story of Jr. Gone Wild,en,0.483,,0.0,0
15,1475666,The Seat,The Seat,en,2.3207,2025-05-05,7.5,42
16,1474779,Angry Rescue,怒火营救,zh,1.8673,2025-05-04,6.0,5
17,1474115,Saturn in Venus,Saturn in Venus,ka,0.9367,2025-05-06,0.0,0
18,1473543,What Does the Mud Whisper?,რას ჩურჩულებს ტალახი,ka,0.7299,2025-05-25,10.0,1
19,1472880,The Unrestricted War,The Unrestricted War,en,2.2155,2025-05-16,7.0,3
0,1472299,The Other Christmas Show,The Other Christmas Show,en,1.0592,2025-03-15,0.0,0
1,1471893,The Good Bird,طائر الخير,ar,0.6195,,0.0,0
2,1471401,My Grandmother Is a Skydiver,My Grandmother Is a Skydiver,uk,0.7109,2025-05-22,0.0,0
3,1470652,2024 aespa LIVE TOUR – SYNK：PARALLEL LINE – in TOKYO DOME -SPECIAL EDITION,2024 aespa LIVE TOUR – SYNK：PARALLEL LINE – in TOKYO DOME -SPECIAL EDITION,ko,1.1156,2025-03-26,0.0,0
4,1470428,Morning Dream,晨曦的梦,zh,0.8025,2025-04-25,0.0,0
5,1470417,Cold and Dark,Cold and Dark,cs,0.4496,,0.0,0
6,1470406,歪打正好,歪打正好,zh,1.0247,2025-03-14,0.0,0
7,1470086,Ligaw,Ligaw,tl,6.7572,2025-05-09,6.667,6
8,1469873,Blackboots,Blackboots,en,1.6309,2025-04-25,0.0,0
9,1469721,Fights Break Sphere 4: Escape,斗破苍穹4：逃亡,zh,1.66,2025-04-26,4.667,3
10,1469329,Predestination,探清水河：重生,zh,1.3993,2025-04-24,6.5,2
11,1469322,Sound Sleep,단잠,ko,1.0965,2025-04-25,0.0,0
12,1469221,Phra Ruang: Rise of The Empire,พระร่วง มหาศึกสุโขทัย,th,2.4338,2025-05-29,6.0,2
13,1468594,The Mad World of Elvis Presley,The Mad World of Elvis Presley,en,0.6611,2025-01-27,0.0,0
14,1468464,OutRun,OutRun,en,1.9358,,0.0,0
15,1468423,"Bulle Ogier, Portrait of a Hidden Star","Bulle Ogier, portrait d'une étoile cachée",fr,0.9697,2025-04-21,0.0,0
16,1468417,First Moon,First Moon,zh,5.5951,2025-05-06,4.302,63
17,1468013,Body Blow,Body Blow,en,1.8279,2025-09-19,4.0,1
18,1467323,The Coupe,Kuppen,sv,0.5626,2025-04-18,0.0,0
19,1467088,4 Wheels,4 təkər,az,1.1796,2025-04-03,0.0,0
0,1467040,凡人修仙传之瀚海迷踪,凡人修仙传之瀚海迷踪,zh,1.3335,,0.0,0
1,1467005,Female Instructor's Strange Private Lesson,Female Instructor's Strange Private Lesson,ko,4.0647,2025-02-13,6.0,1
2,1466938,A Deadly American Marriage,A Deadly American Marriage,en,3.269,2025-05-09,6.522,92
3,1466770,"Normandie, To bach","Normandie, To bach",en,0.4767,2025-01-01,0.0,0
4,1466585,Verstappen: Lion Unleashed 4,Verstappen: Lion Unleashed 4,en,0.5017,2024-12-30,0.0,0
5,1466341,The Trap,喜剧的阴谋,zh,0.8827,2025-04-18,1.0,1
6,1466214,无相剑,无相剑,zh,0.4872,2025-02-08,0.0,0
7,1466185,The Confession,Tilståelsen,da,1.7686,2025-04-12,7.0,1
8,1466092,Ages of the Moon,Ages of the Moon,en,1.4069,,0.0,0
9,1465428,Buzz House: The Movie 2,Buzz House 2,ro,1.2926,2025-04-18,5.333,3
10,1465277,The Demon Hunter,猎魂人,zh,1.4761,2025-04-17,6.8,4
11,1465245,Ten Hours,டென் ஹவர்ஸ்,ta,1.5013,2025-04-18,7.5,4
12,1464844,Familie Bundschuh - Wir machen Camping,Familie Bundschuh - Wir machen Camping,de,1.032,2025-06-19,0.0,0
13,1464832,Zombie Reddy 2 Nxt Lvl,జాంబీ రెడ్డి 2 Nxt Lvl,te,1.5362,,0.0,0
14,1464510,Troglodyte: The Prologue,Troglodyte: The Prologue,en,0.9411,,0.0,0
15,1464329,Ashes,Popel,es,2.2047,2025-04-17,8.0,1
16,1464271,A Chip Odyssey,造山者-世紀的賭注,zh,0.7383,2025-06-13,0.0,0
17,1463999,Andy Murray: Game Set Match,Andy Murray: Game Set Match,en,0.9363,2024-12-16,0.0,0
18,1463872,Intruders,Les Intrus,fr,0.7797,2025-04-12,0.0,0
19,1463847,Bazaar Bus,ბაზრის ავტობუსი,ka,0.4479,2024-11-10,0.0,0
0,1462611,O Rio de Florença,O Rio de Florença,pt,0.8821,,0.0,0
1,1462471,Wanted,江湖通缉令,zh,1.1864,2025-04-13,3.8,4
2,1462353,The Men's Land,კაცების მიწა,ka,0.7047,2025-04-09,0.0,0
3,1462231,Insya Allah Berkah,Insya Allah Berkah,en,1.1461,2025-05-22,4.0,1
4,1462214,The Mystery of the Silk,绣衣使·西汉迷案,zh,0.9152,2025-04-10,5.0,2
5,1461836,The Interpreter,The Interpreter,en,0.836,,5.0,3
6,1461691,Good Luck,祝你好命,zh,0.8262,2025-05-01,0.0,0
7,1461659,David Spade: Dandelion,David Spade: Dandelion,en,2.0989,2025-05-05,6.4,5
8,1461596,The Masked King,The Masked King,en,1.4468,2025-03-28,0.0,0
9,1461116,Samba Infinite,Samba infinito,pt,1.4387,2025-05-20,5.0,4
10,1460838,Kamen Rider Gotchard: Final Stage,仮面ライダーガッチャード ファイナルステージ,ja,0.9353,2024-09-28,0.0,0
11,1460795,Hidden Tides: 12 Hours of Terror,暗潮汹涌之惊魂12小时,zh,1.3007,2025-04-08,3.0,3
12,1459441,A Nightmare on Elm Street: Freddy Comes,A Nightmare on Elm Street: Freddy Comes,en,1.0228,2024-10-26,0.0,0
13,1459034,爱情有约,爱情有约,zh,0.4654,2025-02-25,10.0,1
14,1458879,WrestleMania IX: Becoming a Spectacle,WrestleMania IX: Becoming a Spectacle,en,1.8355,2025-04-11,5.2,6
15,1458833,Midnight in Phoenix,Midnight in Phoenix,en,1.0352,2025-04-11,0.0,0
16,1458195,Gnomes,Gnomes,fr,1.4715,,0.0,0
17,1457972,Smart Rabbit Momo: The Big Chase,Akıllı Tavşan Momo: Büyük Takip,tr,1.3461,2025-03-28,0.0,0
18,1457906,A Stolen Life,命中罪爱,zh,0.9565,2025-04-12,4.8,5
19,1457759,John Wick: Chapter 5,John Wick: Chapter 5,en,1.8595,,0.0,0
0,1457516,Sinagtala,Sinagtala,tl,1.2221,2025-04-02,0.0,0
1,1457231,Dark Secrets (Shams Al Ma'arif),Dark Secrets (Shams Al Ma'arif),en,1.1024,,0.0,0
2,1456432,Rosenthal,Rosenthal,de,1.2965,2025-04-07,7.333,9
3,1455742,The Last journey of  the Knights Templar,The Last journey of  the Knights Templar,it,0.5416,,10.0,1
4,1455132,Oklahoma City Bombing: American Terror,Oklahoma City Bombing: American Terror,en,2.9474,2025-04-17,6.836,58
5,1454800,Trapped,大风杀,zh,2.0997,2025-04-29,7.3,18
6,1454399,Unwelcomed,Si Vas Para Chile,es,1.4301,2025-04-30,0.0,0
7,1453700,Like Friends,Like Friends,it,1.1494,2025-03-24,10.0,1
8,1453476,Regret,يندم,ar,1.4654,2025-03-31,9.0,1
9,1453327,Cooked,Cooked,en,1.0362,2025-03-27,0.0,0
10,1453021,i forget what it's called but i know how to get there,i forget what it's called but i know how to get there,en,0.5569,2025-03-23,0.0,0
11,1452181,Texas Chainsaw Massacre,Texas Chainsaw Massacre,en,1.7677,,0.0,0
12,1452176,Abraham's Boys: A Dracula Story,Abraham's Boys: A Dracula Story,en,3.1748,2025-07-11,5.059,51
13,1451793,Song of Breath,Il canto del respiro,it,1.0322,2025-04-06,6.0,1
14,1451698,Inside Out 3,Inside Out 3,en,0.987,,0.0,0
15,1451567,Coco 2,Coco 2,en,4.3547,2029-11-20,0.0,0
16,1451488,Jeff,Jeff,en,0.863,2025-06-14,0.0,0
17,1451398,Re/Member: The Last Night,カラダ探し THE LAST NIGHT,ja,4.8019,2025-09-05,5.5,20
18,1451251,Union Station,Union Station,en,1.3038,2024-09-29,0.0,0
19,1451105,Thelma & Louise: Born to Live,"Thelma et Louise, un western féministe",fr,2.0998,2025-04-05,9.0,3
0,1451060,Underground Morphology,Morfología underground,es,1.5057,2025-04-05,0.0,0
1,1450786,Wing Woman,Wing Woman,ja,0.648,2025-04-03,0.0,0
2,1450599,K.O.,K.O.,fr,7.1199,2025-06-05,6.479,288
3,1450374,Dolphin Boy 2,پسر دلفینی ۲,fa,1.8274,2025-05-08,5.7,6
4,1450256,The Other World,La Muraille,es,2.1895,2025-04-05,0.0,0
5,1449946,Togainu no Chi,激情バニッシュ演劇「咎狗の血」,ja,0.7446,2025-08-10,0.0,0
6,1448964,When Brazil Was Modern,Quando o Brasil Era Moderno,pt,0.9461,2025-06-26,0.0,0
7,1448644,Strange Memories,奇怪的记忆,zh,1.384,2025-03-15,0.0,0
8,1448530,Águas Mortais,Águas Mortais,pt,1.5154,,0.0,0
9,1448497,Ocean with David Attenborough,Ocean with David Attenborough,en,9.8615,2025-05-08,8.0,79
10,1447955,The Alien Next Door,となりの宇宙人,ja,1.7091,2025-06-27,7.0,4
11,1447947,Young & Fine,YOUNG&FINE,ja,2.2691,2025-06-27,5.3,3
12,1447669,Her Dance,Her Dance,es,1.9909,2025-04-15,0.0,0
13,1447190,Magnetized,Magnetizado,es,1.8169,,0.0,0
14,1446943,The Dad Quest,Lo mejor del mundo,es,2.0173,2025-04-08,6.9,40
15,1446706,Apollo 1: Destination Moon,Apollo 1: Destination Moon,en,1.8877,2025-03-15,7.5,8
16,1446607,Livet mens vi dør,Livet mens vi dør,da,0.7493,,10.0,1
17,1446510,Mummy,Mummy,ne,1.5577,2025-02-07,10.0,1
18,1446107,Kingsman: The Blue Blood,Kingsman: The Blue Blood,en,0.8196,,0.0,0
19,1445882,WOW Bring it on,나의 탐스러운 사생활,ko,1.1398,2025-03-27,8.3,3
0,1445692,Ride the Snake,Ride the Snake,en,1.1601,2025-03-01,3.25,4
1,1445389,Virgins,Vírgenes,es,1.1084,2025-06-20,10.0,1
2,1445130,Origin,Origin,en,1.6021,2024-12-24,10.0,1
3,1444904,The 35-Year Promise,35年目のラブレター,ja,1.2069,2025-03-07,8.0,2
4,1444292,Saankal,Saankal,en,0.4537,,0.0,0
5,1443894,Forgive Us All,Forgive Us All,en,6.3215,2025-05-08,5.812,69
6,1443636,The Jealous Son,The Jealous Son,en,0.9443,2025-03-04,1.0,1
7,1443281,AEW Double or Nothing 2025,AEW Double or Nothing 2025,en,1.8623,2025-05-25,9.227,11
8,1443244,Dicen por ahí,Dicen por ahí,es,1.1277,2025-03-08,0.0,0
9,1443200,Burt,Burt,en,2.2166,2025-03-16,10.0,1
10,1442924,We Are About to Commit a Felony,We Are About to Commit a Felony,en,0.5234,,0.0,0
11,1442923,The Longest Walk,The Longest Walk,en,0.6222,,0.0,0
12,1442655,Coka Chicas,Coka Chicas,fr,1.6822,2025-05-07,6.842,38
13,1442538,Elevator Lady,Elevator Lady,tl,4.6376,2025-03-14,6.0,11
14,1441978,Special Monster,异形兽,zh,0.9459,2025-02-01,4.667,3
15,1441805,The Shark Fin Hunters,The Shark Fin Hunters,en,0.3557,,0.0,0
16,1441608,Mordlichter – Tod auf den Färöer Inseln,Mordlichter – Tod auf den Färöer Inseln,de,1.3189,2025-03-29,5.167,6
17,1441528,Tokyo MER: Mobile Emergency Room - Nankai Mission,劇場版TOKYO MER～走る緊急救命室～南海ミッション,ja,3.2842,2025-08-01,8.0,1
18,1441476,开心超人之逆世营救,开心超人之逆世营救,zh,1.4421,2025-05-01,7.5,1
19,1440766,Deep Cuts,Deep Cuts,en,1.5525,,0.0,0
0,1440700,Little Hearts,లిటిల్ హార్ట్స్,te,2.5543,2025-09-05,6.667,18
1,1440171,The Portuguese House,Una quinta portuguesa,es,2.319,2025-05-09,6.667,48
2,1440101,Enfrentados: Ébano,Enfrentados: Ébano,es,7.7255,,0.0,0
3,1440090,Sublime,Sublime,en,1.474,2025-05-09,0.0,0
4,1440016,The Descent,The Descent,en,1.6119,2024-12-25,4.0,2
5,1438959,Elisa,Elisa,it,1.7918,2025-09-05,6.196,56
6,1438676,El irrigador,El irrigador,en,0.6987,,0.0,0
7,1437617,The Dark Mother 2,ម៉ែក្រទ្បាភ្លើង ២,km,0.9459,2025-02-27,0.0,0
8,1436988,Sin piedad,Sin piedad,es,1.274,2025-02-21,10.0,1
9,1436216,Le verre de thé,Le verre de thé,fr,0.8126,2025-06-24,5.4,5
10,1435063,Each of Us,Each of Us,en,0.9619,,0.0,0
11,1434280,Run,Run,en,2.1546,2025-08-29,9.0,3
12,1434001,EXIT MEDEA,EXIT MEDEA,en,1.6299,2025-07-05,0.0,0
13,1433371,The Pursuit of Lust 3,Дур тачаалын эрэлд 3,mn,1.6782,2025-02-21,8.0,4
14,1433330,SNL50: The Homecoming Concert,SNL50: The Homecoming Concert,en,5.0258,2025-02-14,6.765,17
15,1432605,My Father's Shadow,My Father's Shadow,en,2.6767,2025-09-19,7.3,53
16,1432154,Im Schatten der Angst - Der Skorpion,Im Schatten der Angst - Der Skorpion,de,1.0402,2025-08-29,0.0,0
17,1431996,豬八戒外傳,豬八戒外傳,zh,0.4402,,6.0,1
18,1431770,Autumn,Autumn,en,0.9029,2024-12-24,9.5,4
19,1431434,Good Sex,Good Sex,en,2.3722,,0.0,0
0,1431185,The Pursuit of Lust 2,Дур тачаалын эрэлд 2,mn,3.8848,2025-02-07,5.0,1
1,1431072,Coldplay - Live In Ahmedabad,Coldplay - Live In Ahmedabad,en,1.4484,2025-01-26,0.0,0
2,1431065,Sandra,Sandra,en,2.168,2025-02-06,0.0,0
3,1431043,Gentlewoman,ஜென்டில்வுமன்,ta,0.9903,2025-03-07,8.0,1
4,1431009,Throne of Seal The Movie: The Crownless God,神印王座剧场版：伊莱克斯传奇,zh,2.6995,2025-04-30,8.667,3
5,1430532,Coupures,Coupures,fr,1.8926,2025-02-02,0.0,0
6,1430484,Bearing Witness Native American Voices in Hollywood,Bearing Witness Native American Voices in Hollywood,en,1.5979,2025-02-04,7.5,4
7,1430149,We Want the Funk!,We Want the Funk!,en,2.1762,2025-04-08,6.294,17
8,1430038,Wormwood,Wormwood,en,2.5185,2025-01-25,10.0,1
9,1429995,Tokyo Nights,Tokyo Nights,tl,2.4362,2025-02-21,3.25,4
10,1429744,Ziam,ปากกัด ตีนถีบ,th,6.2169,2025-07-08,6.794,294
11,1429743,Frozen Hot Boys,แก๊งหิมะเดือด,th,2.8951,2025-04-10,7.5,21
12,1429310,Petrified,Hymytyttö,fi,0.458,2025-02-07,0.0,0
13,1428959,T'Day,T'Day,fr,1.2037,2025-01-17,10.0,1
14,1428804,"Ashita, Kagayaku",明日、輝く,ja,0.9974,2025-03-17,0.0,0
15,1428712,Row of Life,Row of Life,en,0.8209,2025-02-09,10.0,1
16,1428703,Square Eyes,Square Eyes,en,0.9248,,0.0,0
17,1428406,祝你好运,祝你好运,zh,0.8626,2025-02-04,0.0,0
18,1427812,Eric Clapton’s Crossroads Guitar Festival 2023,Eric Clapton’s Crossroads Guitar Festival 2023,en,1.6931,2024-11-29,8.0,1
19,1426777,Making Emilia Pérez,Making Emilia Pérez,en,1.492,2025-01-27,4.75,4
0,1426776,STRAW,STRAW,en,12.7726,2025-06-05,7.685,1004
1,1426674,A Copenhagen Love Story,Sult,da,4.4705,2025-02-25,6.435,85
2,1426496,Den of Thieves 3,Den of Thieves 3,en,1.3505,,0.0,0
3,1426422,David Keenan - Words on Canvas,David Keenan - Focla Ar Chanbhás,ga,0.7931,2025-02-28,0.0,0
4,1426306,Titan: The OceanGate Submersible Disaster,Titan: The OceanGate Submersible Disaster,en,3.287,2025-06-06,7.07,192
5,1426297,Play Dead,Play Dead,en,5.0024,2025-03-29,6.1,82
6,1426228,Pojat on Poikii,Pojat on Poikii,fi,0.5192,2025-02-01,0.0,0
7,1426142,Sosyal Climbers,Sosyal Climbers,tl,2.2117,2025-02-26,6.44,25
8,1425600,SERTÃO 2138,SERTÃO 2138,pt,1.7318,2024-12-21,6.8,4
9,1425485,3670,3670,ko,1.7074,2025-09-03,7.0,6
10,1425451,Fractured Intimacy,Fractured Intimacy,en,0.7857,2025-02-01,0.0,0
11,1425373,The Golden Spurtle,The Golden Spurtle,en,1.5298,2025-09-12,7.3,13
12,1425045,Brick,Brick,de,7.6541,2025-07-02,5.795,786
13,1424649,Sampung Utos Kay Josh,Sampung Utos Kay Josh,tl,1.5469,2025-01-29,9.0,5
14,1423953,HAPPY OFF WORK,下班啦2024,zh,1.2498,2025-01-24,5.0,1
15,1423611,Syndicate,Syndicate,te,0.5743,,0.0,0
16,1423577,Gremlins 3,Gremlins 3,en,2.6499,2027-11-18,0.0,0
17,1423203,Vesania,Vesania,es,1.3622,2025-01-28,0.0,0
18,1422227,Aşk Sadece Bir An,Aşk Sadece Bir An,tr,12.3273,2025-02-14,6.6,12
19,1422211,The Pursuit of Lust,Дур тачаалын эрэлд,mn,0.9435,2025-01-23,6.8,13
0,1394125,Wolfman,Lobisomem,pt,1.1605,2024-11-01,7.0,1
1,1393907,Nai Naveli,Nayi Naveli,hi,0.7289,,0.0,0
2,1393586,No tenéis ni **** idea,No tenéis ni **** idea,es,0.9847,2024-09-30,0.0,0
3,1393573,The Late Night Double Feature Picture Show,The Late Night Double Feature Picture Show,en,0.9479,,0.0,0
4,1393382,Popeye's Revenge,Popeye's Revenge,en,4.6138,2025-02-12,4.969,97
5,1393151,Mr. Nobody Against Putin,Mr. Nobody mod Putin,da,5.2642,2025-06-06,7.365,144
6,1393150,a supernova boy,a supernova boy,it,0.8432,,0.0,0
7,1393071,Better Off Dead,Tinggal Meninggal,id,2.3406,2025-08-14,7.889,18
8,1393056,Mickey’s Slayhouse,Mickey’s Slayhouse,en,1.2768,2025-01-07,0.0,0
9,1392941,The Sinister Illusion,The Sinister Illusion,en,1.2999,2024-11-25,7.5,2
10,1392452,Cursed Psychic Video XXX ZERO 2,呪われた心霊動画 XXX ZERO 02,ja,0.68,2025-01-10,8.0,2
11,1392426,Suckers,Suckers,en,1.766,2024-10-24,3.0,2
12,1391409,Biggest Heist Ever,Biggest Heist Ever,en,2.1935,2024-12-05,6.074,34
13,1391047,Control Room,Control Room,es,2.6511,2025-04-16,5.389,27
14,1390777,V A P O R   D R E A M S,V A P O R   D R E A M S,es,1.0143,2024-11-19,0.0,0
15,1390165,Walampoori: Seven and a Half Dreams,වාලම්පුරි හෙවත් හීන හතහමාරක්,si,1.2289,2025-04-25,8.0,1
16,1389972,Fearless Queen of the Night,Bojevita kraljica noči,sl,2.6425,2024-10-25,9.0,1
17,1389255,The Stranger in My Home,The Stranger in My Home,en,4.947,2025-06-23,5.607,56
18,1389158,Maa,माँ,hi,2.1356,2025-06-20,6.761,67
19,1388808,Into the Deep,Into the Deep,en,3.8388,2025-01-23,5.863,160
0,1416316,Down,Вниз,ru,1.9798,2025-09-04,2.0,1
1,1416101,Unser Team - Die Heim-EM 2024,Unser Team - Die Heim-EM 2024,de,1.198,2025-01-11,9.2,5
2,1415211,Pie To Die For: A Hannah Swensen Mystery,Pie To Die For: A Hannah Swensen Mystery,en,1.7477,2025-06-22,7.4,15
3,1414272,Belyas,Belyas,tl,1.7853,2025-02-07,6.808,13
4,1414255,Intérieur,Intérieur,fr,0.5094,,0.0,0
5,1414199,Belov: A Life at Sea,Belov: Uma Vida no Mar,pt,1.0661,2025-01-25,0.0,0
6,1414187,"Speciale SuperQuark - Marco Polo, il grande viaggiatore","Speciale SuperQuark - Marco Polo, il grande viaggiatore",it,0.6817,,0.0,0
7,1413994,Bülent Ceylan - Yallah Hopp!,Bülent Ceylan - Yallah Hopp!,de,0.5119,2024-10-12,0.0,0
8,1413643,Alone,Sin él,es,1.1051,2025-01-10,6.4,14
9,1413584,[ISO]LATION,[ISO]LATION,en,1.1636,2024-12-09,0.0,0
10,1412156,Sexo y traición de familia,Sexo y traición de familia,es,1.6471,2024-12-31,0.0,0
11,1410957,Stella Next to Me,隣のステラ,ja,1.4811,2025-08-22,6.333,3
12,1410753,Faul of the Cabal - The Paul is Dead Film,Faul of the Cabal - The Paul is Dead Film,en,0.651,,0.0,0
13,1410537,Through the Deepening Night,Al Progredire Della Notte,it,1.3556,2025-01-23,6.3,3
14,1410193,Tharae The Exorcist,ท่าแร่,th,2.2123,2025-08-07,6.7,3
15,1410189,Kontinental '25,Kontinental '25,ro,3.9203,2025-06-20,6.5,45
16,1410040,Pet Investigators,Pet Investigators,en,1.7377,2025-05-15,5.8,4
17,1409966,I Swear,7天,zh,1.8559,2025-08-29,6.5,4
18,1409442,The Girl in the Garage: The Laura Cowan Story,The Girl in the Garage: The Laura Cowan Story,en,2.0432,2025-01-18,8.778,9
19,1408822,Thikana Bangladesh,ঠিকানা বাংলাদেশ,bn,0.5861,,0.0,0
0,1408655,"Mel Brooks: Seriously... Well, Almost","Mel Brooks: Seriously... Well, Almost",en,1.1422,2024-12-27,4.0,2
1,1408083,It's Cold Outside,It's Cold Outside,en,0.4941,,0.0,0
2,1407988,Marriage Cops,Marriage Cops,hi,2.1473,2025-04-27,0.0,0
3,1407984,That's All We Wrote,That's All We Wrote,en,1.0448,,0.0,0
4,1407861,The Bayou,The Bayou,en,7.1737,2025-01-31,5.44,241
5,1407810,Dona Elza,Dona Elza,pt,1.5189,2024-12-24,8.0,2
6,1407802,Forza Jannik: Sinner and the Rise of Italian Tennis,Forza Jannik: Sinner and the Rise of Italian Tennis,en,1.4234,2024-12-26,9.0,1
7,1407347,Finding Marlin,Finding Marlin,en,0.4567,,0.0,0
8,1406956,A Business Proposal,A Business Proposal,id,1.3365,2025-02-06,2.7,13
9,1406848,My October Story,My October Story,en,0.5146,2024-10-13,0.0,0
10,1406610,The Megalopolis Christmas Special,The Megalopolis Christmas Special,en,1.1188,2024-12-20,0.0,0
11,1406339,The 2024 Halloween Masterpiece Mix,The 2024 Halloween Masterpiece Mix,en,0.6315,2024-10-22,0.0,0
12,1406180,Square to Sleep,Square to Sleep,en,0.8046,2024-12-10,0.0,0
13,1406067,The Waiter,The Waiter,en,1.992,2024-12-20,0.0,0
14,1406066,Daniel Sloss: Hubris,Daniel Sloss: Hubris,en,1.1771,2024-12-21,5.6,5
15,1405914,Life in a Fishbowl,Life in a Fishbowl,id,0.7581,,10.0,1
16,1405765,Complicated,Complicated,en,1.4403,2025-02-20,0.0,0
17,1405764,Abomkhulu,Abomkhulu,zu,1.6598,,0.0,0
18,1405751,Coroner to the Stars,Coroner to the Stars,en,1.4427,2025-02-20,0.0,0
19,1405338,Demon City,Demon City 鬼ゴロシ,ja,8.2499,2025-02-26,6.831,356
0,1432605,My Father's Shadow,My Father's Shadow,en,2.6767,2025-09-19,7.3,53
1,1432154,Im Schatten der Angst - Der Skorpion,Im Schatten der Angst - Der Skorpion,de,1.0402,2025-08-29,0.0,0
2,1432149,超级汽车合集,超级汽车合集,zh,0.4389,,0.0,0
3,1431996,豬八戒外傳,豬八戒外傳,zh,0.4402,,6.0,1
4,1431770,Autumn,Autumn,en,0.9029,2024-12-24,9.5,4
5,1431434,Good Sex,Good Sex,en,2.3722,,0.0,0
6,1431185,The Pursuit of Lust 2,Дур тачаалын эрэлд 2,mn,3.8848,2025-02-07,5.0,1
7,1431072,Coldplay - Live In Ahmedabad,Coldplay - Live In Ahmedabad,en,1.4484,2025-01-26,0.0,0
8,1431065,Sandra,Sandra,en,2.168,2025-02-06,0.0,0
9,1431043,Gentlewoman,ஜென்டில்வுமன்,ta,0.9903,2025-03-07,8.0,1
10,1431009,Throne of Seal The Movie: The Crownless God,神印王座剧场版：伊莱克斯传奇,zh,2.6995,2025-04-30,8.667,3
11,1430532,Coupures,Coupures,fr,1.8926,2025-02-02,0.0,0
12,1430484,Bearing Witness Native American Voices in Hollywood,Bearing Witness Native American Voices in Hollywood,en,1.5979,2025-02-04,7.5,4
13,1430149,We Want the Funk!,We Want the Funk!,en,2.1762,2025-04-08,6.294,17
14,1430038,Wormwood,Wormwood,en,2.5185,2025-01-25,10.0,1
15,1429995,Tokyo Nights,Tokyo Nights,tl,2.4362,2025-02-21,3.25,4
16,1429744,Ziam,ปากกัด ตีนถีบ,th,6.2169,2025-07-08,6.794,294
17,1429743,Frozen Hot Boys,แก๊งหิมะเดือด,th,2.8951,2025-04-10,7.5,21
18,1429603,The Best for Last,Die Beste zum Schluss,de,1.4284,2024-10-11,6.25,4
19,1429310,Petrified,Hymytyttö,fi,0.458,2025-02-07,0.0,0
0,1428959,T'Day,T'Day,fr,1.2037,2025-01-17,10.0,1
1,1428804,"Ashita, Kagayaku",明日、輝く,ja,0.9974,2025-03-17,0.0,0
2,1428712,Row of Life,Row of Life,en,0.8209,2025-02-09,10.0,1
3,1428703,Square Eyes,Square Eyes,en,0.9248,,0.0,0
4,1428406,祝你好运,祝你好运,zh,0.8626,2025-02-04,0.0,0
5,1427812,Eric Clapton’s Crossroads Guitar Festival 2023,Eric Clapton’s Crossroads Guitar Festival 2023,en,1.6931,2024-11-29,8.0,1
6,1426777,Making Emilia Pérez,Making Emilia Pérez,en,1.492,2025-01-27,4.75,4
7,1426776,STRAW,STRAW,en,12.7726,2025-06-05,7.685,1004
8,1426674,A Copenhagen Love Story,Sult,da,4.4705,2025-02-25,6.435,85
9,1426496,Den of Thieves 3,Den of Thieves 3,en,1.3505,,0.0,0
10,1426422,David Keenan - Words on Canvas,David Keenan - Focla Ar Chanbhás,ga,0.7931,2025-02-28,0.0,0
11,1426306,Titan: The OceanGate Submersible Disaster,Titan: The OceanGate Submersible Disaster,en,3.287,2025-06-06,7.07,192
12,1426297,Play Dead,Play Dead,en,5.0024,2025-03-29,6.1,82
13,1426228,Pojat on Poikii,Pojat on Poikii,fi,0.5192,2025-02-01,0.0,0
14,1426142,Sosyal Climbers,Sosyal Climbers,tl,2.2117,2025-02-26,6.44,25
15,1425600,SERTÃO 2138,SERTÃO 2138,pt,1.7318,2024-12-21,6.8,4
16,1425485,3670,3670,ko,1.7074,2025-09-03,7.0,6
17,1425451,Fractured Intimacy,Fractured Intimacy,en,0.7857,2025-02-01,0.0,0
18,1425373,The Golden Spurtle,The Golden Spurtle,en,1.5298,2025-09-12,7.3,13
19,1425045,Brick,Brick,de,7.6541,2025-07-02,5.795,786
0,1367986,Alpe-Adria Underground!,Ali je bilo kaj avantgardnega?,sl,0.883,2025-04-13,10.0,1
1,1367952,Cocote Tonggo,Cocote Tonggo,jv,0.9424,2025-05-15,6.0,3
2,1367758,Broncho Busting in Medora,Broncho Busting in Medora,en,0.5629,,0.0,0
3,1367574,Dakar Sistaz,Dakar Sistaz,cs,0.4455,2025-01-30,0.0,0
4,1367520,Dajori,Dajori,cs,1.7484,2024-11-14,0.0,0
5,1367474,Lucy Letby: The New Evidence,Lucy Letby: The New Evidence,en,1.1231,2024-10-06,0.0,0
6,1366977,Him,Lui,fr,0.6598,2024-10-06,8.5,2
7,1366830,Bornéo,Bornéo,fr,1.7279,2024-10-05,5.0,1
8,1366200,The Girl Who Wasn't Dead,The Girl Who Wasn't Dead,en,1.8423,2024-10-05,5.4,10
9,1366152,IMAGO,IMAGO,fr,2.1762,2024-09-28,0.0,0
10,1366071,Ms. President,Prezidentka,sk,1.2597,2024-10-31,8.2,4
11,1365897,Jochen Otten: Underdog,Jochen Otten: Underdog,nl,0.6332,2024-10-25,0.0,0
12,1365896,DINNER,CENA,es,1.6542,2024-12-12,0.0,0
13,1365854,The Book Club Murders,The Book Club Murders,en,1.1825,2024-10-03,5.7,3
14,1365712,Money Electric: The Bitcoin Mystery,Money Electric: The Bitcoin Mystery,en,2.5208,2024-10-08,5.838,34
15,1365614,No Choice,No Choice,en,1.7843,2025-06-29,7.5,2
16,1365196,Ladybug,Ladybug,en,1.2711,2024-10-28,0.0,0
17,1364818,"Anna Richardson: Love, Loss & Dementia","Anna Richardson: Love, Loss & Dementia",en,1.2498,2024-10-02,0.0,0
18,1364797,Dynamic Duo,Dynamic Duo,en,3.3041,2028-06-29,0.0,0
19,1364730,A Nurse's Revenge,A Nurse's Revenge,en,1.258,2024-10-24,7.5,2
0,1393382,Popeye's Revenge,Popeye's Revenge,en,4.6138,2025-02-12,4.969,97
1,1393151,Mr. Nobody Against Putin,Mr. Nobody mod Putin,da,5.2642,2025-06-06,7.365,144
2,1393150,a supernova boy,a supernova boy,it,0.8432,,0.0,0
3,1393071,Better Off Dead,Tinggal Meninggal,id,2.3406,2025-08-14,7.889,18
4,1393056,Mickey’s Slayhouse,Mickey’s Slayhouse,en,1.2768,2025-01-07,0.0,0
5,1392941,The Sinister Illusion,The Sinister Illusion,en,1.2999,2024-11-25,7.5,2
6,1392452,Cursed Psychic Video XXX ZERO 2,呪われた心霊動画 XXX ZERO 02,ja,0.68,2025-01-10,8.0,2
7,1392426,Suckers,Suckers,en,1.766,2024-10-24,3.0,2
8,1391409,Biggest Heist Ever,Biggest Heist Ever,en,2.1935,2024-12-05,6.074,34
9,1391047,Control Room,Control Room,es,2.6511,2025-04-16,5.389,27
10,1390777,V A P O R   D R E A M S,V A P O R   D R E A M S,es,1.0143,2024-11-19,0.0,0
11,1390165,Walampoori: Seven and a Half Dreams,වාලම්පුරි හෙවත් හීන හතහමාරක්,si,1.2289,2025-04-25,8.0,1
12,1389972,Fearless Queen of the Night,Bojevita kraljica noči,sl,2.6425,2024-10-25,9.0,1
13,1389255,The Stranger in My Home,The Stranger in My Home,en,4.947,2025-06-23,5.607,56
14,1389158,Maa,माँ,hi,2.1356,2025-06-20,6.761,67
15,1388808,Into the Deep,Into the Deep,en,3.8388,2025-01-23,5.863,160
16,1388592,Karoline Augusta Antonsen,Karoline Augusta Antonsen,nb,0.8946,2024-11-10,10.0,3
17,1388496,Grandgear,Grandgear,en,0.8171,2028-02-17,0.0,0
18,1388311,Light,Luz,es,2.3388,,0.0,0
19,1388303,Blood Magick,Blood Magick,en,1.6608,2024-10-26,0.0,0
0,1388106,Out with the Birds,Out with the Birds,en,0.5512,2024-11-07,0.0,0
1,1388057,Arte Povera: Appunti per la storia,Arte Povera: Appunti per la storia,it,0.5222,,0.0,0
2,1387976,Videoheaven,Videoheaven,en,1.1703,2025-07-02,6.333,3
3,1387155,Mahavatar,Mahavatar,hi,1.3053,2027-12-24,0.0,0
4,1387150,A Never Clock,A Never Clock,th,1.0821,2024-11-25,0.0,0
5,1386877,I Am the End of the World,Io sono la fine del mondo,it,2.1147,2025-01-09,5.0,266
6,1386677,Grihostho,গৃহস্থ,bn,1.1978,2025-03-07,0.0,0
7,1386618,Black Panther 3,Black Panther 3,en,2.4317,2028-12-13,0.0,0
8,1386578,My Best Bet,祥賭必贏,cn,1.3785,2025-01-25,4.0,3
9,1386531,Jingle All the Way to Love,Jingle All the Way to Love,en,1.4169,2024-11-01,4.25,4
10,1386403,1950 New York Yankees: The Official World Series Film,1950 New York Yankees: The Official World Series Film,en,0.5562,,0.0,0
11,1386388,Good neighborhood,Good neighborhood,hu,1.1896,2025-07-30,0.0,0
12,1386093,Crawlies,Gusarapos,es,1.7106,2024-11-20,0.0,0
13,1385969,Believe: The Ultimate Battle,"Believe: Takdir, Mimpi, Keberanian",id,1.785,2025-07-24,6.0,4
14,1385933,Animal Crackers 2,Animal Crackers 2,en,0.9879,,0.0,0
15,1385854,Babah,Babah,ms,1.5146,2024-12-05,5.0,1
16,1385389,The Unbearing,The Unbearing,en,1.5189,2024-10-13,5.0,1
17,1385160,ONE 169: Malykhin vs. Reug Reug,ONE 169: Malykhin vs. Reug Reug,en,1.4191,2024-11-09,0.0,0
18,1384789,An Evening with Dua Lipa,An Evening with Dua Lipa,en,1.8948,2024-12-08,8.844,32
19,1384671,Alangu,அலங்கு,ta,1.3757,2024-12-27,0.0,0
0,1406067,The Waiter,The Waiter,en,1.992,2024-12-20,0.0,0
1,1406066,Daniel Sloss: Hubris,Daniel Sloss: Hubris,en,1.1771,2024-12-21,5.6,5
2,1405914,Life in a Fishbowl,Life in a Fishbowl,id,0.7581,,10.0,1
3,1405765,Complicated,Complicated,en,1.4403,2025-02-20,0.0,0
4,1405764,Abomkhulu,Abomkhulu,zu,1.6598,,0.0,0
5,1405751,Coroner to the Stars,Coroner to the Stars,en,1.4427,2025-02-20,0.0,0
6,1405338,Demon City,Demon City 鬼ゴロシ,ja,8.2499,2025-02-26,6.831,356
7,1405329,Beneath Which Rivers Flow,ابراهيم,xx,0.5471,2025-02-18,0.0,0
8,1405007,Lemonade Blessing,Lemonade Blessing,en,1.2533,2025-06-05,7.4,4
9,1404535,Sherlock Holmes: Mare of the Night,Sherlock Holmes: Mare of the Night,en,1.5471,2025-01-24,3.875,8
10,1404366,Edith: Porsche's Volcano Ascent,Edith: Porsche's Volcano Ascent,en,0.9974,2024-12-19,5.3,3
11,1404183,Paul,Paul,fr,1.6865,2025-02-15,5.5,4
12,1403954,PAW Patrol: Jungle Pups,PAW Patrol: Jungle Pups,en,1.3356,2024-09-26,0.0,0
13,1403901,Back to the Family,Apsilankymas namuose,lt,1.065,2025-02-03,0.0,0
14,1403775,"Umjolo: My Beginning, My End!","Umjolo: My Beginning, My End!",zu,2.3303,2025-01-02,7.875,20
15,1403685,Reset Force,重启明日,zh,1.1577,2024-12-18,1.0,1
16,1403344,Cocobanana and the Dinosaurhunt,Cocobanana und die Dinosaurierjagd,no,0.7637,,0.0,0
17,1402694,Hostile Takeover,Hostile Takeover,en,1.66,2024-11-24,0.0,0
18,1402671,Elang,Elang,id,0.703,2025-01-09,0.0,0
19,1402405,Our Money,Unser Geld,de,1.8203,2025-08-28,6.0,1
0,1379143,Butterfly Girl,Ani se nenaděješ a už se jmenuješ,cs,0.4676,2024-10-26,3.0,1
1,1378546,Comment (essayer de) devenir humoriste au Québec,Comment (essayer de) devenir humoriste au Québec,fr,0.7581,2024-10-22,0.0,0
2,1377835,Same Age Younger Sister,동갑내기 여동생,ko,1.7253,2024-10-04,0.0,0
3,1377676,Sudden Outbursts of Emotions,Kenraaliharjoitus,fi,4.6674,2025-03-07,4.4,5
4,1377352,With or Without You,With or Without You,en,1.6777,2025-05-08,5.0,1
5,1376977,Vancity Raps,Vancity Raps,en,1.5955,2024-10-25,10.0,1
6,1376930,Nacimientos Animados: 3,Nacimientos Animados: 3,es,0.7387,2024-10-25,10.0,1
7,1376828,Entropy,Entropia,pl,1.3116,2024-11-17,7.0,1
8,1376437,The Culminating Point,El Punto Cúlmine,es,0.8515,2025-06-20,10.0,2
9,1376146,Hit N Fun,臨時決鬥,cn,1.5765,2025-01-28,6.8,9
10,1375660,Golden Hands,Altın Eller,tr,1.7955,2024-10-07,0.0,0
11,1375520,Shadow's Edge,Shadow's Edge,en,0.8634,2024-11-16,0.0,0
12,1375048,Megalopolis 2,Megalopolis 2,en,0.513,,0.0,0
13,1374514,The Primrose Railway Children,The Primrose Railway Children,en,1.8207,2024-12-01,5.4,7
14,1374418,Bloodline,Bloodline,pl,1.5464,2024-11-15,6.0,1
15,1374289,Trailblazers,Trailblazers,en,1.1156,2024-09-29,0.0,0
16,1374069,Bridge over the Fault Line II,Brug over de breuklijn II,nl,2.0068,2024-10-16,0.0,0
17,1374054,Lauri Markkanen - Suomalainen supertähti,Lauri Markkanen - Suomalainen supertähti,fi,0.464,,0.0,0
18,1373970,Red Shadow over the White House,Opération Trump : Les espions russes à la conquête de l'Amérique,fr,1.3118,2024-10-13,7.2,4
19,1373873,Husband Father Killer: The Alyssa Pladl Story,Husband Father Killer: The Alyssa Pladl Story,en,3.3774,2024-10-19,6.5,10
0,1373800,The Hole,The Hole,en,1.802,2024-11-02,0.0,0
1,1373735,Lupe,Lupe,es,1.3235,,0.0,0
2,1373723,The Codes of War,The Codes of War,en,1.972,2025-03-20,6.2,63
3,1373598,Controluce,Controluce,it,1.5478,2024-11-27,0.0,0
4,1373405,From The Heartland,From The Heartland,da,0.417,,0.0,0
5,1373143,Family Therapy,Terapia familiar,es,2.8623,,0.0,0
6,1372795,Return of the King: The Fall and Rise of Elvis Presley,Return of the King: The Fall and Rise of Elvis Presley,en,3.7835,2024-11-12,7.469,65
7,1372179,Max Roach Double Quartet Stuttgart 1990,Max Roach Double Quartet Stuttgart 1990,en,0.8145,,0.0,0
8,1372059,Ghamasaan,घमासान,hi,5.0021,2024-10-18,8.0,1
9,1371739,The Small Victorian Boy,The Small Victorian Boy,en,1.0165,2024-10-13,0.0,0
10,1371540,Umjolo: The Gone Girl,Umjolo: The Gone Girl,zu,2.6565,2024-11-07,7.673,26
11,1370598,Out of Plain Sight,Out of Plain Sight,en,1.2943,2024-11-16,10.0,2
12,1370373,Der Metzger – Mordstheater,Der Metzger – Mordstheater,de,1.3879,2024-10-12,7.0,1
13,1370190,The Wild Robot Escapes,The Wild Robot Escapes,en,1.9,,0.0,0
14,1369988,All Hallows' Eve: Inferno,All Hallows' Eve: Inferno,en,1.2852,2024-10-01,5.0,15
15,1369907,Mamus,Mamʉs,en,1.523,2024-11-20,0.0,0
16,1369010,Black Showman,ブラック・ショーマン,ja,1.765,2025-09-12,6.6,5
17,1368682,A Round of Applause for Death,A Round of Applause for Death,en,1.0356,2024-11-24,0.0,0
18,1368514,Un incroyable Noël,Un incroyable Noël,en,0.4517,,0.0,0
19,1368447,My Family,根本停不下来,zh,1.3037,2025-05-10,5.1,9
0,1368213,#MissingCouple,#MissingCouple,en,1.264,2024-10-08,5.125,24
1,1367986,Alpe-Adria Underground!,Ali je bilo kaj avantgardnega?,sl,0.883,2025-04-13,10.0,1
2,1367952,Cocote Tonggo,Cocote Tonggo,jv,0.9424,2025-05-15,6.0,3
3,1367758,Broncho Busting in Medora,Broncho Busting in Medora,en,0.5629,,0.0,0
4,1367574,Dakar Sistaz,Dakar Sistaz,cs,0.4455,2025-01-30,0.0,0
5,1367520,Dajori,Dajori,cs,1.7484,2024-11-14,0.0,0
6,1367474,Lucy Letby: The New Evidence,Lucy Letby: The New Evidence,en,1.1231,2024-10-06,0.0,0
7,1366977,Him,Lui,fr,0.6598,2024-10-06,8.5,2
8,1366830,Bornéo,Bornéo,fr,1.7279,2024-10-05,5.0,1
9,1366200,The Girl Who Wasn't Dead,The Girl Who Wasn't Dead,en,1.8423,2024-10-05,5.4,10
10,1366152,IMAGO,IMAGO,fr,2.1762,2024-09-28,0.0,0
11,1366071,Ms. President,Prezidentka,sk,1.2597,2024-10-31,8.2,4
12,1365897,Jochen Otten: Underdog,Jochen Otten: Underdog,nl,0.6332,2024-10-25,0.0,0
13,1365896,DINNER,CENA,es,1.6542,2024-12-12,0.0,0
14,1365854,The Book Club Murders,The Book Club Murders,en,1.1825,2024-10-03,5.7,3
15,1365712,Money Electric: The Bitcoin Mystery,Money Electric: The Bitcoin Mystery,en,2.5208,2024-10-08,5.838,34
16,1365614,No Choice,No Choice,en,1.7843,2025-06-29,7.5,2
17,1365196,Ladybug,Ladybug,en,1.2711,2024-10-28,0.0,0
18,1364818,"Anna Richardson: Love, Loss & Dementia","Anna Richardson: Love, Loss & Dementia",en,1.2498,2024-10-02,0.0,0
19,1364797,Dynamic Duo,Dynamic Duo,en,3.3041,2028-06-29,0.0,0
0,1364730,A Nurse's Revenge,A Nurse's Revenge,en,1.258,2024-10-24,7.5,2
1,1363999,Nighthawk: Maison Margiela Artisanal 2024,Nighthawk,en,1.2573,2024-09-30,0.0,0
2,1363085,冲锋,冲锋,zh,0.411,,0.0,0
3,1362915,A Very Merry Beauty Salon,A Very Merry Beauty Salon,en,1.3833,2024-11-07,6.3,9
4,1362569,Kamen Rider Gotchard GRADUATIONS,仮面ライダーガッチャード GRADUATIONS,ja,2.0208,2025-02-21,7.0,1
5,1362514,House on Eden,House on Eden,en,1.9122,2025-07-25,4.7,54
6,1362348,Vegan,Vegan,en,1.4752,2024-11-26,5.0,1
7,1361365,Nosso Calvário - Lições no meu leito de dor,Nosso Calvário - Lições no meu leito de dor,pt,0.4992,2024-09-20,0.0,0
8,1361184,Dragon Ball DAIMA,Dragon Ball DAIMA,ja,2.3987,2024-11-10,7.719,16
9,1361156,She Taught Me Serendipity,今日の空が一番好き、とまだ言えない僕は,ja,1.2355,2025-04-25,6.393,14
10,1361048,Sweet Bobby: My Catfish Nightmare,Sweet Bobby: My Catfish Nightmare,en,3.1485,2024-10-15,6.718,71
11,1361044,The King of Nothing,Kralj Ničega,sr,1.6124,2024-09-24,0.0,0
12,1360838,Blade of Fury,捉刀人,zh,2.8747,2024-09-28,6.7,24
13,1360798,La Fianza,La Fianza,es,1.57,2024-12-05,0.0,0
14,1360782,Holiday Mismatch,Holiday Mismatch,en,1.6379,2024-11-03,5.64,25
15,1360733,Family Affairs,Verano en diciembre,es,1.0633,2024-11-08,5.529,17
16,1359969,C'est le spectacle de Jérôme Niel,C'est le spectacle de Jérôme Niel,fr,1.1266,2024-11-21,5.1,5
17,1359206,Arsa,Arsa,it,2.1673,2026-12-10,0.0,0
18,1358947,The Most Wonderful Time of the Year,The Most Wonderful Time of the Year,en,3.1773,2024-10-11,5.3,49
19,1358808,Silencios,Silencios,es,1.7734,2024-10-10,1.0,1
0,1358570,Coastal,Coastal,en,1.9481,2025-04-17,0.0,0
1,1358305,A Tooth Fairy Tale,A Tooth Fairy Tale,en,3.6885,2025-05-02,8.576,66
2,1358117,The Short Game,The Short Game,en,0.9388,2025-07-25,0.0,0
3,1358013,Death at a Funeral,Un funeral de locos,es,2.2331,2025-04-11,5.581,62
4,1357938,Jehanne d'Arc,Jehanne d'Arc,en,1.3259,2028-11-22,0.0,0
5,1357933,The Cellar,The Cellar,en,1.8103,2024-10-06,6.618,17
6,1357633,Solo Leveling -ReAwakening-,俺だけレベルアップな件 -ReAwakening-,ja,16.8163,2024-11-26,7.2,284
7,1357603,Skinamarinki-doo Part II,Skinamarinki-doo Part II,en,0.679,,0.0,0
8,1357295,Malice,恶意,zh,1.1745,2025-06-27,6.6,9
9,1356641,MisinfoNation: The Lost Left,MisinfoNation: The Lost Left,en,0.8895,2024-09-22,0.0,0
10,1356119,"Christopher Reeve, Superman Forever",Christopher Reeve : Le Superman éternel,fr,1.9639,2024-09-28,8.6,8
11,1356049,Who's Watching,Who's Watching,en,2.0045,2024-10-02,6.0,2
12,1356014,The Hidden Chamber 309,皮皮鲁和鲁西西之309暗室,zh,1.097,2025-07-05,0.0,0
13,1355561,The Mood Swing,The Mood Swing,en,0.7637,,0.0,0
14,1355290,The View From on High,The View From on High,en,0.6106,2024-11-21,0.0,0
15,1355139,"La Tahzan: Cinta, Dosa, Luka...","La Tahzan: Cinta, Dosa, Luka...",id,2.3903,2025-08-14,6.9,7
16,1354701,CUP PHONE,CUP PHONE,en,1.2643,,0.0,0
17,1354600,Whitewash,Whitewash,en,1.6533,2024-09-30,0.0,0
18,1354571,American Cuck,American Cuck,en,1.7925,,0.0,0
19,1354550,HIKARU UTADA SCIENCE FICTION TOUR 2024,HIKARU UTADA SCIENCE FICTION TOUR 2024,ja,1.2188,2024-11-20,10.0,2
0,1354441,The Hacienda: Return of the Damned,La hacienda: El regreso de los malditos,es,1.5027,2025-03-09,4.2,4
1,1353472,Lucky Star,Lucky Star,en,1.199,2024-09-28,10.0,1
2,1353186,Anamorfoza,Anamorfoza,pl,0.4556,,0.0,0
3,1352774,Piglet,Piglet,en,2.641,2025-05-29,6.153,59
4,1352504,That Person Has Disappeared,あの人が消えた,ja,1.3437,2024-09-20,7.0,4
5,1352343,3 Obás de Xangô,3 Obás de Xangô,pt,1.4902,2025-08-03,0.0,0
6,1352077,Verhängnisvolle Leidenschaft Sylt,Verhängnisvolle Leidenschaft Sylt,de,1.1346,2025-01-31,3.7,3
7,1352026,National Theatre Live: The Importance of Being Earnest,National Theatre Live: The Importance of Being Earnest,en,1.8607,2025-02-20,8.0,7
8,1351859,Earthbound,Να θυμάσαι ότι πατάς στη Γη,el,1.3257,2024-10-31,0.0,0
9,1351083,By Hand,손으로,ko,0.6203,2024-10-05,0.0,0
10,1351082,The Dream with Sofa,소파가 있는 꿈,ko,1.2079,2024-10-06,4.0,1
11,1351080,Variation,변주곡,ko,1.0206,2024-10-05,0.0,0
12,1351079,MICHELLE,미쉘,ko,1.2998,2024-10-06,0.0,0
13,1351040,Every Single Dot,모든 점,ko,0.4396,2024-10-06,0.0,0
14,1350237,Save the Game,세이브 더 게임,ko,0.5499,2024-10-05,0.0,0
15,1346633,Tanizaki Junichiro on Japanese Aesthetics - In Praise of Shadows,Tanizaki Junichiro on Japanese Aesthetics - In Praise of Shadows,en,0.7116,,0.0,0
16,1346509,Le monde dans un tableau : le peigne du Caravage,Le monde dans un tableau : le peigne du Caravage,sv,0.546,,0.0,0
17,1342268,Curious Caterer: Forbidden Fruit,Curious Caterer: Forbidden Fruit,en,1.9386,2024-10-11,7.533,15
18,1340628,The Turnaround,The Turnaround,en,1.7553,2024-10-18,7.154,13
19,1340612,Nobu,Nobu,en,1.4674,2025-06-27,6.2,2
0,1374514,The Primrose Railway Children,The Primrose Railway Children,en,1.8207,2024-12-01,5.4,7
1,1374418,Bloodline,Bloodline,pl,1.5464,2024-11-15,6.0,1
2,1374289,Trailblazers,Trailblazers,en,1.1156,2024-09-29,0.0,0
3,1374069,Bridge over the Fault Line II,Brug over de breuklijn II,nl,2.0068,2024-10-16,0.0,0
4,1374054,Lauri Markkanen - Suomalainen supertähti,Lauri Markkanen - Suomalainen supertähti,fi,0.464,,0.0,0
5,1373970,Red Shadow over the White House,Opération Trump : Les espions russes à la conquête de l'Amérique,fr,1.3118,2024-10-13,7.2,4
6,1373873,Husband Father Killer: The Alyssa Pladl Story,Husband Father Killer: The Alyssa Pladl Story,en,3.3774,2024-10-19,6.5,10
7,1373800,The Hole,The Hole,en,1.802,2024-11-02,0.0,0
8,1373735,Lupe,Lupe,es,1.3235,,0.0,0
9,1373723,The Codes of War,The Codes of War,en,1.972,2025-03-20,6.2,63
10,1373598,Controluce,Controluce,it,1.5478,2024-11-27,0.0,0
11,1373405,From The Heartland,From The Heartland,da,0.417,,0.0,0
12,1373143,Family Therapy,Terapia familiar,es,2.8623,,0.0,0
13,1372795,Return of the King: The Fall and Rise of Elvis Presley,Return of the King: The Fall and Rise of Elvis Presley,en,3.7835,2024-11-12,7.469,65
14,1372179,Max Roach Double Quartet Stuttgart 1990,Max Roach Double Quartet Stuttgart 1990,en,0.8145,,0.0,0
15,1372059,Ghamasaan,घमासान,hi,5.0021,2024-10-18,8.0,1
16,1371739,The Small Victorian Boy,The Small Victorian Boy,en,1.0165,2024-10-13,0.0,0
17,1371540,Umjolo: The Gone Girl,Umjolo: The Gone Girl,zu,2.6565,2024-11-07,7.673,26
18,1370598,Out of Plain Sight,Out of Plain Sight,en,1.2943,2024-11-16,10.0,2
19,1370373,Der Metzger – Mordstheater,Der Metzger – Mordstheater,de,1.3879,2024-10-12,7.0,1
0,1328862,1st Kiss,ファーストキス 1ST KISS,ja,2.6044,2025-02-07,7.241,29
1,1327872,Frozen: The Hit Broadway Musical,Frozen: The Hit Broadway Musical,en,3.3162,2025-06-20,7.735,49
2,1327821,Incredibles 3,Incredibles 3,en,4.0919,2028-06-14,0.0,0
3,1327683,Not Like Dad 2: Granddad,Батя 2: Дед,ru,1.7031,2025-04-03,6.4,10
4,1326358,Gatekeepers,Gatekeepers,en,1.4326,2024-10-22,0.0,0
5,1325870,Autumn at Apple Hill,Autumn at Apple Hill,en,1.498,2024-10-05,8.1,17
6,1325568,A Thousand Cuts,A Thousand Cuts,en,1.3422,2024-09-21,5.0,3
7,1325350,Look to the Land,Look to the Land,en,0.5938,,0.0,0
8,1324224,Late Blasphemy,გვიანი გმობა,ka,0.871,,10.0,1
9,1323437,BRAINBUGS,BRAINBUGS,en,1.6038,2025-07-19,0.0,1
10,1323008,My Beloved Stranger,知らないカノジョ,ja,1.896,2025-02-28,6.7,14
11,1322790,Fanny,Fanny,fr,1.0419,2025-05-09,8.0,2
12,1322218,Mononoke the Movie: Chapter II - The Ashes of Rage,劇場版モノノ怪 第二章 火鼠,ja,4.6583,2025-03-14,7.329,35
13,1321491,The Banished,The Banished,en,4.644,2025-07-18,4.431,29
14,1321412,Ride Away,À bicyclette !,fr,2.8433,2025-02-26,7.1,113
15,1320810,Boong,Boong,hi,2.0211,2025-09-19,8.0,4
16,1320752,Gangers,கேங்கர்ஸ்,ta,1.0284,2025-04-24,6.0,8
17,1320480,"Miyazaki, Spirit of Nature","Miyazaki, l'esprit de la nature",fr,2.9879,2025-05-09,7.833,3
18,1320353,My Girl,Моя девочка,ru,2.6757,2024-11-21,10.0,1
19,1320303,Since Yesterday: The Untold Story of Scotland's Girl Bands,Since Yesterday: The Untold Story of Scotland's Girl Bands,en,0.5829,2024-10-18,0.0,0
0,1365897,Jochen Otten: Underdog,Jochen Otten: Underdog,nl,0.6332,2024-10-25,0.0,0
1,1365896,DINNER,CENA,es,1.6542,2024-12-12,0.0,0
2,1365854,The Book Club Murders,The Book Club Murders,en,1.1825,2024-10-03,5.7,3
3,1365712,Money Electric: The Bitcoin Mystery,Money Electric: The Bitcoin Mystery,en,2.5208,2024-10-08,5.838,34
4,1365614,No Choice,No Choice,en,1.7843,2025-06-29,7.5,2
5,1365196,Ladybug,Ladybug,en,1.2711,2024-10-28,0.0,0
6,1364818,"Anna Richardson: Love, Loss & Dementia","Anna Richardson: Love, Loss & Dementia",en,1.2498,2024-10-02,0.0,0
7,1364797,Dynamic Duo,Dynamic Duo,en,3.3041,2028-06-29,0.0,0
8,1364730,A Nurse's Revenge,A Nurse's Revenge,en,1.258,2024-10-24,7.5,2
9,1363999,Nighthawk: Maison Margiela Artisanal 2024,Nighthawk,en,1.2573,2024-09-30,0.0,0
10,1363085,冲锋,冲锋,zh,0.411,,0.0,0
11,1362915,A Very Merry Beauty Salon,A Very Merry Beauty Salon,en,1.3833,2024-11-07,6.3,9
12,1362569,Kamen Rider Gotchard GRADUATIONS,仮面ライダーガッチャード GRADUATIONS,ja,2.0208,2025-02-21,7.0,1
13,1362514,House on Eden,House on Eden,en,1.9122,2025-07-25,4.7,54
14,1362348,Vegan,Vegan,en,1.4752,2024-11-26,5.0,1
15,1361365,Nosso Calvário - Lições no meu leito de dor,Nosso Calvário - Lições no meu leito de dor,pt,0.4992,2024-09-20,0.0,0
16,1361184,Dragon Ball DAIMA,Dragon Ball DAIMA,ja,2.3987,2024-11-10,7.719,16
17,1361156,She Taught Me Serendipity,今日の空が一番好き、とまだ言えない僕は,ja,1.2355,2025-04-25,6.393,14
18,1361048,Sweet Bobby: My Catfish Nightmare,Sweet Bobby: My Catfish Nightmare,en,3.1485,2024-10-15,6.718,71
19,1361044,The King of Nothing,Kralj Ničega,sr,1.6124,2024-09-24,0.0,0
0,1311660,Amongst the Wolves,Amongst the Wolves,en,1.1031,2025-05-02,5.7,13
1,1311649,Son of Sardaar 2,सन ऑफ़ सरदार २,hi,1.8762,2025-08-01,4.4,15
2,1310871,The Cavern Crimes,La huella del mal,es,2.1365,2025-04-04,5.9,48
3,1310850,Song of the Hands,El canto de las manos,es,0.8345,2025-03-21,0.0,0
4,1310575,Untitled Harmony Korine Comedy,Untitled Harmony Korine Comedy,en,0.8088,,0.0,0
5,1309126,The Garden of Earthly Delights,The Garden of Earthly Delights,tl,3.5701,2025-05-29,8.5,1
6,1309012,Altered,Altered,en,6.3382,2025-09-18,5.6,137
7,1307516,También esto pasará,También esto pasará,es,1.3259,2025-05-09,6.0,9
8,1307397,Always Have Always Will,天堂旅行团,zh,1.2127,2025-03-08,9.0,4
9,1307232,Alien Horde,Alien Horde,en,1.0048,,0.0,0
10,1307082,Fallon,Fallon,en,1.1768,,0.0,0
11,1306764,Outside,Outside,tl,4.8898,2024-10-16,6.109,170
12,1305717,Hunting Grounds,Hunting Grounds,en,5.1296,2025-05-16,6.845,129
13,1305368,bluish,azulado,es,1.9505,2024-10-04,0.0,0
14,1304800,The Lion King at the Hollywood Bowl,The Lion King at the Hollywood Bowl,en,6.9393,2025-02-06,7.283,23
15,1304729,Karol G en el Festival Viña del Mar,Karol G en el Festival Viña del Mar,es,1.1829,,0.0,0
16,1304625,Bear Claw Camp,Campamento Garra de Oso,es,2.586,2025-08-29,5.438,8
17,1304457,Beautiful!,Przepiękne!,pl,1.3848,2025-03-07,6.444,9
18,1303613,Deaf,Sorda,es,5.1052,2025-04-04,7.218,108
19,1303232,The Academy,Die Akademie,de,1.4229,2025-03-20,5.667,6
0,1303227,Another German Tank Story,Another German Tank Story,de,1.3413,2025-04-10,5.6,5
1,1303055,A Breed Apart,A Breed Apart,en,3.4211,2025-05-16,5.313,40
2,1303034,Happy Birthday,عيد ميلاد سعيد,ar,1.787,2025-09-17,0.0,0
3,1302141,火线干探之革命,火线干探之革命,zh,0.4221,,0.0,0
4,1301844,Belén,Belén,es,3.7021,2025-09-18,7.388,58
5,1301573,Sexploration - How Do I Really Want It?,Sexploration - Wie Will Ich‘s Wirklich?,de,1.0224,2025-04-11,0.0,0
6,1300769,Say a Little Prayer,Say a Little Prayer,en,1.9571,2024-11-21,0.0,0
7,1300607,Lucca's World,Los dos hemisferios de Lucca,es,6.0938,2025-01-30,7.349,192
8,1300426,His Body,E Seu Corpo É Belo,pt,1.4011,2024-10-04,0.0,0
9,1300258,Prison,Haps,de,1.7039,2025-03-27,0.0,0
10,1299780,Les Artifices,Les Artifices,fr,1.7717,,0.0,0
11,1299758,La fuga dei folli,La fuga dei folli,it,0.7036,2024-12-01,0.0,0
12,1299372,The Wailing,El llanto,es,3.788,2024-10-25,5.965,129
13,1299041,Danowski - Neunauge,Danowski - Neunauge,de,0.9485,2025-03-09,0.0,0
14,1298718,Peng Hu,澎湖海战,zh,1.1793,,0.0,0
15,1298710,Concorde : La Techno d'un avion hors norme,Concorde : La Techno d'un avion hors norme,fr,1.2462,2025-05-22,8.0,2
16,1297307,O Carnaval é de Pelé,O Carnaval é de Pelé,pt,1.0759,2025-03-21,10.0,1
17,1297232,Father's Day,Father's Day,zu,0.4659,,0.0,0
18,1297181,Madharaasi,மதராஸி,ta,2.1935,2025-09-04,6.9,31
19,1297002,The Hungarian Dressmaker,Ema a smrtihlav,sk,2.1172,2024-09-26,6.8,6
0,1296504,Stand Your Ground,Stand Your Ground,en,3.5613,2025-05-09,4.473,73
1,1296112,Goufdé,Goufdé,ff,1.1759,,0.0,0
2,1295814,A Capsule for Robin,A Capsule for Robin,en,1.0078,,0.0,0
3,1295475,Alzarfa,الزرفة,ar,1.3618,2025-07-01,6.7,3
4,1295218,Kanata Slumber,Kanata Slumber,en,1.444,,0.0,0
5,1293858,Adam's Sake,L'Intérêt d'Adam,fr,1.9374,2025-09-17,6.8,37
6,1293700,The Fast And The Furious: GTA Edition,The Fast And The Furious: GTA Edition,en,0.5296,,4.0,1
7,1291904,Mouse of Horrors,Mouse of Horrors,en,1.3156,2025-01-25,4.556,18
8,1290954,Rekhachithram,രേഖാചിത്രം,ml,1.6059,2025-01-09,6.923,39
9,1290595,Tim Travers and the Time Traveler's Paradox,Tim Travers and the Time Traveler's Paradox,en,2.6109,2025-05-30,5.69,21
10,1290275,Blue Fiddle,Fidil Ghorm,ga,0.9866,2025-02-21,0.0,0
11,1290273,Kathleen Is Here,Kathleen Is Here,en,1.2009,2024-10-18,0.0,0
12,1290218,Painkili,പൈങ്കിളി,ml,1.1357,2025-02-14,5.409,22
13,1290205,Flat Girls,แฟลตเกิร์ล ชั้นห่างระหว่าง เ ร า,th,2.281,2025-02-06,7.1,19
14,1290190,Lokah Chapter 1: Chandra,ലോകഃ Chapter 1: ചന്ദ്ര,ml,3.8241,2025-08-28,7.3,68
15,1289456,L'homme qui avait peur des femmes,L'homme qui avait peur des femmes,fr,0.6576,,0.0,0
16,1289088,Happy Monday(s),สวัสดีวันจันทร์(ส),th,1.1321,2025-02-20,6.0,5
17,1288890,The Last Man on Earth,Ostatni Człowiek na Ziemi,en,1.0878,2024-10-17,0.0,0
18,1288764,Oscar Wilde About America,Oscar Wilde About America,en,1.3082,2025-01-15,0.0,0
19,1288748,Cactus Pears,साबर बोंडं,mr,1.6658,2025-09-19,8.1,10
0,1288211,The Great Beyond,The Great Beyond,en,3.6923,2027-09-29,0.0,0
1,1288175,Rider,ไรเดอร์,th,1.3216,2024-12-10,6.636,11
2,1288013,Tuntenporno: Fisting,Tuntenporno: Fisting,en,0.614,,0.0,0
3,1287842,The Dead Thing,The Dead Thing,en,1.5649,2025-02-14,5.63,23
4,1286929,Mirroring Michael Jackson,Mirroring Michael Jackson,en,1.0134,,0.0,0
5,1286444,BoBoiBoy Movie 3: Ghost of Gur'latan,BoBoiBoy Movie 3: Ghost of Gur'latan,ms,1.3603,,0.0,0
6,1286284,Bolehkah Sekali Saja Kumenangis,Bolehkah Sekali Saja Kumenangis,id,1.4013,2024-10-17,6.5,4
7,1286264,Perayaan Mati Rasa,Perayaan Mati Rasa,id,1.4227,2025-01-29,7.167,12
8,1285660,Son of a Rich,Şımarık,tr,3.3982,2024-12-20,5.625,20
9,1284514,A Nun in the City,Doux Jésus,fr,2.2098,2025-04-09,5.585,53
10,1284484,Marius & The Treasure Hunters,Marius et les Gardiens de la Cité Phocéenne,fr,0.9638,2025-07-09,4.625,16
11,1284241,Run to You,전력질주,ko,1.5625,2025-09-10,5.0,3
12,1283816,How Could I Live Without You?,Hogyan tudnék élni nélküled?,hu,1.7847,2024-12-12,7.9,15
13,1283492,The Dark Domain: Mickey-vs-Winnie,The Dark Domain: Mickey-vs-Winnie,en,1.4498,,0.0,0
14,1283192,The Red Planet Immigrant,The Red Planet Immigrant,en,1.2782,,0.0,0
15,1281869,Axiland,Axiland,en,0.7019,2025-12-05,0.0,0
16,1280997,Cinnamon,Cinnamon,en,1.7291,,0.0,0
17,1280984,Báite,Báite,ga,1.0231,2025-07-09,0.0,0
18,1280608,Evil Dead Wrath,Evil Dead Wrath,en,2.6959,2028-04-05,0.0,0
19,1280095,Satan's Slaves 3: Origin,Pengabdi Setan 3: Origin,id,1.9802,,0.0,0
0,1279947,Sunray: Fallen Soldier,Sunray: Fallen Soldier,en,3.3258,2025-01-24,6.2,59
1,1279788,Nintama Rantarō: Invincible Master of the Dokutake Ninja,劇場版 忍たま乱太郎 ドクタケ忍者隊最強の軍師,ja,4.0836,2024-12-20,7.6,5
2,1278797,A Entrega,A Entrega,pt,1.8908,2025-05-15,0.0,0
3,1278762,Trillion Game,劇場版 トリリオンゲーム,ja,2.0991,2025-02-14,6.0,6
4,1276261,Bare Hands,Mani nude,it,2.4686,2025-06-05,6.5,21
5,1276089,A Few Hours in One Day,بضع ساعات في يوم ما,ar,1.6322,2024-12-25,5.5,6
6,1276011,The Thinking Game,The Thinking Game,en,1.3368,2025-03-21,7.457,23
7,1275672,Rosamunde Pilcher: Jahrestag,Rosamunde Pilcher: Jahrestag,de,0.9333,2025-01-12,5.5,2
8,1275116,Once Upon A Love Story,Ngày Xưa Có Một Chuyện Tình,vi,1.7797,2024-10-25,5.0,2
9,1273472,Honey Money Phony,“骗骗”喜欢你,zh,1.7243,2024-12-20,6.1,19
10,1273330,Oksana,Oksana,en,1.3838,,0.0,0
11,1273049,Dragon,டிராகன்,ta,2.7849,2025-02-21,7.356,52
12,1271981,Before What Comes After,Le Dernier souffle,fr,1.7719,2025-02-01,5.9,28
13,1271673,Devil's Play,Devil's Play,en,1.4392,2025-02-23,5.5,2
14,1271528,Bad Tidings,Bad Tidings,en,1.711,2024-12-22,6.5,22
15,1268429,Desire Lines,Linije želje,sh,1.791,2025-08-12,0.0,0
16,1267905,The Roses,The Roses,en,17.7204,2025-08-27,6.641,777
17,1267113,O Voo do Anjo,O Voo do Anjo,pt,1.0193,2024-10-24,0.0,0
18,1266805,The Musicians,Les Musiciens,fr,1.6307,2025-05-07,6.4,53
19,1265307,War and Music,Война и музыка,ru,1.2829,2025-02-06,8.5,1
0,1265200,Korvesta Korkeasaareen,Korvesta Korkeasaareen,fi,1.1175,,0.0,0
1,1265138,Taisteleva Unkari,Taisteleva Unkari,fi,0.4894,,0.0,0
2,1263665,Usuku lwam,Usuku lwam,fr,1.9365,,0.0,0
3,1263384,Showgirls 2: The Cut,Showgirls 2: The Cut,en,0.8711,,0.0,0
4,1263189,Deprivation,통잠,ko,0.7269,2025-02-28,5.0,2
5,1262693,Solovei vs. Muromets,Соловей против Муромца,ru,1.4729,2025-05-22,4.0,2
6,1261822,Some Memory Lost,Some Memory Lost,en,1.0156,,0.0,0
7,1261605,Princes of Saint-Tropez,Comme des riches,fr,1.8126,2025-07-23,3.4,9
8,1261125,Thudarum,തുടരും,ml,2.0407,2025-04-23,7.3,45
9,1261050,The Quiet Ones,De lydløse,da,3.7476,2024-10-31,5.8,80
10,1260572,River Sunset,长河落日,zh,0.8566,,0.0,0
11,1259906,Hantsu,Hantsu,en,0.478,,0.0,0
12,1259024,Good Bad Ugly,குட் பேட் அக்லி,ta,2.0575,2025-04-09,5.9,31
13,1257960,Sikandar,सिकंदर,hi,3.1331,2025-03-29,4.884,69
14,1257179,سقف الوالد,سقف الوالد,ar,0.9142,,0.0,0
15,1256360,Kronprinsen och tyrannens återkomst,Kronprinsen och tyrannens återkomst,sv,1.2112,2025-02-07,6.571,7
16,1255783,Black to the Future,Le Grand déplacement,fr,1.5406,2025-06-25,4.829,41
17,1254624,Night Always Comes,Night Always Comes,en,9.6395,2025-08-15,6.087,298
18,1253971,Cunk on Life,Cunk on Life,en,5.4193,2024-12-05,7.393,206
19,1252309,Tell Me What You Want,Pídeme lo que quieras,es,13.6176,2024-11-29,6.1,317
0,1251717,Vicious,Vicious,en,6.4865,2025-08-06,6.04,301
1,1251145,Do I Know You From Somewhere?,Do I Know You From Somewhere?,en,0.9915,2025-05-30,6.5,2
2,1250239,En vit gata,En vit gata,sv,0.449,,0.0,0
3,1249926,Ghaati,ఘాటి,te,1.046,2025-09-04,4.8,4
4,1249385,Ghost Game,Ghost Game,en,3.2904,2024-10-18,4.214,35
5,1249289,Alarum,Alarum,en,8.0004,2025-01-16,5.586,417
6,1249213,Drop,Drop,en,12.5101,2025-04-07,6.3,961
7,1247812,The Companion,The Companion,en,1.3455,,0.0,0
8,1247548,Enter Shikari: Live At AB,Enter Shikari: Live At AB,en,0.7043,,0.0,0
9,1246685,Fisherman's Burden,Fisherman's Burden,ka,0.6804,2024-11-15,0.0,0
10,1245571,Alappuzha Gymkhana,ആലപ്പുഴ ജിംഖാന,ml,1.6925,2025-04-10,6.6,29
11,1245562,The Lost Tiger,The Lost Tiger,en,2.7827,2025-02-27,6.6,5
12,1245347,Twinless,Twinless,en,5.6519,2025-09-04,7.21,186
13,1245165,Graduation Trip: Mallorca,Viaje de fin de curso: Mallorca,es,4.478,2025-05-30,5.625,60
14,1244975,The Orphans,Les Orphelins,fr,4.3199,2025-08-20,6.6,108
15,1244944,The Woman in the Yard,The Woman in the Yard,en,6.0857,2025-03-27,5.63,486
16,1244809,White Blast,폭설,ko,0.7891,,0.0,0
17,1244078,The Pianist's Choice,Le Choix du pianiste,fr,1.51,2025-01-29,6.0,4
18,1242013,Fearless,Fearless,en,1.7464,2025-06-20,0.0,0
19,1241924,The Dumpling Queen,水饺皇后,zh,2.0258,2025-04-30,6.8,17
0,1241726,Candlewood,Candlewood,en,0.9391,2025-03-06,5.563,8
1,1241634,Saiyaara,सैयारा,hi,5.1669,2025-07-18,6.427,151
2,1241624,Ghost Train,괴기열차,ko,7.079,2025-07-09,7.3,151
3,1240409,9 Lives,9 Lives,en,2.3131,2024-10-03,0.0,0
4,1240149,Texas Chainsaw Legacy,Texas Chainsaw Legacy,en,0.6585,,0.0,0
5,1240099,Lesvia,Λεσβία,el,1.2586,2025-04-01,6.5,2
6,1239478,Beginnings,Begyndelser,da,1.9128,2025-06-27,6.8,16
7,1238514,Planned Sequel to Nefarious,Planned Sequel to Nefarious,en,1.1143,,0.0,0
8,1238200,No Instructions,Sin instrucciones,es,1.2873,2024-12-25,6.922,64
9,1237865,2 SIDES,2 SIDES,en,0.5883,,0.0,0
10,1236204,Birthrite,Birthrite,en,2.0138,2025-08-08,3.8,29
11,1235880,Nine-Ring Golden Dagger,挡马夺刀,zh,1.9033,2025-05-20,7.0,17
12,1235714,Abendland,Abendland,de,2.023,2024-12-05,5.0,2
13,1235502,Pimp My Bride,L'heureuse élue,fr,2.5831,2024-09-25,5.1,76
14,1235499,The Last Showgirl,The Last Showgirl,en,6.6065,2024-12-13,6.429,315
15,1235424,Pui Pui Molcar the Movie: MOLMAX,PUI PUI モルカー ザ・ムービー MOLMAX,ja,2.2379,2024-11-29,4.5,2
16,1235304,Colours of Time,La Venue de l'avenir,fr,5.8724,2025-05-22,7.4,292
17,1234811,Our Little Secret,Our Little Secret,en,3.0294,2024-11-27,6.219,598
18,1234054,Rafadan Tayfa: Gordion,Rafadan Tayfa: Gordion,tr,6.4694,,0.0,0
19,1233620,Winner Takes the Cake,"¡Qué Huevos, Sofía!",es,2.7446,2025-02-27,8.465,43
0,1233094,Fine Young Men,Hombres integros,es,3.8701,2025-05-23,6.0,4
1,1233069,Exterritorial,Exterritorial,de,10.6096,2025-04-29,6.597,679
2,1232933,Fear Below,Fear Below,en,4.3742,2025-05-02,6.147,187
3,1232493,No Other Land,لا أرض أخرى,ar,3.9387,2024-11-01,8.0,345
4,1232346,Afterwar,Afterwar,sq,1.7421,2024-09-26,0.0,0
5,1232076,Modern Whore,Modern Whore,en,2.905,2025-09-05,4.8,10
6,1231838,A Play,A Play,pl,0.4521,,0.0,0
7,1230208,Squad 36,Bastion 36,fr,6.8496,2025-02-27,6.2,192
8,1227393,Bhoomika,Bhoomika,en,0.7336,,0.0,0
9,1226777,Eephus,Eephus,en,1.8781,2025-01-01,6.939,41
10,1226661,Women's Expectations,L'Attente Des Femmes,ar,1.1937,,3.0,3
11,1226572,Superboys of Malegaon,सुपरबॉय्ज़ ऑफ मालेगाँव,hi,4.9525,2025-02-27,7.583,54
12,1226406,Love Hurts,Love Hurts,en,10.6741,2025-02-06,5.671,417
13,1226354,Param Sundari,परम सुंदरी,hi,1.5351,2025-08-29,5.522,23
14,1225265,Big Tujunga Canyon Rd,Big Tujunga Canyon Rd,en,0.8094,2024-12-25,0.0,0
15,1225202,Round the Decay,Round the Decay,en,1.3395,2025-01-31,5.8,5
16,1225176,"懦弱的男友,害可爱的女友在公车上被轮奸","懦弱的男友,害可爱的女友在公车上被轮奸",zh,0.5118,,0.0,0
17,1224993,Dark Nuns,검은 수녀들,ko,76.8393,2025-01-24,6.2,95
18,1223690,Pretty Thing,Pretty Thing,en,3.8783,2025-07-03,5.525,40
19,1223258,Sådan draeber du en Sky,Sådan draeber du en Sky,da,0.6056,,0.0,0
0,1284241,Run to You,전력질주,ko,1.5625,2025-09-10,5.0,3
1,1283816,How Could I Live Without You?,Hogyan tudnék élni nélküled?,hu,1.7847,2024-12-12,7.9,15
2,1283492,The Dark Domain: Mickey-vs-Winnie,The Dark Domain: Mickey-vs-Winnie,en,1.4498,,0.0,0
3,1283192,The Red Planet Immigrant,The Red Planet Immigrant,en,1.2782,,0.0,0
4,1281869,Axiland,Axiland,en,0.7019,2025-12-05,0.0,0
5,1280997,Cinnamon,Cinnamon,en,1.7291,,0.0,0
6,1280984,Báite,Báite,ga,1.0231,2025-07-09,0.0,0
7,1280608,Evil Dead Wrath,Evil Dead Wrath,en,2.6959,2028-04-05,0.0,0
8,1280095,Satan's Slaves 3: Origin,Pengabdi Setan 3: Origin,id,1.9802,,0.0,0
9,1279947,Sunray: Fallen Soldier,Sunray: Fallen Soldier,en,3.3258,2025-01-24,6.2,59
10,1279788,Nintama Rantarō: Invincible Master of the Dokutake Ninja,劇場版 忍たま乱太郎 ドクタケ忍者隊最強の軍師,ja,4.0836,2024-12-20,7.6,5
11,1278797,A Entrega,A Entrega,pt,1.8908,2025-05-15,0.0,0
12,1278762,Trillion Game,劇場版 トリリオンゲーム,ja,2.0991,2025-02-14,6.0,6
13,1276261,Bare Hands,Mani nude,it,2.4686,2025-06-05,6.5,21
14,1276089,A Few Hours in One Day,بضع ساعات في يوم ما,ar,1.6322,2024-12-25,5.5,6
15,1276011,The Thinking Game,The Thinking Game,en,1.3368,2025-03-21,7.457,23
16,1275672,Rosamunde Pilcher: Jahrestag,Rosamunde Pilcher: Jahrestag,de,0.9333,2025-01-12,5.5,2
17,1275116,Once Upon A Love Story,Ngày Xưa Có Một Chuyện Tình,vi,1.7797,2024-10-25,5.0,2
18,1273472,Honey Money Phony,“骗骗”喜欢你,zh,1.7243,2024-12-20,6.1,19
19,1273330,Oksana,Oksana,en,1.3838,,0.0,0
0,1214140,Monster Island,Orang Ikan,en,10.6015,2025-05-08,6.2,127
1,1213866,Loveyapa,लवयापा,hi,1.3338,2025-02-07,4.917,12
2,1212121,Latin Blood – The Ballad of Ney Matogrosso,Homem com H,pt,2.7454,2025-05-01,8.0,150
3,1211897,Hodja Nasreddin,Ходжа Насреддин,ru,0.9827,,0.0,0
4,1210938,Revelations,계시록,ko,6.8238,2025-03-20,6.4,220
5,1210794,Trouble,Strul,sv,4.203,2024-10-02,6.728,219
6,1210043,Naruto,Naruto,en,3.0704,,0.0,0
7,1208983,Neighborhood Watch,Neighborhood Watch,en,3.6002,2025-04-25,6.232,149
8,1208735,Thandel,తండేల్,te,1.8471,2025-02-07,6.188,16
9,1208695,The Rules of Art,Les Règles de l'art,fr,1.6548,2025-04-30,5.944,27
10,1208656,Seelenlandschaften Schottland,Seelenlandschaften Schottland,de,0.8957,,0.0,0
11,1208002,The Prodigy,The Prodigy,en,1.0388,2024-09-30,0.0,0
12,1207627,Leonora in the Morning Light,Leonora im Morgenlicht,de,1.2706,2025-07-17,10.0,2
13,1206969,Dead Man's Switch,Arillo de hombre muerto,es,1.9851,2025-03-20,7.0,2
14,1206671,Mongrel,白衣蒼狗,zh,1.2413,2025-01-26,8.0,2
15,1205892,Behind the Shadows,私家偵探,cn,1.6419,2025-05-31,6.25,12
16,1205679,Buenas noches,Buenas noches,es,0.7592,2025-02-27,6.0,2
17,1205648,No One Will Know,Le Roi Soleil,fr,1.9982,2025-08-27,5.925,53
18,1205177,Cottonmouth,Cottonmouth,en,1.6404,2025-06-07,5.333,3
19,1204886,The Noisy Mansion,백수아파트,ko,2.2492,2025-02-26,6.6,15
0,1204077,Focail Baile Croí,Focail Baile Croí,ga,0.8804,,0.0,0
1,1203351,Dawgz,Perros,de,1.088,,0.0,0
2,1203307,Hiding Saddam Hussein,Han gjemte Saddam Hussein – Jakten på verdens mest etterlyste mann,ar,1.1062,2023-11-23,7.0,2
3,1203304,Two Neighbors,Two Neighbors,en,1.4749,2025-08-15,10.0,1
4,1202479,Opus,Opus,en,4.7229,2025-03-13,5.6,247
5,1202411,Chhankata 2007,Chhankata 2007,en,0.4651,,0.0,0
6,1202235,Daaku Maharaaj,డాకు మహారాజ్‌,te,1.9719,2025-01-12,5.5,20
7,1201816,Executive Protection,Executive Protection,en,0.4495,,0.0,0
8,1200801,F Marry Kill,F Marry Kill,en,5.3023,2025-03-06,6.063,104
9,1200790,KODE 코드,KODE 코드,pt,0.4303,,0.0,0
10,1200277,You Are Not Alone,Vous n’êtes pas seuls,fr,1.1649,2024-12-12,7.0,2
11,1199294,Robin and the Hoods,Robin and the Hoods,en,2.5265,2024-10-17,3.2,5
12,1198877,The Body,Il corpo,it,3.7382,2024-11-28,6.527,132
13,1198519,So eine Frau,So eine Frau,de,0.6946,,0.0,0
14,1198288,Snorp: My Alien Friend,Ждун,ru,4.0544,2025-03-20,5.5,7
15,1197918,Kovács András Péter - Anyósülés,Kovács András Péter - Anyósülés,hu,0.5484,,0.0,0
16,1197785,Kira Flowers - Albush,Kira Flowers - Albush,en,0.9785,,0.0,0
17,1197619,Lost on a Mountain in Maine,Lost on a Mountain in Maine,en,4.0977,2024-11-01,6.93,129
18,1197437,The Hutong Cowboy,爆款好人,zh,1.3872,2024-10-01,5.8,13
19,1194963,Noise,노이즈,ko,4.3278,2025-06-25,6.6,104
0,1194409,ELAC DOLBY ATMOS Demonstration Disc Blu-Ray,ELAC DOLBY ATMOS Demonstration Disc Blu-Ray,es,0.4687,,0.0,0
1,1193994,The White Tower,The White Tower,en,0.7972,,0.0,0
2,1193824,Rabbit Trap,Rabbit Trap,en,3.4818,2025-09-12,5.613,40
3,1191964,Portrait of a Universe,Portrait of a Universe,en,0.9862,,0.0,0
4,1191162,The Children of Korntal,Die Kinder aus Korntal,de,1.5481,2024-09-26,0.0,0
5,1190511,Sitaare Zameen Par,सितारे ज़मीन पर,hi,5.6027,2025-06-20,6.875,56
6,1189735,Fréwaka,Fréamhacha,ga,2.6374,2025-04-25,6.875,56
7,1189394,Off Rip,Off Rip,en,1.8327,2025-04-05,6.375,4
8,1187256,Napoli Signora,Napoli Signora,it,0.6056,,0.0,0
9,1186563,The Friend,The Friend,en,6.8367,2025-03-28,6.7,124
10,1184854,Four Trails,香港四徑大步走,en,0.6284,2024-12-06,8.5,4
11,1184696,Untitled James Bond Film,Untitled James Bond Film,en,2.9824,,0.0,0
12,1184495,JOY,JOY,en,3.3835,2024-11-15,6.922,185
13,1184222,A Long Shot,老枪,zh,1.2613,2024-11-01,5.9,8
14,1183699,The Wingwalker,Un Viaje Al Corazón,es,1.75,2024-10-10,8.155,42
15,1182596,Neujahrskonzert der Wiener Philharmoniker 2012,Neujahrskonzert der Wiener Philharmoniker 2012,de,0.5885,,0.0,0
16,1180634,The Children's Train,Il treno dei bambini,it,5.5444,2024-10-21,7.425,351
17,1180318,The House of Looks,La casa degli sguardi,it,0.9691,2025-04-10,7.25,13
18,1180308,DISTRICIT,ZONA,pt,1.579,,0.0,0
19,1179505,Make a Girl,メイクアガール,ja,1.9209,2025-01-31,8.3,3
0,1179339,Spears & Munsil Ultra HD Benchmark 2023 (Disk 1),Spears & Munsil Ultra HD Benchmark 2023 (Disk 1),en,0.5735,,0.0,0
1,1178764,Possession Street,邪Mall,cn,1.576,2024-10-31,8.0,5
2,1178556,I'm Not a Robot,Ik ben geen robot,nl,2.0872,2025-03-20,7.056,36
3,1177623,Rifle Club,റൈഫിൾ ക്ലബ്ബ്,ml,1.2946,2024-12-19,6.1,21
4,1176875,Entre reinas,Entre reinas,es,1.3976,2024-11-23,0.0,0
5,1171858,Fire Season,Fire Season,en,1.691,,0.0,0
6,1171634,When Fall Is Coming,Quand vient l'automne,fr,3.5751,2024-10-02,6.619,252
7,1171006,Sie sagt. Er sagt.,Sie sagt. Er sagt.,de,1.8501,2024-10-17,7.1,7
8,1170600,Return of the Living Dead,Return of the Living Dead,en,2.3741,,0.0,0
9,1170180,Volicia of Pluto - Chapter 2: Ultramarine,忘星のヴァリシア 第二章：群青,ja,0.9432,2025-04-21,0.0,0
10,1170145,Alpacalypse,Alpacalypse,en,1.0628,2024-11-28,0.0,0
11,1169203,Pakeeza,Pakeeza,ur,0.6228,,0.0,0
12,1168852,The Horse in Action,The Horse in Action,en,0.5653,,0.0,0
13,1167115,#Viral Prapancham,#Viral Prapancham,te,2.3767,2025-03-07,0.0,0
14,1166965,The Dino Family,Доктор Динозавров,ru,2.2962,2025-08-28,0.0,0
15,1166860,Chalti Ka Naam Zindagi,Chalti Ka Naam Zindagi,hi,0.697,,9.0,1
16,1166694,Skin of Youth,Ồn ào tuổi trẻ,vi,1.2449,2025-03-21,9.0,1
17,1165455,Mushrooms,Grzyby,pl,0.7827,2024-10-31,5.5,2
18,1164495,P77,P77,tl,1.3709,2025-07-30,4.714,7
19,1163100,Circus Siblings,Cirkusztestvérek,hu,0.4704,,0.0,0
0,1160981,Hear Me: Our Summer,청설,ko,3.0378,2024-11-06,7.8,44
1,1160956,Panda Plan,熊猫计划,zh,8.421,2024-10-01,6.907,307
2,1160903,NOSEBLEED,NOSEBLEED,en,1.65,,0.0,0
3,1160030,Valentina or the Serenity,Valentina o la serenidad,es,1.0975,2024-09-26,7.0,5
4,1159813,The Final Semester,3학년 2학기,ko,1.2349,2025-09-03,5.0,1
5,1159596,Oficina do Diabo,Oficina do Diabo,pt,1.7159,2025-01-16,7.964,14
6,1158010,Kulej. All That Glitters Isn’t Gold,Kulej. Dwie strony medalu,pl,1.553,2024-10-11,6.3,8
7,1156730,Dimensional Excursions,Dimensional Excursions,en,1.0965,2024-12-05,0.0,0
8,1156555,National Geographic-War Machines: Tank,National Geographic-War Machines: Tank,en,0.5114,,0.0,0
9,1156328,Thank You Very Much,Thank You Very Much,en,2.3914,2025-03-28,7.75,4
10,1156104,Call of Water,Par amour,fr,1.4806,2024-10-14,5.8,14
11,1155324,King Ivory,King Ivory,en,6.7909,2025-05-08,7.032,63
12,1155281,Creation of the Gods II: Demon Force,封神第二部：战火西岐,zh,9.6888,2025-01-29,6.468,142
13,1154478,I Am What I Am 2,雄狮少年2,zh,3.8935,2024-12-07,7.788,33
14,1153714,Death of a Unicorn,Death of a Unicorn,en,13.9611,2025-03-17,6.403,915
15,1152222,Game of Death: The Six Doors to Hell,Game of Death: The Six Doors to Hell,en,1.7877,2024-11-22,0.0,0
16,1151766,Murderer Report,살인자 리포트,ko,4.2023,2025-09-05,7.264,36
17,1151334,Eenie Meanie,Eenie Meanie,en,9.9376,2025-08-21,6.286,365
18,1151269,A Place for Pierrot,Une place pour Pierrot,fr,1.2827,2025-09-10,6.714,14
19,1150366,Jenni,Jenni,en,1.6018,2024-12-06,6.273,11
0,1217585,Outbreak,Outbreak,en,3.8333,2025-02-20,5.769,54
1,1217483,Treasure Hunters: On the Tracks of Khufu,Le Secret de Khéops,fr,2.8561,2025-03-05,5.8,123
2,1216645,I Think I'm Alone Now,I Think I'm Alone Now,en,1.1954,2025-02-07,0.0,0
3,1216571,June and John,June and John,en,4.2408,2025-04-17,6.068,66
4,1215876,Out of the Darkness,Out of the Darkness,en,0.7909,,10.0,1
5,1215798,The Cut,The Cut,en,4.0889,2025-09-04,5.953,74
6,1215532,Chickenhare and the Secret of the Groundhog,Hopper et le secret de la marmotte,en,9.1584,2025-09-19,7.2,10
7,1215358,Codename: Devil,Diabeł,pl,2.1088,2024-11-29,5.269,13
8,1215185,Undercover,La infiltrada,es,2.637,2024-10-11,7.12,229
9,1214527,Porcelain War,Porcelain War,en,1.1668,2024-11-22,6.646,24
10,1214481,Love Forever,Kärlek fårever,sv,4.152,2025-02-13,5.427,55
11,1214140,Monster Island,Orang Ikan,en,10.6015,2025-05-08,6.2,127
12,1213866,Loveyapa,लवयापा,hi,1.3338,2025-02-07,4.917,12
13,1212121,Latin Blood – The Ballad of Ney Matogrosso,Homem com H,pt,2.7454,2025-05-01,8.0,150
14,1211897,Hodja Nasreddin,Ходжа Насреддин,ru,0.9827,,0.0,0
15,1210938,Revelations,계시록,ko,6.8238,2025-03-20,6.4,220
16,1210794,Trouble,Strul,sv,4.203,2024-10-02,6.728,219
17,1210043,Naruto,Naruto,en,3.0704,,0.0,0
18,1208983,Neighborhood Watch,Neighborhood Watch,en,3.6002,2025-04-25,6.232,149
19,1208735,Thandel,తండేల్,te,1.8471,2025-02-07,6.188,16
0,1208695,The Rules of Art,Les Règles de l'art,fr,1.6548,2025-04-30,5.944,27
1,1208656,Seelenlandschaften Schottland,Seelenlandschaften Schottland,de,0.8957,,0.0,0
2,1208002,The Prodigy,The Prodigy,en,1.0388,2024-09-30,0.0,0
3,1207627,Leonora in the Morning Light,Leonora im Morgenlicht,de,1.2706,2025-07-17,10.0,2
4,1206969,Dead Man's Switch,Arillo de hombre muerto,es,1.9851,2025-03-20,7.0,2
5,1206671,Mongrel,白衣蒼狗,zh,1.2413,2025-01-26,8.0,2
6,1205892,Behind the Shadows,私家偵探,cn,1.6419,2025-05-31,6.25,12
7,1205679,Buenas noches,Buenas noches,es,0.7592,2025-02-27,6.0,2
8,1205648,No One Will Know,Le Roi Soleil,fr,1.9982,2025-08-27,5.925,53
9,1205177,Cottonmouth,Cottonmouth,en,1.6404,2025-06-07,5.333,3
10,1204886,The Noisy Mansion,백수아파트,ko,2.2492,2025-02-26,6.6,15
11,1204077,Focail Baile Croí,Focail Baile Croí,ga,0.8804,,0.0,0
12,1203351,Dawgz,Perros,de,1.088,,0.0,0
13,1203307,Hiding Saddam Hussein,Han gjemte Saddam Hussein – Jakten på verdens mest etterlyste mann,ar,1.1062,2023-11-23,7.0,2
14,1203304,Two Neighbors,Two Neighbors,en,1.4749,2025-08-15,10.0,1
15,1202479,Opus,Opus,en,4.7229,2025-03-13,5.6,247
16,1202411,Chhankata 2007,Chhankata 2007,en,0.4651,,0.0,0
17,1202235,Daaku Maharaaj,డాకు మహారాజ్‌,te,1.9719,2025-01-12,5.5,20
18,1201816,Executive Protection,Executive Protection,en,0.4495,,0.0,0
19,1200801,F Marry Kill,F Marry Kill,en,5.3023,2025-03-06,6.063,104
0,1127656,Blind Love,失明,zh,1.4836,2025-09-19,0.0,0
1,1127625,The Salt Path,The Salt Path,en,6.1663,2025-05-01,6.703,96
2,1125623,Renner,Renner,en,3.135,2025-02-07,5.188,32
3,1124838,Kingdom,కింగ్డమ్‌,te,2.2755,2025-07-30,6.061,33
4,1121236,Swan Song,Swan Song,en,1.6371,,0.0,0
5,1120373,The Lesbian Alien Dark Room Fisting Operetta on Venus,The Lesbian Alien Dark Room Fisting Operetta on Venus,en,0.8738,2024-10-24,0.0,0
6,1118848,The Quiet Son,Jouer avec le feu,fr,2.7232,2025-01-22,6.478,156
7,1116643,The Flame of a Candle,Sob a Chama da Candeia,pt,1.2633,2025-04-09,6.7,6
8,1115936,Demon Wind 2: The Serpent’s Coil,Demon Wind 2: The Serpent’s Coil,en,0.7222,,0.0,0
9,1115468,In Good Faith,Gotteskinder,de,1.1811,2025-01-30,6.563,8
10,1114145,If Love Should Die,If Love Should Die,fr,0.9901,,0.0,0
11,1113421,The Uninvited,The Uninvited,en,5.4312,2025-04-11,5.7,29
12,1112509,Hindi,Ice Cube,hi,0.7351,,0.0,0
13,1112484,แบบเบิร์ดเบิร์ดโชว์ #9/2008 ตอน Magic Memories (Encore Plus) อัศจรรย์แห่งความทรงจำเดิม...ที่เพิ่มขึ้น,แบบเบิร์ดเบิร์ดโชว์ #9/2008 ตอน Magic Memories (Encore Plus) อัศจรรย์แห่งความทรงจำเดิม...ที่เพิ่มขึ้น,th,0.4422,,0.0,0
14,1112476,คอนเสิร์ต เบิร์ดพริกขี้หนู,คอนเสิร์ต เบิร์ดพริกขี้หนู,th,0.4426,,0.0,0
15,1112179,Joseph and the Amazing Technicolor Dreamcoat,Joseph and the Amazing Technicolor Dreamcoat,en,1.1057,,0.0,0
16,1110132,Donkey,Donkey,en,2.2651,2028-06-28,0.0,0
17,1109406,Compulsion,Compulsion,en,3.3072,2024-11-10,6.2,56
18,1109369,Kathanar - The Wild Sorcerer,കത്തനാർ,ml,1.1281,,0.0,0
19,1108295,Ayel,അയൽ,ml,0.8042,,0.0,0
0,1107215,Once Upon My Mother,"Ma mère, Dieu et Sylvie Vartan",fr,3.8386,2025-03-19,6.985,273
1,1106921,Cristina,Cristina,es,0.8248,,10.0,1
2,1106814,Minghun,Minghun,pl,1.0499,2024-11-29,5.444,9
3,1104845,Plankton: The Movie,Plankton: The Movie,en,14.3686,2025-03-08,6.667,189
4,1103857,Juliet & Romeo,Juliet & Romeo,en,3.4211,2025-05-09,6.0,14
5,1103756,Aghathiyaa,அகத்தியா,ta,1.2856,2025-02-28,4.8,8
6,1103731,In Vitro,In Vitro,en,3.2684,2025-03-27,6.203,32
7,1102921,The Awakening,The Awakening,en,1.9306,,0.0,0
8,1102669,Knight's Camp,Knight's Camp,en,0.9098,,0.0,0
9,1101574,Butch Cassidy and the Wild Bunch,Butch Cassidy and the Wild Bunch,en,1.7569,2025-02-20,3.7,3
10,1101401,Sugar Baby,Sugar Baby,en,2.7744,2024-10-15,5.865,26
11,1101179,Unreachable,片思い世界,ja,2.0365,2025-04-04,8.467,15
12,1101054,Playing Shylock,Playing Shylock,ka,0.7259,,0.0,0
13,1100739,Hurricane Bianca: The Roots of All Evil,Hurricane Bianca: The Roots of All Evil,en,1.2191,,0.0,0
14,1100545,My Name Is Dingo,Levoton Tuhkimo,fi,1.7832,2024-12-25,6.6,5
15,1099947,"Charlotte, One of Us","Charlotte, eine von uns",de,0.8971,2025-03-28,6.167,3
16,1095700,The Ruse,The Ruse,en,1.9061,2025-05-16,5.0,22
17,1095435,Day of the Fight,Day of the Fight,en,2.4623,2024-11-15,6.6,33
18,1094416,Untitled Lord Kartikeya Film,Untitled Lord Kartikeya Film,te,1.4378,,0.0,0
19,1093978,Faith and Fate: The Story of The Jewish People In The 20th Century,Faith and Fate: The Story of The Jewish People In The 20th Century,en,0.4626,,0.0,0
0,896151,Blitz,Blitz,en,6.3208,2024-11-01,5.978,272
1,896096,The Mysterious Gaze of the Flamingo,La misteriosa mirada del flamenco,es,3.4306,2025-09-11,6.366,41
2,891584,The History of Sound,The History of Sound,en,8.5636,2025-09-12,6.956,149
3,890095,Citizens of Nowhere,Obywatele Znikąd,pl,0.5081,,0.0,0
4,887977,Ranger,ரேஞ்சர்,ta,1.6392,,0.0,0
5,883954,Broke,Broke,en,4.6897,2025-06-10,7.042,60
6,883881,Venom - A diva in Exile,Venom - A diva in Exile,en,0.631,,10.0,1
7,874485,Dyrygent - Henryk Wojnarowski o filmie,Dyrygent - Henryk Wojnarowski o filmie,pl,0.4697,,0.0,0
8,873797,Pretty Crazy,악마가 이사왔다,ko,3.0154,2025-08-13,6.944,36
9,873209,The Swan Tool,The Swan Tool,en,0.6459,,0.0,0
10,872609,Fantasy Girls,Fantasy Girls,en,1.2139,,0.0,0
11,862423,Aussie Fit Yoga Stretch & Flex Exercise,Aussie Fit Yoga Stretch & Flex Exercise,hu,0.5584,,0.0,0
12,852363,18 Year Old Model Rika's Fancy Walk,18 모델 리카의 화려한 외출,ko,3.6515,2020-09-28,5.1,5
13,848379,Cold Pursuit 2,Cold Pursuit 2,en,1.1489,,0.0,0
14,845471,The Space Between Us,The Space Between Us,en,0.7295,,0.0,0
15,842328,Wish You Were Here,Wish You Were Here,en,3.4449,2025-01-17,6.25,32
16,839216,Sanat ve Arzu,Sanat ve Arzu,tr,0.4955,,0.0,0
17,837021,Larry and Me,Larry and Me,en,0.4711,,0.0,0
18,834312,Simba: è nato un Re - Scontro Finale,Simba: è nato un Re - Scontro Finale,it,0.8646,,2.0,1
19,829948,Fall in Love With You,不知不觉爱上你,zh,0.8842,,0.0,0
0,1156328,Thank You Very Much,Thank You Very Much,en,2.3914,2025-03-28,7.75,4
1,1156104,Call of Water,Par amour,fr,1.4806,2024-10-14,5.8,14
2,1155324,King Ivory,King Ivory,en,6.7909,2025-05-08,7.032,63
3,1155281,Creation of the Gods II: Demon Force,封神第二部：战火西岐,zh,9.6888,2025-01-29,6.468,142
4,1154478,I Am What I Am 2,雄狮少年2,zh,3.8935,2024-12-07,7.788,33
5,1153714,Death of a Unicorn,Death of a Unicorn,en,13.9611,2025-03-17,6.403,915
6,1152222,Game of Death: The Six Doors to Hell,Game of Death: The Six Doors to Hell,en,1.7877,2024-11-22,0.0,0
7,1151766,Murderer Report,살인자 리포트,ko,4.2023,2025-09-05,7.264,36
8,1151334,Eenie Meanie,Eenie Meanie,en,9.9376,2025-08-21,6.286,365
9,1151269,A Place for Pierrot,Une place pour Pierrot,fr,1.2827,2025-09-10,6.714,14
10,1150366,Jenni,Jenni,en,1.6018,2024-12-06,6.273,11
11,1148706,Me & Roboco: The Movie,劇場版『僕とロボコ』,ja,1.7345,2025-04-18,8.7,3
12,1148663,Sicilian Letters,Iddu - L'ultimo padrino,it,1.9794,2024-10-10,6.135,133
13,1148652,Legasi: Bomba the Movie,Legasi: Bomba the Movie,ms,0.8927,2025-08-21,5.7,4
14,1147546,The Diplomat,राजनयिक,hi,2.7044,2025-03-07,6.543,46
15,1146210,Housefull 5,हाउसफ़ूल 5,hi,2.3858,2025-06-05,5.173,49
16,1145725,Tyler Perry's Duplicity,Tyler Perry's Duplicity,en,8.8038,2025-03-19,6.561,179
17,1145221,It Feeds,It Feeds,en,5.0238,2025-04-17,6.741,247
18,1144978,Bears on a Ship,Bears on a Ship,en,1.2635,2025-04-25,1.75,2
19,1144443,Follow My Voice,Sigue mi voz,es,7.3922,2025-09-12,7.268,69
0,1048929,The Graduates,The Graduates,en,1.5432,2024-11-01,6.6,4
1,1048923,Empire Waist,Empire Waist,en,5.1482,2024-09-27,7.742,66
2,1048810,"Like Maman,Like me","Like Maman,Like me",th,0.4375,,7.0,1
3,1046758,Sew Torn,Sew Torn,en,3.6536,2025-09-11,6.5,61
4,1045938,G20,G20,en,7.3429,2025-04-10,6.343,715
5,1045021,Thug Life,தக் லைஃப்,ta,2.918,2025-06-04,5.0,27
6,1043905,Dirty Angels,Dirty Angels,en,10.1779,2024-12-11,6.104,412
7,1043766,A Little Prayer,A Little Prayer,en,1.687,2025-08-29,5.583,12
8,1040310,Time Bomb,Time Bomb,en,0.9738,,0.0,0
9,1038737,Mona,মোনা,bn,1.3557,,0.0,0
10,1038263,Maria,Maria,en,5.9458,2024-11-27,6.457,490
11,1036369,Walt Disney Cartoon Classics Limited Gold Edition II: Donald's Bee Pictures,Walt Disney Cartoon Classics Limited Gold Edition II: Donald's Bee Pictures,en,0.4696,,0.0,0
12,1032941,Das Meer ist der Himmel,Das Meer ist der Himmel,de,0.9453,2024-11-28,6.0,1
13,1031962,What We Hide,What We Hide,en,3.7407,2025-08-08,6.4,41
14,1029235,Azrael,Azrael,en,4.9453,2024-09-27,5.85,479
15,1027666,Don Quixote (The Royal Ballet) 2022,Don Quixote (The Royal Ballet) 2022,en,0.5998,,0.0,0
16,1026807,Prága,Prága,hu,1.4751,,0.0,0
17,1026799,Welcome to the Game,绑架游戏,zh,1.3344,2024-10-05,6.2,6
18,1025056,h,h,en,0.4805,,0.0,0
19,1025024,CARVED.,CARVED.,en,0.6585,,0.0,0
0,1134048,Marshmallow,Marshmallow,en,4.2313,2025-04-11,6.116,95
1,1132704,The Mirror Mask,The Mirror Mask,en,0.4725,,0.0,0
2,1132311,Love Online: Extra,拜托！别黑我！番外,zh,1.0223,,6.0,1
3,1132152,Ace,ஏஸ்,ta,2.1891,2025-05-23,5.2,9
4,1131303,Hunter's Refuge,Καταφύγιο Κυνηγών,el,0.7286,2025-05-23,0.0,0
5,1130410,37 : The Shadow and the Prey,37 : L'Ombre et la Proie,fr,1.5887,2024-11-20,5.8,28
6,1130402,Not Without My Shrink,Jamais sans mon psy,fr,3.1128,2024-12-11,4.874,151
7,1130340,POO Facing Italian Warrior,POO Facing Italian Warrior,en,0.7622,,0.0,0
8,1130276,Succubus,Succubus,en,5.317,2024-10-06,8.4,264
9,1130022,Sovereign,Sovereign,en,3.6045,2025-07-11,6.626,143
10,1128546,Barron's Cove,Barron's Cove,en,4.8001,2025-06-06,7.205,66
11,1127656,Blind Love,失明,zh,1.4836,2025-09-19,0.0,0
12,1127625,The Salt Path,The Salt Path,en,6.1663,2025-05-01,6.703,96
13,1125623,Renner,Renner,en,3.135,2025-02-07,5.188,32
14,1124838,Kingdom,కింగ్డమ్‌,te,2.2755,2025-07-30,6.061,33
15,1121236,Swan Song,Swan Song,en,1.6371,,0.0,0
16,1120373,The Lesbian Alien Dark Room Fisting Operetta on Venus,The Lesbian Alien Dark Room Fisting Operetta on Venus,en,0.8738,2024-10-24,0.0,0
17,1118848,The Quiet Son,Jouer avec le feu,fr,2.7232,2025-01-22,6.478,156
18,1116643,The Flame of a Candle,Sob a Chama da Candeia,pt,1.2633,2025-04-09,6.7,6
19,1115936,Demon Wind 2: The Serpent’s Coil,Demon Wind 2: The Serpent’s Coil,en,0.7222,,0.0,0
0,1001435,The Future Awaits,La Vie devant moi,fr,2.5098,2025-02-26,7.413,46
1,1001323,The Weeping Walk,Waarom Wettelen,nl,1.9469,2024-10-23,5.25,8
2,1000520,Midnight Sun,태양의 노래,ko,2.1118,2025-05-16,6.615,13
3,999243,Hell of a Summer,Hell of a Summer,en,8.5617,2025-04-03,5.5,188
4,997019,Méditerranée Notre Mer à Tous,Méditerranée Notre Mer à Tous,fr,0.5332,2014-01-28,0.0,0
5,996821,You're Cordially Invited,You're Cordially Invited,en,14.5344,2025-01-29,5.817,478
6,995047,Tech N9ne: The Making of Special Effects,Tech N9ne: The Making of Special Effects,en,0.8224,,0.0,0
7,993382,Déchaînements charnels,Déchaînements charnels,fr,2.7081,,0.0,0
8,991041,Do Over,Do Over,en,1.8195,,0.0,0
9,988367,Miss Boots,Mlle Bottine,fr,2.1459,2024-11-29,6.7,6
10,988361,Shepherds,Bergers,fr,3.8844,2024-11-15,7.2,62
11,986206,Night Carnage,Night Carnage,fr,4.049,2025-07-29,5.908,65
12,980486,Big Fish & Begonia 2,大鱼海棠贰,zh,0.8225,,0.0,0
13,978796,Bagman,Bagman,en,7.3708,2024-09-20,6.058,473
14,978323,National Geographic Channel Expedition Kodiak,National Geographic Channel Expedition Kodiak,en,0.5377,,0.0,0
15,976576,Emmanuelle,Emmanuelle,en,6.5875,2024-09-25,4.712,139
16,976521,Vettuvam,வேட்டுவம்,ta,2.6218,,0.0,0
17,975324,Afternoons of Solitude,Tardes de soledad,es,2.55,2025-03-07,6.9,64
18,974545,Big Snake King,大蛇王,zh,1.3,2022-05-11,0.0,0
19,968728,Roark Comptons: The Motion Picture,Roark Comptons: The Motion Picture,en,0.7147,,0.0,0
0,968643,Poppy Playtime,Poppy Playtime,en,0.9866,,0.0,0
1,963885,Haiwaan,Haiwaan,hi,1.0813,,0.0,0
2,958752,To the Journey: Looking Back at Star Trek: Voyager,To the Journey: Looking Back at Star Trek: Voyager,en,2.3382,2024-11-07,10.0,1
3,957236,When September Ends: The Dylan Grace Story,When September Ends: The Dylan Grace Story,en,0.5731,,0.0,0
4,954905,Art College 1994,艺术学院1994,zh,3.5522,2025-06-21,6.611,9
5,953306,"I, Chihuahua","I, Chihuahua",en,2.2815,,0.0,0
6,952749,Bondage Master Quintet,Bondage Master Quintet,ja,1.1463,,0.0,0
7,951355,Cannabis and Your Doctor,Cannabis and Your Doctor,en,0.5451,,0.0,0
8,950075,Sookshmadarshini,സൂക്ഷ്മദര്‍ശിനി,ml,1.8279,2024-11-22,7.295,44
9,949709,High Forces,危机航线,zh,3.5134,2024-09-29,6.1,41
10,948184,Stranger Eyes,默視錄,zh,2.0856,2024-11-14,6.4,30
11,947580,Ploey 2 – The Legend of the Winds,LÓA – Goðsögn vindanna,is,1.215,,0.0,0
12,940767,Fehér kócsagok,Fehér kócsagok,hu,0.6351,,0.0,0
13,934456,Americana,Americana,en,5.7079,2025-08-15,6.208,190
14,931050,UFO - The Misdemeanour Tour - 1985,UFO - The Misdemeanour Tour - 1985,es,0.5564,,0.0,0
15,927342,Amaran,அமரன்,ta,3.1007,2024-10-31,7.402,264
16,925294,GORDON B. HINCKLEY Dios Crea a un Gigante entre los Hombre,GORDON B. HINCKLEY Dios Crea a un Gigante entre los Hombre,es,0.4996,,0.0,0
17,924589,Being Terri,Being Terri,en,0.4622,,6.0,1
18,900103,Sweet Velvet Grace,Sweet Velvet Grace,en,0.4669,,0.0,0
19,896841,la odisea del hombre en busca de la felicidad,la odisea del hombre en busca de la felicidad,es,0.5081,,0.0,0
0,1082424,Jane Austen Wrecked My Life,Jane Austen a gâché ma vie,fr,2.8317,2025-01-22,6.1,124
1,1082195,The Order,The Order,en,11.2055,2024-12-05,6.56,959
2,1081012,Aftermath,Aftermath,en,3.7152,2024-09-27,6.2,191
3,1079311,The Kingdom,Le Royaume,fr,3.3839,2024-11-13,7.083,102
4,1077910,Falling Together,Falling Together,en,1.5099,2024-09-21,6.8,13
5,1076708,Music by John Williams,Music by John Williams,en,8.176,2024-11-01,8.041,97
6,1076647,Varavu,വരവ്,ml,0.7793,,0.0,0
7,1075595,Manead Maenad Admaen,Manead Maenad Admaen,no,0.4357,,0.0,0
8,1074732,Larvikite Lines,Larvikitt Lines,en,0.442,,0.0,0
9,1074102,An Eye on You: Citizens Under Surveillance,An Eye on You: Citizens Under Surveillance,en,0.8448,,0.0,0
10,1073521,Lovely Day,"Mille secrets, mille dangers",fr,0.8975,2025-09-19,7.5,2
11,1069509,Shanthamee Raathriyil,ശാന്തമീ രാത്രിയിൽ,ml,0.9353,2025-05-09,4.0,2
12,1068428,Perdeler,Perdeler,tr,0.6598,,0.0,0
13,1067115,Seeking the King,왕을 찾아서,ko,1.1294,,0.0,0
14,1066480,Super Boobs: Volume 2,Super Boobs: Volume 2,en,0.9937,,0.0,0
15,1066474,Super Boobs: Volume 1,Super Boobs: Volume 1,en,0.8926,,0.0,0
16,1065941,Decoding Shankar,Decoding Shankar,en,1.5352,,0.0,0
17,1065347,Nudie Cuties: Volume 1,Nudie Cuties: Volume 1,en,1.3597,,8.0,1
18,1064758,Planet B,Planète B,fr,2.7999,2024-12-25,5.2,70
19,1063877,Don't Move,Don't Move,en,8.3384,2024-10-24,6.318,1058
0,1063873,Queen Mom,Reine Mère,fr,1.2568,2025-03-12,6.15,10
1,1062402,Bang Bang,Bang Bang,en,2.8812,2025-09-12,6.818,11
2,1060908,Narayaneente Moonnaanmakkal,നാരായണീൻ്റെ മൂന്നാൺമക്കൾ,ml,1.2353,2025-01-23,4.667,6
3,1060710,Scarlet,Scarlet,en,1.0636,,0.0,0
4,1060046,HIT: The Third Case,హిట్: ది థర్డ్ కేస్,te,3.0092,2025-04-30,6.7,61
5,1059128,Queer,Queer,en,8.7236,2024-11-27,6.529,569
6,1054974,CATHOLICISM,CATHOLICISM,en,1.3635,,0.0,0
7,1054561,A Mother's Embrace,Abraço de Mãe,pt,1.9356,2024-10-03,6.25,38
8,1053194,Fight for Tomorrow,拚命三郎,cn,1.4848,2025-06-21,7.5,6
9,1050312,Shepherds of the Future,Les Bergers du futur,fr,0.7527,,0.0,0
10,1049082,Jumbo,Jumbo,id,4.4701,2025-03-31,7.605,44
11,1048929,The Graduates,The Graduates,en,1.5432,2024-11-01,6.6,4
12,1048923,Empire Waist,Empire Waist,en,5.1482,2024-09-27,7.742,66
13,1048810,"Like Maman,Like me","Like Maman,Like me",th,0.4375,,7.0,1
14,1046758,Sew Torn,Sew Torn,en,3.6536,2025-09-11,6.5,61
15,1045938,G20,G20,en,7.3429,2025-04-10,6.343,715
16,1045021,Thug Life,தக் லைஃப்,ta,2.918,2025-06-04,5.0,27
17,1043905,Dirty Angels,Dirty Angels,en,10.1779,2024-12-11,6.104,412
18,1043766,A Little Prayer,A Little Prayer,en,1.687,2025-08-29,5.583,12
19,1040310,Time Bomb,Time Bomb,en,0.9738,,0.0,0
0,741918,Ashwatthama,Ashwatthama,kn,1.2246,,0.0,0
1,729684,Fox Hunt,猎狐·行动,zh,3.6797,2025-04-04,7.459,37
2,727121,Hari Hara Veera Mallu: Part 1 – Sword vs Spirit,హరి హర వీర మల్లు: భాగం 1 – Sword vs Spirit,te,3.6464,2025-07-23,6.125,8
3,725626,Essential Employee,Essential Employee,en,0.6794,,0.0,0
4,724334,My Hero Academia,My Hero Academia,en,1.238,,0.0,0
5,724257,Portrait of a Legendary Man,Portrait of a Legendary Man,en,0.8374,,0.0,0
6,716036,Pussy Talk,Pussy Talk,en,0.8135,,0.0,0
7,715561,Transplant,Transplant,en,1.6023,,0.0,0
8,713364,Clown in a Cornfield,Clown in a Cornfield,en,11.1788,2025-05-02,6.124,609
9,691018,The Night of the Hunter,The Night of the Hunter,en,1.1886,,0.0,0
10,684895,The Pimp and the Dead,The Pimp and the Dead,en,0.7621,,0.0,0
11,682459,The Silent Patient,The Silent Patient,en,1.9074,,0.0,0
12,671578,A Manual for Cleaning Women,A Manual for Cleaning Women,en,1.4477,,0.0,0
13,669500,INDUÇÃO,INDUÇÃO,pt,0.6265,,10.0,1
14,668718,Sangjungha,상중하,ko,0.52,,0.0,0
15,668034,Fehér rozsda,Fehér rozsda,hu,0.4901,,0.0,0
16,666154,Kayara,Kayara,es,8.9183,2025-01-02,7.589,123
17,659308,Хозяйка медной горы,Хозяйка медной горы,ru,0.5874,,0.0,0
18,656618,High in the Clouds,High in the Clouds,en,3.5214,2027-10-07,0.0,0
19,656160,The Dirty Dozen,The Dirty Dozen,en,1.0746,,0.0,0
0,655969,Paterno,Paterno,pt,1.1451,2025-08-07,7.0,2
1,650033,Free Fall,Свободное падение,ru,2.8736,2025-05-21,5.4,35
2,640724,Leão de Circo,Leão de Circo,pt,0.8377,,0.0,0
3,639590,"Lumière, Le Cinéma!","Lumière, l’aventure continue",fr,2.4181,2024-11-22,7.1,16
4,637714,Xochimilco 1914,Xochimilco 1914,es,1.3172,,0.0,0
5,636279,Bogotá: City of the Lost,보고타: 마지막 기회의 땅,ko,4.3484,2024-12-31,7.0,102
6,629473,Onslaught - Live At The Slaughterhouse,Onslaught - Live At The Slaughterhouse,en,0.5645,,0.0,0
7,627215,لأنى بحبك,لأنى بحبك,ar,0.4561,,0.0,0
8,626741,G.I. Joe: Ever Vigilant,G.I. Joe: Ever Vigilant,en,1.7305,,0.0,0
9,622792,Kanguva,கங்குவா,ta,1.8574,2024-11-14,3.813,32
10,622244,What Does E=mc2 Even Mean?,What Does E=mc2 Even Mean?,en,0.6733,,6.5,2
11,599014,Вернувшийся,Вернувшийся,ru,1.2546,,0.0,0
12,598256,Кунсткамера,Кунсткамера,ru,0.6536,,0.0,0
13,598229,Маргелов,Маргелов,ru,1.1548,,0.0,0
14,594767,Shazam! Fury of the Gods,Shazam! Fury of the Gods,en,17.3798,2023-03-15,6.39,3788
15,592983,Spellbound,Spellbound,en,12.3445,2024-11-22,6.564,336
16,584855,Fierce Town,Злой город,ru,3.0996,2025-01-30,7.5,44
17,581794,The Creed of Violence,The Creed of Violence,en,1.2608,,0.0,0
18,566561,Prey,Prey,en,2.173,,0.0,0
19,563560,The Don'ts of Cycling for Women,The Don'ts of Cycling for Women,en,0.7707,,0.0,0
0,988367,Miss Boots,Mlle Bottine,fr,2.1459,2024-11-29,6.7,6
1,988361,Shepherds,Bergers,fr,3.8844,2024-11-15,7.2,62
2,986206,Night Carnage,Night Carnage,fr,4.049,2025-07-29,5.908,65
3,985667,Gajaana,கஜானா,ta,1.4069,2025-05-09,4.5,4
4,980486,Big Fish & Begonia 2,大鱼海棠贰,zh,0.8225,,0.0,0
5,978796,Bagman,Bagman,en,7.3708,2024-09-20,6.058,473
6,978323,National Geographic Channel Expedition Kodiak,National Geographic Channel Expedition Kodiak,en,0.5377,,0.0,0
7,976576,Emmanuelle,Emmanuelle,en,6.5875,2024-09-25,4.712,139
8,976521,Vettuvam,வேட்டுவம்,ta,2.6218,,0.0,0
9,975324,Afternoons of Solitude,Tardes de soledad,es,2.55,2025-03-07,6.9,64
10,974545,Big Snake King,大蛇王,zh,1.3,2022-05-11,0.0,0
11,968728,Roark Comptons: The Motion Picture,Roark Comptons: The Motion Picture,en,0.7147,,0.0,0
12,968643,Poppy Playtime,Poppy Playtime,en,0.9866,,0.0,0
13,963885,Haiwaan,Haiwaan,hi,1.0813,,0.0,0
14,958752,To the Journey: Looking Back at Star Trek: Voyager,To the Journey: Looking Back at Star Trek: Voyager,en,2.3382,2024-11-07,10.0,1
15,957236,When September Ends: The Dylan Grace Story,When September Ends: The Dylan Grace Story,en,0.5731,,0.0,0
16,954905,Art College 1994,艺术学院1994,zh,3.5522,2025-06-21,6.611,9
17,953306,"I, Chihuahua","I, Chihuahua",en,2.2815,,0.0,0
18,952749,Bondage Master Quintet,Bondage Master Quintet,ja,1.1463,,0.0,0
19,951355,Cannabis and Your Doctor,Cannabis and Your Doctor,en,0.5451,,0.0,0
0,428864,The Universe in a Nutshell The Physics of Everything,The Universe in a Nutshell The Physics of Everything,en,0.6022,,7.0,2
1,411742,Esküvőtől válóperig,Esküvőtől válóperig,hu,5.005,,0.0,0
2,393209,Avatar 5,Avatar 5,en,3.751,2031-12-17,0.0,0
3,371911,The Shortest Day,The Shortest Day,es,0.8102,,0.0,0
4,364772,DM i Stand-up 2015,DM i Stand-up 2015,da,0.5075,,0.0,0
5,361396,Murder in Hopeville,Murder in Hopeville,nl,0.606,,5.5,2
6,347984,6 Days,6 Days,en,4.6029,2017-07-09,6.044,785
7,339727,Highlander,Highlander,en,4.0733,,0.0,0
8,326406,Roughing It Up,Roughing It Up,en,0.4434,,0.0,0
9,323015,ESKÜVŐ-Melinda&Péter 2,ESKÜVŐ-Melinda&Péter 2,hu,0.4885,,10.0,1
10,301354,The Trap,The Trap,en,0.9197,,0.0,0
11,278201,Anpodu Kanmani,അന്‍പോട് കണ്‍മണി,ml,0.8259,2025-01-24,4.75,4
12,254811,From Cotton Fields to Movie Premieres,From Cotton Fields to Movie Premieres,en,0.6562,,0.0,0
13,218570,Gods eigen parochie,Gods eigen parochie,nl,0.8667,,0.0,0
14,216527,Avatar 4,Avatar 4,en,4.5169,2029-12-19,0.0,0
15,147177,Polar Bears: A Summer Odyssey,Polar Bears: A Summer Odyssey,en,0.9928,2012-04-08,6.5,15
16,134131,John Eddie Live:  No Cover,John Eddie Live:  No Cover,en,0.5034,,0.0,0
17,104148,Indien 2,Indien 2,de,0.4606,,0.0,0
18,68300,Flooded Kingdoms of the Ice Age - Japan's Lost Lands,Flooded Kingdoms of the Ice Age - Japan's Lost Lands,en,0.5077,,5.2,2
19,67415,Incoherence,지리멸렬,ko,1.1775,2025-08-27,6.429,7
0,63164,Z archiwum Tey czyli retroTEYada część 2,Z archiwum Tey czyli retroTEYada część 2,pl,0.5031,,7.5,2
1,38581,Car Crash: The Delorean Story,Car Crash: The Delorean Story,en,0.9263,2004-03-07,6.0,5
2,610253,Halloween Kills,Halloween Kills,en,14.7246,2021-10-14,6.406,2991
3,18239,The Twilight Saga: New Moon,The Twilight Saga: New Moon,en,19.6951,2009-11-18,5.984,9906
4,513310,Boss Level,Boss Level,en,10.692,2021-02-19,6.881,2012
5,339403,Baby Driver,Baby Driver,en,21.8622,2017-06-28,7.445,17196
6,857,Saving Private Ryan,Saving Private Ryan,en,35.0796,1998-07-24,8.233,17783
7,916224,Suzume,すずめの戸締まり,ja,15.7684,2022-11-11,7.9,1845
8,436270,Black Adam,Black Adam,en,29.5637,2022-10-19,6.765,7258
9,150689,Cinderella,Cinderella,en,22.4883,2015-03-06,6.8,7512
10,661374,Glass Onion: A Knives Out Mystery,Glass Onion: A Knives Out Mystery,en,20.4216,2022-11-23,7.022,7170
11,152584,Blue Is the Warmest Color,La Vie d'Adèle - Chapitres 1 et 2,fr,8.1651,2013-10-09,7.076,4939
12,64635,Total Recall,Total Recall,en,16.36,2012-08-02,6.035,6009
13,49948,Fantasia 2000,Fantasia 2000,en,9.39,2000-01-01,6.973,1394
14,8960,Hancock,Hancock,en,13.7436,2008-07-01,6.357,10481
15,8329,[REC],[REC],es,11.5454,2007-11-23,7.239,5015
16,44363,Frozen,Frozen,en,5.5784,2010-02-05,6.003,2053
17,10515,Castle in the Sky,天空の城ラピュタ,ja,12.8426,1986-08-02,7.971,4801
18,80321,Madagascar 3: Europe's Most Wanted,Madagascar 3: Europe's Most Wanted,en,26.4617,2012-06-06,6.649,6723
19,43949,Flipped,Flipped,en,11.1762,2010-08-06,8.017,3416
0,10200,The Day the Earth Stood Still,The Day the Earth Stood Still,en,16.1439,2008-12-10,5.668,3877
1,658,Goldfinger,Goldfinger,en,13.6787,1964-09-20,7.361,4081
2,19096,Back to Bataan,Back to Bataan,en,3.5403,1945-05-30,6.1,71
3,9495,The Crow,The Crow,en,15.3089,1994-05-11,7.531,4668
4,9539,Martyrs,Martyrs,fr,12.7133,2008-06-12,7.3,3129
5,10439,Hocus Pocus,Hocus Pocus,en,16.6546,1993-07-16,7.035,3384
6,308266,War Dogs,War Dogs,en,21.9787,2016-08-18,6.95,5690
7,384018,Fast & Furious Presents: Hobbs & Shaw,Fast & Furious Presents: Hobbs & Shaw,en,26.0298,2019-07-31,6.821,7926
8,9453,Caligula,Caligola,it,10.636,1979-08-14,5.977,1015
9,819,Sleepers,Sleepers,en,15.7448,1996-10-18,7.597,4036
10,976573,Elemental,Elemental,en,22.5976,2023-06-14,7.6,5546
11,11452,National Lampoon's Van Wilder,National Lampoon's Van Wilder,en,10.3639,2002-03-29,6.041,2003
12,87,Indiana Jones and the Temple of Doom,Indiana Jones and the Temple of Doom,en,25.7404,1984-05-23,7.309,10377
13,508883,The Boy and the Heron,君たちはどう生きるか,ja,21.9136,2023-07-14,7.386,2814
14,451945,BPM (Beats per Minute),120 battements par minute,fr,5.9883,2017-08-23,7.692,1405
15,9479,The Nightmare Before Christmas,The Nightmare Before Christmas,en,28.3751,1993-10-09,7.835,10576
16,7874,Black Snake Moan,Black Snake Moan,en,6.4308,2006-12-31,6.829,1008
17,6637,National Treasure: Book of Secrets,National Treasure: Book of Secrets,en,16.8589,2007-12-19,6.382,5678
18,51876,Limitless,Limitless,en,18.1736,2011-03-17,7.204,11746
19,508943,Luca,Luca,en,21.1401,2021-06-17,7.8,9131
0,724257,Portrait of a Legendary Man,Portrait of a Legendary Man,en,0.8374,,0.0,0
1,716036,Pussy Talk,Pussy Talk,en,0.8135,,0.0,0
2,715561,Transplant,Transplant,en,1.6023,,0.0,0
3,713364,Clown in a Cornfield,Clown in a Cornfield,en,11.1788,2025-05-02,6.124,609
4,691018,The Night of the Hunter,The Night of the Hunter,en,1.1886,,0.0,0
5,684895,The Pimp and the Dead,The Pimp and the Dead,en,0.7621,,0.0,0
6,682459,The Silent Patient,The Silent Patient,en,1.9074,,0.0,0
7,671578,A Manual for Cleaning Women,A Manual for Cleaning Women,en,1.4477,,0.0,0
8,669500,INDUÇÃO,INDUÇÃO,pt,0.6265,,10.0,1
9,668718,Sangjungha,상중하,ko,0.52,,0.0,0
10,668034,Fehér rozsda,Fehér rozsda,hu,0.4901,,0.0,0
11,666154,Kayara,Kayara,es,8.9183,2025-01-02,7.589,123
12,659308,Хозяйка медной горы,Хозяйка медной горы,ru,0.5874,,0.0,0
13,656618,High in the Clouds,High in the Clouds,en,3.5214,2027-10-07,0.0,0
14,656160,The Dirty Dozen,The Dirty Dozen,en,1.0746,,0.0,0
15,655969,Paterno,Paterno,pt,1.1451,2025-08-07,7.0,2
16,650033,Free Fall,Свободное падение,ru,2.8736,2025-05-21,5.4,35
17,640724,Leão de Circo,Leão de Circo,pt,0.8377,,0.0,0
18,639590,"Lumière, Le Cinéma!","Lumière, l’aventure continue",fr,2.4181,2024-11-22,7.1,16
19,637714,Xochimilco 1914,Xochimilco 1914,es,1.3172,,0.0,0
0,343668,Kingsman: The Golden Circle,Kingsman: The Golden Circle,en,25.6236,2017-09-20,6.941,11375
1,3175,Barry Lyndon,Barry Lyndon,en,10.9503,1975-12-16,8.001,3287
2,38575,The Karate Kid,The Karate Kid,en,19.2779,2010-06-10,6.567,6710
3,290098,The Handmaiden,아가씨,ko,25.901,2016-06-01,8.2,4491
4,168259,Furious 7,Furious 7,en,19.5528,2015-04-01,7.212,11491
5,565770,Blue Beetle,Blue Beetle,en,18.0018,2023-08-16,6.62,3265
6,37735,Easy A,Easy A,en,13.8314,2010-09-16,6.8,7547
7,64682,The Great Gatsby,The Great Gatsby,en,18.063,2013-05-09,7.346,13167
8,581392,Peninsula,반도,ko,11.1801,2020-07-15,6.7,2665
9,13811,Knowing,Knowing,en,15.4174,2009-03-19,6.263,5987
10,11812,The Sweetest Thing,The Sweetest Thing,en,7.6428,2002-04-12,5.621,1215
11,166426,Pirates of the Caribbean: Dead Men Tell No Tales,Pirates of the Caribbean: Dead Men Tell No Tales,en,24.0165,2017-05-23,6.665,13063
12,1830,Lord of War,Lord of War,en,17.8171,2005-09-16,7.347,5540
13,1774321,Mann Behka,Mann Behka,en,0.0857,2024-01-28,0.0,0
14,965171,Ice Merchants,Ice Merchants,pt,1.6762,2023-02-16,7.8,65
15,838209,Exhuma,파묘,ko,12.3928,2024-02-22,7.678,814
16,324786,Hacksaw Ridge,Hacksaw Ridge,en,37.1183,2016-10-07,8.193,15304
17,58574,Sherlock Holmes: A Game of Shadows,Sherlock Holmes: A Game of Shadows,en,17.5524,2011-11-22,7.146,11153
18,49529,John Carter,John Carter,en,18.125,2012-03-07,6.386,6289
19,20770,But I'm a Cheerleader,But I'm a Cheerleader,en,6.028,2000-07-07,7.095,888
0,341013,Atomic Blonde,Atomic Blonde,en,16.203,2017-07-26,6.442,6773
1,87516,Oldboy,Oldboy,en,12.4462,2013-11-14,5.923,2188
2,18240,The Proposal,The Proposal,en,25.9343,2009-06-02,7.181,7771
3,9741,Unbreakable,Unbreakable,en,13.296,2000-11-22,7.146,10145
4,872,Singin' in the Rain,Singin' in the Rain,en,13.9561,1952-04-10,8.126,3617
5,396461,Under the Silver Lake,Under the Silver Lake,en,8.4268,2018-08-08,6.322,1672
6,320288,Dark Phoenix,Dark Phoenix,en,27.4667,2019-06-05,5.959,7303
7,283566,Evangelion: 3.0+1.0 Thrice Upon a Time,シン・エヴァンゲリオン劇場版:||,ja,9.438,2021-03-08,8.217,992
8,9335,Transporter 2,Transporter 2,en,15.2695,2005-08-03,6.333,4079
9,103663,The Hunt,Jagten,da,13.8147,2012-10-25,8.097,4981
10,458576,Monster Hunter,Monster Hunter,en,14.6796,2020-12-03,6.511,3658
11,206647,Spectre,Spectre,en,17.2614,2015-10-26,6.571,11484
12,804,Roman Holiday,Roman Holiday,en,16.2757,1953-08-26,7.891,2331
13,364,Batman Returns,Batman Returns,en,23.1415,1992-06-19,6.951,7281
14,212778,Chef,Chef,en,7.3726,2014-05-08,7.114,3767
15,83899,You're Next,You're Next,en,9.6498,2013-08-22,6.597,2760
16,75174,The Grey,The Grey,en,11.8584,2011-12-11,6.578,4247
17,1991,Death Proof,Death Proof,en,14.1887,2007-05-22,6.839,5795
18,834,Underworld: Evolution,Underworld: Evolution,en,11.8311,2006-01-12,6.607,4498
19,571,The Birds,The Birds,en,11.9625,1963-03-28,7.51,4576
0,11649,Masters of the Universe,Masters of the Universe,en,9.5045,1987-08-07,5.918,1172
1,774752,The Guardians of the Galaxy Holiday Special,The Guardians of the Galaxy Holiday Special,en,12.0675,2022-11-24,7.085,2475
2,762504,Nope,Nope,en,19.4275,2022-07-20,6.828,5178
3,926393,The Equalizer 3,The Equalizer 3,en,28.8934,2023-08-30,7.296,3909
4,399579,Alita: Battle Angel,Alita: Battle Angel,en,23.5133,2019-01-31,7.277,10390
5,2832,Identity,Identity,en,13.2774,2003-04-25,7.18,4533
6,350,The Devil Wears Prada,The Devil Wears Prada,en,41.2722,2006-06-29,7.434,14239
7,298250,Jigsaw,Jigsaw,en,12.145,2017-10-25,6.207,4055
8,8337,They Live,They Live,en,12.2588,1988-11-04,7.308,3627
9,1541,Thelma & Louise,Thelma & Louise,en,12.743,1991-05-24,7.595,4001
10,291805,Now You See Me 2,Now You See Me 2,en,23.8141,2016-06-02,6.823,11805
11,9754,Firewall,Firewall,en,4.6943,2006-02-08,5.848,1061
12,536554,M3GAN,M3GAN,en,14.218,2022-12-28,7.007,5011
13,786,Almost Famous,Almost Famous,en,12.4477,2000-09-15,7.505,3227
14,628,Interview with the Vampire,Interview with the Vampire,en,19.7054,1994-11-11,7.386,6610
15,49046,All Quiet on the Western Front,Im Westen nichts Neues,de,17.6354,2022-10-07,7.742,4924
16,9725,Friday the 13th Part 2,Friday the 13th Part 2,en,8.2277,1981-05-01,6.196,1974
17,627,Trainspotting,Trainspotting,en,14.7231,1996-02-23,7.959,10664
18,601,E.T. the Extra-Terrestrial,E.T. the Extra-Terrestrial,en,24.1815,1982-06-11,7.518,12262
19,64131,Mauvais Sang,Mauvais Sang,fr,3.3667,1986-11-26,7.133,290
0,339403,Baby Driver,Baby Driver,en,21.8622,2017-06-28,7.445,17196
1,5549,RoboCop 2,RoboCop 2,en,9.5498,1990-06-22,6.041,2205
2,916224,Suzume,すずめの戸締まり,ja,15.7684,2022-11-11,7.9,1845
3,436270,Black Adam,Black Adam,en,29.5637,2022-10-19,6.765,7258
4,661374,Glass Onion: A Knives Out Mystery,Glass Onion: A Knives Out Mystery,en,20.4216,2022-11-23,7.022,7170
5,64635,Total Recall,Total Recall,en,16.36,2012-08-02,6.035,6009
6,49948,Fantasia 2000,Fantasia 2000,en,9.39,2000-01-01,6.973,1394
7,41439,Saw 3D,Saw 3D,en,10.1611,2010-10-22,5.975,3392
8,8960,Hancock,Hancock,en,13.7436,2008-07-01,6.357,10481
9,44363,Frozen,Frozen,en,5.5784,2010-02-05,6.003,2053
10,10515,Castle in the Sky,天空の城ラピュタ,ja,12.8426,1986-08-02,7.971,4801
11,1025596,Blood for Dust,Blood for Dust,en,2.562,2024-04-19,5.978,91
12,80321,Madagascar 3: Europe's Most Wanted,Madagascar 3: Europe's Most Wanted,en,26.4617,2012-06-06,6.649,6723
13,43949,Flipped,Flipped,en,11.1762,2010-08-06,8.017,3416
14,10637,Remember the Titans,Remember the Titans,en,13.4722,2000-09-29,7.669,3071
15,10200,The Day the Earth Stood Still,The Day the Earth Stood Still,en,16.1439,2008-12-10,5.668,3877
16,658,Goldfinger,Goldfinger,en,13.6787,1964-09-20,7.361,4081
17,19096,Back to Bataan,Back to Bataan,en,3.5403,1945-05-30,6.076,72
18,11688,The Emperor's New Groove,The Emperor's New Groove,en,28.2325,2000-12-15,7.566,7466
19,9495,The Crow,The Crow,en,15.3089,1994-05-11,7.531,4668
0,9539,Martyrs,Martyrs,fr,12.7133,2008-06-12,7.3,3129
1,215,Saw II,Saw II,en,15.9365,2005-10-28,6.61,6053
2,945729,A Haunting in Venice,A Haunting in Venice,en,20.0341,2023-09-13,6.562,2953
3,308266,War Dogs,War Dogs,en,21.9787,2016-08-18,6.95,5690
4,391713,Lady Bird,Lady Bird,en,14.5884,2017-09-01,7.249,9174
5,384018,Fast & Furious Presents: Hobbs & Shaw,Fast & Furious Presents: Hobbs & Shaw,en,26.0298,2019-07-31,6.821,7926
6,9453,Caligula,Caligola,it,10.636,1979-08-14,5.977,1015
7,819,Sleepers,Sleepers,en,15.7448,1996-10-18,7.597,4036
8,976573,Elemental,Elemental,en,22.5976,2023-06-14,7.6,5546
9,11452,National Lampoon's Van Wilder,National Lampoon's Van Wilder,en,10.3639,2002-03-29,6.041,2003
10,87,Indiana Jones and the Temple of Doom,Indiana Jones and the Temple of Doom,en,25.7404,1984-05-23,7.309,10377
11,508883,The Boy and the Heron,君たちはどう生きるか,ja,21.9136,2023-07-14,7.386,2814
12,451945,BPM (Beats per Minute),120 battements par minute,fr,5.9883,2017-08-23,7.692,1405
13,10495,The Karate Kid Part III,The Karate Kid Part III,en,8.5801,1989-06-16,5.92,1902
14,9479,The Nightmare Before Christmas,The Nightmare Before Christmas,en,28.3751,1993-10-09,7.835,10576
15,8005,Robin Hood: Men in Tights,Robin Hood: Men in Tights,en,10.1092,1993-07-28,6.611,2377
16,7874,Black Snake Moan,Black Snake Moan,en,6.4308,2006-12-31,6.829,1008
17,508943,Luca,Luca,en,21.1401,2021-06-17,7.8,9131
18,1735,The Mummy: Tomb of the Dragon Emperor,The Mummy: Tomb of the Dragon Emperor,en,19.6475,2008-07-01,5.521,4935
19,583,Life of Brian,Life of Brian,en,12.4234,1979-08-17,7.762,5101
0,776503,CODA,CODA,en,21.1855,2021-08-13,7.881,2711
1,449443,Den of Thieves,Den of Thieves,en,17.1155,2018-01-18,6.876,3509
2,314095,The Lost City of Z,The Lost City of Z,en,11.2596,2017-03-15,6.387,3157
3,205321,Sharknado,Sharknado,en,5.076,2013-07-11,3.924,1740
4,42297,Burlesque,Burlesque,en,8.4692,2010-11-23,7.214,2408
5,31767,The Devils,The Devils,en,7.0665,1971-07-16,7.5,456
6,21057,Ocean Waves,海がきこえる,ja,6.1959,1993-10-09,6.407,1009
7,6552,Idle Hands,Idle Hands,en,11.5957,1999-04-30,6.226,776
8,423108,The Conjuring: The Devil Made Me Do It,The Conjuring: The Devil Made Me Do It,en,25.1814,2021-05-25,7.337,6711
9,1832,Dogma,Dogma,en,10.5875,1999-10-04,6.941,2969
10,935,Dr. Strangelove or: How I Learned to Stop Worrying and Love the Bomb,Dr. Strangelove or: How I Learned to Stop Worrying and Love the Bomb,en,14.9207,1964-01-29,8.121,6324
11,634492,Madame Web,Madame Web,en,18.442,2024-02-14,5.276,2706
12,764,The Evil Dead,The Evil Dead,en,15.9538,1983-01-16,7.262,4720
13,390062,Jungle,Jungle,en,30.1565,2017-06-27,6.725,2278
14,166424,Fantastic Four,Fantastic Four,en,15.1255,2015-08-05,4.432,6542
15,7443,Chicken Run,Chicken Run,en,16.9026,2000-06-23,6.853,5527
16,1592,Primal Fear,Primal Fear,en,17.8965,1996-04-03,7.661,4157
17,30497,The Texas Chain Saw Massacre,The Texas Chain Saw Massacre,en,18.0446,1974-10-11,7.293,3956
18,20504,The Book of Eli,The Book of Eli,en,13.2764,2010-01-14,6.81,6891
19,9802,The Rock,The Rock,en,18.4431,1996-06-07,7.158,5376
0,480414,The Curse of La Llorona,The Curse of La Llorona,en,15.718,2019-04-17,5.648,2735
1,705996,Decision to Leave,헤어질 결심,ko,11.0844,2022-06-29,7.327,1620
2,637649,Wrath of Man,Wrath of Man,en,34.591,2021-04-22,7.571,6306
3,438650,Cold Pursuit,Cold Pursuit,en,14.9106,2019-02-07,5.876,2847
4,338803,The Treacherous,간신,ko,12.6188,2015-05-21,6.092,92
5,192356,World Natural Heritage Hawaii: Hawaii Volcanoes National Park,World Natural Heritage Hawaii: Hawaii Volcanoes National Park,en,0.545,2012-10-10,6.0,1
6,97630,Zero Dark Thirty,Zero Dark Thirty,en,14.8056,2012-12-19,6.991,5016
7,54270,Revival of Evangelion,新世紀エヴァンゲリオン劇場版 DEATH(TRUE)²／Air／まごころを､君に,ja,4.6114,1998-03-07,7.7,63
8,5175,Rush Hour 2,Rush Hour 2,en,14.3987,2001-08-03,6.8,4771
9,874,A Man for All Seasons,A Man for All Seasons,en,5.7324,1966-12-13,7.3,515
10,476669,The King's Man,The King's Man,en,24.622,2021-12-22,6.706,5221
11,49047,Gravity,Gravity,en,17.9312,2013-10-03,7.172,16668
12,16307,The Wicker Man,The Wicker Man,en,10.4127,1973-12-06,7.329,1724
13,508442,Soul,Soul,en,28.8056,2020-12-25,8.088,11741
14,9645,Ghost Ship,Ghost Ship,en,12.3562,2002-10-25,6.014,2769
15,2454,The Chronicles of Narnia: Prince Caspian,The Chronicles of Narnia: Prince Caspian,en,14.4377,2008-05-15,6.637,6924
16,838,American Graffiti,American Graffiti,en,7.7366,1973-08-11,7.052,1636
17,792,Platoon,Platoon,en,15.4262,1986-12-19,7.748,5278
18,583,Life of Brian,Life of Brian,en,12.4234,1979-08-17,7.762,5101
19,391,A Fistful of Dollars,Per un pugno di dollari,it,15.139,1964-09-12,7.822,4861
0,9314,Nineteen Eighty-Four,Nineteen Eighty-Four,en,9.3478,1984-11-09,6.787,1709
1,110420,Wolf Children,おおかみこどもの雨と雪,ja,9.2177,2012-07-21,8.217,2539
2,22794,Cloudy with a Chance of Meatballs,Cloudy with a Chance of Meatballs,en,21.9031,2009-09-17,6.669,6631
3,600,Full Metal Jacket,Full Metal Jacket,en,19.8708,1987-06-26,8.119,11752
4,136400,2 Guns,2 Guns,en,12.1192,2013-08-02,6.538,4616
5,9325,The Jungle Book,The Jungle Book,en,17.9408,1967-10-18,7.288,6781
6,390043,The Hitman's Bodyguard,The Hitman's Bodyguard,en,13.8428,2017-08-16,6.895,6816
7,346910,The Predator,The Predator,en,14.1001,2018-09-05,5.619,5271
8,341013,Atomic Blonde,Atomic Blonde,en,16.203,2017-07-26,6.441,6774
9,87516,Oldboy,Oldboy,en,12.4462,2013-11-14,5.923,2188
10,18240,The Proposal,The Proposal,en,25.9343,2009-06-02,7.181,7771
11,9741,Unbreakable,Unbreakable,en,13.296,2000-11-22,7.146,10146
12,3176,Battle Royale,バトル・ロワイアル,ja,9.2432,2000-12-16,7.3,3945
13,872,Singin' in the Rain,Singin' in the Rain,en,13.9561,1952-04-10,8.126,3618
14,396461,Under the Silver Lake,Under the Silver Lake,en,8.4268,2018-08-08,6.322,1673
15,283566,Evangelion: 3.0+1.0 Thrice Upon a Time,シン・エヴァンゲリオン劇場版:||,ja,9.438,2021-03-08,8.217,992
16,22970,The Cabin in the Woods,The Cabin in the Woods,en,16.6611,2012-04-12,6.656,8804
17,9335,Transporter 2,Transporter 2,en,15.2695,2005-08-03,6.333,4079
18,1375,Rocky V,Rocky V,en,8.106,1990-11-16,5.775,3568
19,103663,The Hunt,Jagten,da,13.8147,2012-10-25,8.097,4981
0,609,Poltergeist,Poltergeist,en,10.8181,1982-06-04,7.163,3453
1,505026,Death on the Nile,Death on the Nile,en,20.5276,2022-02-09,6.406,4361
2,206647,Spectre,Spectre,en,17.2614,2015-10-26,6.571,11484
3,804,Roman Holiday,Roman Holiday,en,16.2757,1953-08-26,7.891,2331
4,364,Batman Returns,Batman Returns,en,23.1415,1992-06-19,6.951,7282
5,212778,Chef,Chef,en,7.3726,2014-05-08,7.114,3768
6,83899,You're Next,You're Next,en,9.6498,2013-08-22,6.597,2760
7,75174,The Grey,The Grey,en,11.8584,2011-12-11,6.578,4248
8,1991,Death Proof,Death Proof,en,14.1887,2007-05-22,6.839,5796
9,834,Underworld: Evolution,Underworld: Evolution,en,11.8311,2006-01-12,6.607,4498
10,571,The Birds,The Birds,en,11.9625,1963-03-28,7.51,4577
11,1153470,The Last Spark of Hope,W nich cała nadzieja,pl,6.3733,2023-11-24,5.9,82
12,497582,Enola Holmes,Enola Holmes,en,11.9113,2020-09-22,7.215,6825
13,11230,Drunken Master,醉拳,cn,10.9006,1978-10-05,7.395,1171
14,10588,The Cat in the Hat,The Cat in the Hat,en,40.7304,2003-11-21,5.366,1878
15,9655,She's the Man,She's the Man,en,13.2949,2006-03-17,6.806,3369
16,891,All the President's Men,All the President's Men,en,7.0758,1976-04-09,7.66,2158
17,1103,Escape from New York,Escape from New York,en,13.3841,1981-05-23,7.044,3647
18,1018,Mulholland Drive,Mulholland Drive,en,18.7346,2001-06-06,7.8,7286
19,458723,Us,Us,en,17.6259,2019-03-14,6.937,8292
0,446354,The Post,The Post,en,10.4586,2017-12-22,7.006,5024
1,77950,Turbo,Turbo,en,12.7938,2013-07-11,6.282,3788
2,9350,Cliffhanger,Cliffhanger,en,12.6976,1993-05-28,6.523,2735
3,23437,A Nightmare on Elm Street,A Nightmare on Elm Street,en,11.1071,2010-04-30,5.52,2977
4,2119,Days of Thunder,Days of Thunder,en,13.8514,1990-06-27,6.399,1798
5,2105,American Pie,American Pie,en,18.7139,1999-07-09,6.617,8560
6,1023922,MaXXXine,MaXXXine,en,11.4433,2024-07-04,6.263,1619
7,335462,Wolf Warrior,战狼,zh,4.9686,2015-04-02,6.211,299
8,76617,Texas Chainsaw 3D,Texas Chainsaw 3D,en,9.7758,2013-01-03,5.489,1863
9,4959,The International,The International,en,8.9384,2009-02-03,6.3,1486
10,1954,The Butterfly Effect,The Butterfly Effect,en,16.4816,2004-01-17,7.578,8515
11,1774570,The Making of the Edge of Sanity,The Making of the Edge of Sanity,en,0.0071,1990-01-02,0.0,0
12,354556,Guardians,Защитники,ru,4.9726,2017-02-14,5.014,832
13,44833,Battleship,Battleship,en,18.5887,2012-04-11,5.937,6175
14,3933,Corpse Bride,Corpse Bride,en,29.584,2005-09-12,7.59,10423
15,378064,A Silent Voice: The Movie,映画 聲の形,ja,16.0194,2016-09-17,8.399,4690
16,15370,The Cat Returns,猫の恩返し,ja,10.6841,2002-07-19,7.146,2535
17,420809,Maleficent: Mistress of Evil,Maleficent: Mistress of Evil,en,22.452,2019-10-16,7.293,6611
18,104,Run Lola Run,Lola rennt,de,10.3208,1998-08-20,7.305,2663
19,792307,Poor Things,Poor Things,en,25.5085,2023-12-07,7.631,5748
0,14560,Paul Blart: Mall Cop,Paul Blart: Mall Cop,en,8.1582,2009-01-15,5.5,2787
1,9479,The Nightmare Before Christmas,The Nightmare Before Christmas,en,28.3751,1993-10-09,7.8,10576
2,516486,Greyhound,Greyhound,en,15.0826,2020-07-09,7.418,3458
3,13053,Bolt,Bolt,en,16.5938,2008-11-21,6.555,6646
4,2005,Sister Act,Sister Act,en,14.3383,1992-05-28,6.837,3535
5,391,A Fistful of Dollars,Per un pugno di dollari,it,15.139,1964-09-12,7.822,4860
6,23629,Sucker Punch,Sucker Punch,en,13.4096,2011-03-24,6.205,5238
7,9314,Nineteen Eighty-Four,Nineteen Eighty-Four,en,9.3478,1984-11-09,6.787,1708
8,456740,Hellboy,Hellboy,en,12.14,2019-04-10,5.576,3804
9,206487,Predestination,Predestination,en,12.7205,2014-08-28,7.413,7328
10,97020,RoboCop,RoboCop,en,13.7807,2014-01-30,5.9,6000
11,84348,V/H/S,V/H/S,en,6.9808,2012-07-28,6.1,1771
12,65754,The Girl with the Dragon Tattoo,The Girl with the Dragon Tattoo,en,18.0194,2011-12-14,7.387,7800
13,653346,Kingdom of the Planet of the Apes,Kingdom of the Planet of the Apes,en,31.3604,2024-05-08,7.053,4448
14,417859,Puss in Boots,Puss in Boots,en,24.029,2011-10-27,6.619,4751
15,2675,Signs,Signs,en,13.3368,2002-08-02,6.733,6547
16,842675,The Wandering Earth II,流浪地球2,zh,13.8434,2023-01-22,7.31,760
17,550988,Free Guy,Free Guy,en,28.8502,2021-08-11,7.436,10172
18,376659,Bad Moms,Bad Moms,en,12.3425,2016-07-28,6.479,4325
19,68724,Elysium,Elysium,en,15.6038,2013-08-07,6.526,9816
0,453,A Beautiful Mind,A Beautiful Mind,en,20.8657,2001-12-14,7.853,11392
1,18491,Neon Genesis Evangelion: The End of Evangelion,新世紀エヴァンゲリオン劇場版 Air／まごころを、君に,ja,17.1155,1997-07-19,8.259,1958
2,607430,Nine Days,Nine Days,en,5.5716,2021-07-15,6.841,296
3,83666,Moonrise Kingdom,Moonrise Kingdom,en,12.6222,2012-05-16,7.678,6478
4,10775,Infernal Affairs,無間道,cn,10.1219,2002-12-12,7.805,1930
5,500664,Upgrade,Upgrade,en,12.7661,2018-05-31,7.512,5251
6,493529,Dungeons & Dragons: Honor Among Thieves,Dungeons & Dragons: Honor Among Thieves,en,21.3794,2023-03-23,7.36,4925
7,402900,Ocean's Eight,Ocean's Eight,en,19.1902,2018-06-07,6.945,8985
8,310307,The Founder,The Founder,en,17.177,2016-11-24,7.153,5532
9,19994,Jennifer's Body,Jennifer's Body,en,18.668,2009-09-18,6.0,4400
10,9489,You've Got Mail,You've Got Mail,en,26.0797,1998-12-18,6.71,3752
11,853,Enemy at the Gates,Enemy at the Gates,en,15.7099,2001-02-28,7.427,4178
12,665,Ben-Hur,Ben-Hur,en,12.831,1959-11-18,7.893,3263
13,641,Requiem for a Dream,Requiem for a Dream,en,10.7057,2000-10-06,8.007,11299
14,976720,Vesper,Vesper,en,4.9095,2022-08-17,6.26,740
15,649609,Renfield,Renfield,en,11.7252,2023-04-07,6.436,2237
16,8699,Anchorman: The Legend of Ron Burgundy,Anchorman: The Legend of Ron Burgundy,en,11.0664,2004-06-28,6.7,4745
17,60935,The Thing,The Thing,en,9.3218,2011-10-12,6.255,3331
18,1236814,Swapping Workshop for Middle-aged Couples,중년부부 스와핑 워크샵,ko,5.3499,2023-04-21,9.0,1
19,1146664,Prank Squad,Prank Squad,en,2.5128,2023-06-24,4.0,1
0,1093349,Barbie: Skipper and the Big Babysitting Adventure,Barbie: Skipper and the Big Babysitting Adventure,en,3.0187,2023-03-03,6.7,54
1,1064028,Subservience,Subservience,en,20.8371,2024-08-15,6.644,1111
2,1029955,Kinds of Kindness,Kinds of Kindness,en,18.407,2024-05-30,6.479,1361
3,675353,Sonic the Hedgehog 2,Sonic the Hedgehog 2,en,27.3216,2022-03-30,7.417,6020
4,615453,Ne Zha,哪吒之魔童降世,zh,20.0113,2019-07-26,7.91,963
5,350590,Für immer im Herzen,Für immer im Herzen,de,1.1052,2004-09-03,6.833,3
6,126034,Hell Squad,Hell Squad,en,1.0412,1985-07-12,3.2,17
7,13389,Righteous Kill,Righteous Kill,en,9.7422,2008-09-11,5.869,1397
8,8838,Mercury Rising,Mercury Rising,en,10.2972,1998-04-03,6.293,1722
9,5825,National Lampoon's Christmas Vacation,National Lampoon's Christmas Vacation,en,12.3171,1989-11-30,7.234,2792
10,2976,Hairspray,Hairspray,en,6.657,2007-07-19,6.665,2676
11,762,Monty Python and the Holy Grail,Monty Python and the Holy Grail,en,15.9745,1975-04-03,7.803,6614
12,338953,Fantastic Beasts: The Secrets of Dumbledore,Fantastic Beasts: The Secrets of Dumbledore,en,25.0675,2022-04-06,6.622,5255
13,63197,Megan Is Missing,Megan Is Missing,en,5.8298,2011-05-01,6.132,877
14,532639,Pinocchio,Pinocchio,en,10.9627,2022-09-07,6.252,1781
15,12600,Pokémon 4Ever,劇場版ポケットモンスター セレビィ 時を超えた遭遇,ja,4.9069,2001-07-07,6.488,482
16,9607,Super Mario Bros.,Super Mario Bros.,en,8.5189,1993-05-28,4.499,1499
17,10681,WALL·E,WALL·E,en,37.4739,2008-06-26,8.125,20873
18,159824,Hotel Transylvania 2,Hotel Transylvania 2,en,17.2842,2015-09-21,6.765,6255
19,1607,A Bronx Tale,A Bronx Tale,en,16.7912,1993-10-01,7.905,3006
0,341013,Atomic Blonde,Atomic Blonde,en,16.203,2017-07-26,6.441,6774
1,87516,Oldboy,Oldboy,en,12.4462,2013-11-14,5.923,2188
2,18240,The Proposal,The Proposal,en,25.9343,2009-06-02,7.181,7771
3,10396,Tequila Sunrise,Tequila Sunrise,en,5.6409,1988-12-02,6.07,605
4,9741,Unbreakable,Unbreakable,en,13.296,2000-11-22,7.146,10146
5,3176,Battle Royale,バトル・ロワイアル,ja,9.2432,2000-12-16,7.3,3945
6,872,Singin' in the Rain,Singin' in the Rain,en,13.9561,1952-04-10,8.126,3618
7,1721357,IPX-998 先生…今日、泊まっていい？ 実習期間中、ホテル暮らしのボクは生徒に迫られ、まさかの相部屋に…彼女は困惑するボクを誘惑し朝が来るまでひたすら痴女り続けた。 相沢みなみ,IPX-998 先生…今日、泊まっていい？ 実習期間中、ホテル暮らしのボクは生徒に迫られ、まさかの相部屋に…彼女は困惑するボクを誘惑し朝が来るまでひたすら痴女り続けた。 相沢みなみ,ja,3.562,2023-02-14,0.0,0
8,396461,Under the Silver Lake,Under the Silver Lake,en,8.4268,2018-08-08,6.322,1673
9,283566,Evangelion: 3.0+1.0 Thrice Upon a Time,シン・エヴァンゲリオン劇場版:||,ja,9.438,2021-03-08,8.217,992
10,22970,The Cabin in the Woods,The Cabin in the Woods,en,16.6611,2012-04-12,6.656,8804
11,9335,Transporter 2,Transporter 2,en,15.2695,2005-08-03,6.333,4079
12,1375,Rocky V,Rocky V,en,8.106,1990-11-16,5.775,3568
13,103663,The Hunt,Jagten,da,13.8147,2012-10-25,8.097,4981
14,609,Poltergeist,Poltergeist,en,10.8181,1982-06-04,7.163,3453
15,505026,Death on the Nile,Death on the Nile,en,20.5276,2022-02-09,6.406,4361
16,206647,Spectre,Spectre,en,17.2614,2015-10-26,6.571,11484
17,804,Roman Holiday,Roman Holiday,en,16.2757,1953-08-26,7.891,2331
18,364,Batman Returns,Batman Returns,en,23.1415,1992-06-19,6.951,7282
19,212778,Chef,Chef,en,7.3726,2014-05-08,7.114,3768
0,83899,You're Next,You're Next,en,9.6498,2013-08-22,6.597,2760
1,75174,The Grey,The Grey,en,11.8584,2011-12-11,6.578,4248
2,1991,Death Proof,Death Proof,en,14.1887,2007-05-22,6.839,5796
3,834,Underworld: Evolution,Underworld: Evolution,en,11.8311,2006-01-12,6.607,4498
4,571,The Birds,The Birds,en,11.9625,1963-03-28,7.51,4577
5,1153470,The Last Spark of Hope,W nich cała nadzieja,pl,6.3733,2023-11-24,5.9,82
6,497582,Enola Holmes,Enola Holmes,en,11.9113,2020-09-22,7.215,6825
7,11230,Drunken Master,醉拳,cn,10.9006,1978-10-05,7.395,1171
8,9655,She's the Man,She's the Man,en,13.2949,2006-03-17,6.806,3369
9,891,All the President's Men,All the President's Men,en,7.0758,1976-04-09,7.66,2158
10,1018,Mulholland Drive,Mulholland Drive,en,18.7346,2001-06-06,7.8,7286
11,77950,Turbo,Turbo,en,12.7938,2013-07-11,6.282,3788
12,9350,Cliffhanger,Cliffhanger,en,12.6976,1993-05-28,6.523,2735
13,587,Big Fish,Big Fish,en,12.944,2003-12-10,7.744,7942
14,23437,A Nightmare on Elm Street,A Nightmare on Elm Street,en,11.1071,2010-04-30,5.52,2977
15,2119,Days of Thunder,Days of Thunder,en,13.8514,1990-06-27,6.399,1798
16,2105,American Pie,American Pie,en,18.7139,1999-07-09,6.617,8560
17,1023922,MaXXXine,MaXXXine,en,11.4433,2024-07-04,6.263,1619
18,335462,Wolf Warrior,战狼,zh,4.9686,2015-04-02,6.211,299
19,76617,Texas Chainsaw 3D,Texas Chainsaw 3D,en,9.7758,2013-01-03,5.489,1863
0,8363,Superbad,Superbad,en,19.8912,2007-08-17,7.274,8366
1,937287,Challengers,Challengers,en,20.5826,2024-04-18,6.9,2848
2,274857,King Arthur: Legend of the Sword,King Arthur: Legend of the Sword,en,16.6648,2017-05-09,6.56,6189
3,360920,The Grinch,The Grinch,en,18.5931,2018-11-08,6.862,4524
4,866398,The Beekeeper,The Beekeeper,en,31.7594,2024-01-08,7.279,4537
5,25237,Come and See,Иди и смотри,ru,10.5373,1985-10-17,8.191,1959
6,858017,I Saw the TV Glow,I Saw the TV Glow,en,13.6019,2024-05-03,6.208,795
7,61791,Rise of the Planet of the Apes,Rise of the Planet of the Apes,en,26.1196,2011-08-03,7.354,13078
8,1593,Night at the Museum,Night at the Museum,en,20.7844,2006-12-20,6.6,11201
9,887357,Green Lantern: Beware My Power,Green Lantern: Beware My Power,en,6.7854,2022-07-26,6.802,273
10,566076,The United States vs. Billie Holiday,The United States vs. Billie Holiday,en,6.3228,2021-03-31,6.517,322
11,427641,Rampage,Rampage,en,17.0363,2018-04-11,6.466,7728
12,321612,Beauty and the Beast,Beauty and the Beast,en,33.112,2017-03-16,6.967,16164
13,34019,The Hidden Blade,隠し剣 鬼の爪,ja,1.2749,2004-10-30,7.4,129
14,11253,Hellboy II: The Golden Army,Hellboy II: The Golden Army,en,13.1745,2008-07-11,6.77,5747
15,9829,United 93,United 93,en,13.2227,2006-04-28,7.1,1691
16,9792,The Hills Have Eyes,The Hills Have Eyes,en,13.6403,2006-03-10,6.489,3471
17,454,Romeo + Juliet,Romeo + Juliet,en,12.3023,1996-11-01,6.8,5452
18,1155089,Justice League: Crisis on Infinite Earths Part One,Justice League: Crisis on Infinite Earths Part One,en,8.9584,2024-01-08,7.238,425
19,347866,Hot Summer Nights,Hot Summer Nights,en,6.8311,2018-07-26,6.566,837
0,39939,Super Troopers,Super Troopers,en,8.3969,2001-02-15,6.547,1276
1,14560,Paul Blart: Mall Cop,Paul Blart: Mall Cop,en,8.1582,2009-01-15,5.449,2788
2,590223,Love and Monsters,Love and Monsters,en,11.7935,2020-10-16,7.265,4593
3,516486,Greyhound,Greyhound,en,15.0826,2020-07-09,7.418,3458
4,13053,Bolt,Bolt,en,16.5938,2008-11-21,6.555,6646
5,2005,Sister Act,Sister Act,en,14.3383,1992-05-28,6.837,3535
6,23629,Sucker Punch,Sucker Punch,en,13.4096,2011-03-24,6.205,5238
7,206487,Predestination,Predestination,en,12.7205,2014-08-28,7.413,7329
8,97020,RoboCop,RoboCop,en,13.7807,2014-01-30,5.891,6001
9,84348,V/H/S,V/H/S,en,6.9808,2012-07-28,6.109,1772
10,65754,The Girl with the Dragon Tattoo,The Girl with the Dragon Tattoo,en,18.0194,2011-12-14,7.387,7801
11,11026,Exorcist: The Beginning,Exorcist: The Beginning,en,5.1121,2004-08-20,5.408,920
12,7972,Before the Devil Knows You're Dead,Before the Devil Knows You're Dead,en,8.8616,2007-09-26,7.11,1803
13,532,A Close Shave,A Close Shave,en,5.6189,1996-03-07,7.596,970
14,33,Unforgiven,Unforgiven,en,15.2458,1992-08-07,7.914,5106
15,653346,Kingdom of the Planet of the Apes,Kingdom of the Planet of the Apes,en,31.3604,2024-05-08,7.053,4449
16,399566,Godzilla vs. Kong,Godzilla vs. Kong,en,22.6799,2021-03-24,7.522,10820
17,2675,Signs,Signs,en,13.3368,2002-08-02,6.733,6548
18,842675,The Wandering Earth II,流浪地球2,zh,13.8434,2023-01-22,7.31,760
19,697843,Extraction 2,Extraction 2,en,21.7336,2023-06-09,7.388,3052
0,550988,Free Guy,Free Guy,en,28.8502,2021-08-11,7.436,10173
1,376659,Bad Moms,Bad Moms,en,12.3425,2016-07-28,6.479,4325
2,52520,Underworld: Awakening,Underworld: Awakening,en,11.5167,2012-01-19,6.334,4464
3,37686,Super 8,Super 8,en,11.1764,2011-06-09,6.784,7282
4,16157,Mobile Suit Gundam: Char's Counterattack,機動戦士ガンダム 逆襲のシャア,ja,2.8499,1988-03-12,7.21,81
5,9531,Superman III,Superman III,en,8.5227,1983-06-17,5.509,1945
6,8967,The Tree of Life,The Tree of Life,en,11.6222,2011-05-17,6.716,3416
7,4588,"Lust, Caution",色‧戒,zh,14.8761,2007-09-24,7.286,842
8,718789,Lightyear,Lightyear,en,14.7828,2022-06-15,6.861,3946
9,840576,The Black Square,Das schwarze Quadrat,de,2.8238,2021-11-25,5.196,28
10,560016,Monkey Man,Monkey Man,en,15.5851,2024-04-03,6.868,1520
11,454983,The Kissing Booth,The Kissing Booth,en,11.099,2018-05-11,7.154,7512
12,447277,The Little Mermaid,The Little Mermaid,en,27.9625,2023-05-18,6.252,3414
13,254128,San Andreas,San Andreas,en,19.4335,2015-05-27,6.25,9205
14,76826,Grave of the Fireflies,火垂るの墓,ja,2.1531,2005-11-01,7.924,118
15,13151,Scooby-Doo on Zombie Island,Scooby-Doo on Zombie Island,en,8.5516,1998-09-22,7.7,885
16,11024,Scooby-Doo 2: Monsters Unleashed,Scooby-Doo 2: Monsters Unleashed,en,7.9234,2004-03-24,6.114,2987
17,8069,Barbarella,Barbarella,en,7.2687,1968-10-10,5.995,876
18,75629,Evangelion: 3.0 You Can (Not) Redo,ヱヴァンゲリヲン新劇場版:Q,ja,7.3907,2012-11-17,7.2,967
19,8271,Disturbia,Disturbia,en,10.3331,2007-03-27,6.694,4214
0,804095,The Fabelmans,The Fabelmans,en,16.928,2022-11-11,7.558,2880
1,109418,Grown Ups 2,Grown Ups 2,en,30.6299,2013-07-11,6.193,4817
2,16664,All About Lily Chou-Chou,リリイ・シュシュのすべて,ja,7.6142,2001-10-06,7.5,321
3,9928,Robots,Robots,en,18.0463,2005-03-10,6.506,5064
4,172385,Rio 2,Rio 2,en,13.1865,2014-03-19,6.511,3857
5,39254,Real Steel,Real Steel,en,23.0415,2011-09-28,7.146,9555
6,23202,Trick 'r Treat,Trick 'r Treat,en,9.0111,2007-12-09,6.988,2138
7,10882,Sleeping Beauty,Sleeping Beauty,en,26.9721,1959-02-17,6.946,5577
8,10637,Remember the Titans,Remember the Titans,en,13.4722,2000-09-29,7.669,3071
9,8355,Ice Age: Dawn of the Dinosaurs,Ice Age: Dawn of the Dinosaurs,en,24.1944,2009-06-26,6.78,9068
10,6978,Big Trouble in Little China,Big Trouble in Little China,en,9.8992,1986-05-30,7.21,3498
11,5174,Rush Hour 3,Rush Hour 3,en,15.9152,2007-08-08,6.5,3851
12,1701,Con Air,Con Air,en,15.8083,1997-06-05,6.785,4861
13,164,Breakfast at Tiffany's,Breakfast at Tiffany's,en,10.4365,1961-10-06,7.614,4567
14,151960,Planes,Planes,en,12.2224,2013-08-09,5.938,1878
15,68335,Now & Later,Now & Later,en,6.0426,2009-02-18,4.984,61
16,297761,Suicide Squad,Suicide Squad,en,21.3098,2016-08-03,5.917,22428
17,14069,The Girl Who Leapt Through Time,時をかける少女,ja,9.0478,2006-07-15,7.8,2309
18,1226578,Longlegs,Longlegs,en,12.8394,2024-07-10,6.519,2864
19,58595,Snow White and the Huntsman,Snow White and the Huntsman,en,11.5087,2012-05-30,5.982,8361
0,10511,In America,In America,en,3.1808,2003-09-22,7.148,398
1,9992,Arthur and the Invisibles,Arthur et les Minimoys,fr,13.6612,2006-12-13,6.395,3102
2,9637,Scooby-Doo,Scooby-Doo,en,11.5845,2002-06-14,6.116,4885
3,9626,Red Sonja,Red Sonja,en,8.0937,1985-04-09,5.372,985
4,5879,In the Realm of the Senses,愛のコリーダ,ja,15.4259,1976-09-15,6.6,759
5,3682,54,54,en,4.303,1998-08-28,5.861,554
6,865,The Running Man,The Running Man,en,11.732,1987-11-13,6.541,2973
7,547,The Horse Whisperer,The Horse Whisperer,en,8.1955,1998-02-01,6.9,1217
8,166,The Party,La Boum,fr,5.3337,1980-12-17,6.598,1230
9,80,Before Sunset,Before Sunset,en,11.5761,2004-06-16,7.8,3924
10,14,American Beauty,American Beauty,en,19.6819,1999-09-15,7.997,13353
11,882569,Guy Ritchie's The Covenant,Guy Ritchie's The Covenant,en,21.5886,2023-04-19,7.721,3354
12,748783,The Garfield Movie,The Garfield Movie,en,20.7209,2024-04-30,7.0,1503
13,581392,Peninsula,반도,ko,11.1801,2020-07-15,6.7,2665
14,466420,Killers of the Flower Moon,Killers of the Flower Moon,en,34.7319,2023-10-18,7.393,4344
15,454640,The Angry Birds Movie 2,The Angry Birds Movie 2,en,15.301,2019-08-02,7.052,1959
16,431580,Abominable,Abominable,en,14.225,2019-09-19,7.453,2228
17,382322,Batman: The Killing Joke,Batman: The Killing Joke,en,9.671,2016-07-24,6.601,1972
18,328111,The Secret Life of Pets,The Secret Life of Pets,en,8.7371,2016-06-18,6.327,8669
19,293970,The Final Girls,The Final Girls,en,5.8075,2015-10-09,6.384,1437
0,310131,The Witch,The Witch,en,18.638,2016-02-19,7.003,7882
1,295693,The Boss Baby,The Boss Baby,en,8.6719,2017-03-23,6.45,7580
2,243797,Kamasutra 3D,Kamasutra 3D,en,0.352,2013-08-17,5.182,22
3,76726,Chronicle,Chronicle,en,12.145,2012-02-01,6.869,5934
4,67308,3-D Sex and Zen: Extreme Ecstasy,3D肉蒲團之極樂寶鑑,cn,3.3291,2011-04-14,5.48,197
5,50620,The Twilight Saga: Breaking Dawn - Part 2,The Twilight Saga: Breaking Dawn - Part 2,en,18.7045,2012-11-13,6.452,9499
6,49538,X-Men: First Class,X-Men: First Class,en,1.5282,2011-06-01,7.306,13864
7,49527,Man on a Ledge,Man on a Ledge,en,10.9924,2012-01-13,6.44,2881
8,17692,Jaws 3-D,Jaws 3-D,en,8.5533,1983-07-22,4.472,1452
9,13355,Scooby-Doo! Pirates Ahoy!,Scooby-Doo! Pirates Ahoy!,en,6.8244,2006-09-10,7.5,311
10,11013,Secretary,Secretary,en,14.7484,2002-09-20,6.8,2007
11,9331,Clear and Present Danger,Clear and Present Danger,en,15.1766,1994-08-03,6.649,1749
12,7512,Idiocracy,Idiocracy,en,12.7685,2006-09-01,6.386,3798
13,926,Galaxy Quest,Galaxy Quest,en,11.6844,1999-12-25,7.1,2640
14,392,Chocolat,Chocolat,en,9.5576,2000-12-22,6.971,3576
15,446354,The Post,The Post,en,10.4586,2017-12-22,7.006,5024
16,928,Gremlins 2: The New Batch,Gremlins 2: The New Batch,en,11.7666,1990-06-15,6.527,2996
17,8363,Superbad,Superbad,en,19.8912,2007-08-17,7.274,8366
18,937287,Challengers,Challengers,en,20.5826,2024-04-18,6.9,2848
19,274857,King Arthur: Legend of the Sword,King Arthur: Legend of the Sword,en,16.6648,2017-05-09,6.56,6189
0,18947,The Boat That Rocked,The Boat That Rocked,en,7.011,2009-04-01,7.224,2347
1,18760,Spiritual Kung Fu,拳精,cn,3.0337,1978-11-23,6.0,102
2,12448,The Hunchback of Notre Dame II,The Hunchback of Notre Dame II,en,10.9105,2002-02-06,5.4,863
3,9882,The Siege,The Siege,en,10.0543,1998-11-06,6.291,1549
4,8844,Jumanji,Jumanji,en,5.1228,1995-12-15,7.25,11565
5,7549,Fearless,霍元甲,zh,5.9605,2006-01-26,7.516,1456
6,4995,Boogie Nights,Boogie Nights,en,14.4136,1997-10-07,7.636,3701
7,2309,Inkheart,Inkheart,en,10.2785,2008-12-11,6.308,2328
8,2001,We Own the Night,We Own the Night,en,9.1507,2007-10-12,6.686,1565
9,773,Little Miss Sunshine,Little Miss Sunshine,en,12.6218,2006-07-26,7.691,8072
10,668,On Her Majesty's Secret Service,On Her Majesty's Secret Service,en,14.3627,1969-12-18,6.561,2219
11,467,The Hole,The Hole,en,5.3789,2001-04-20,6.196,923
12,335,Once Upon a Time in the West,C'era una volta il West,it,19.5518,1968-12-21,8.263,5052
13,75,Mars Attacks!,Mars Attacks!,en,13.8124,1996-12-13,6.432,6049
14,8051,Punch-Drunk Love,Punch-Drunk Love,en,11.4856,2002-10-11,7.106,2863
15,2300,Space Jam,Space Jam,en,13.7718,1996-11-15,6.81,6560
16,83,Open Water,Open Water,en,3.5686,2004-08-06,5.5,1164
17,945729,A Haunting in Venice,A Haunting in Venice,en,20.0341,2023-09-13,6.562,2953
18,9595,Hot Shots!,Hot Shots!,en,13.5852,1991-07-31,6.585,2544
19,9509,Man on Fire,Man on Fire,en,19.1777,2004-04-23,7.466,5900
0,8274,American Pie Presents: Band Camp,American Pie Presents: Band Camp,en,8.0893,2005-11-23,5.472,2283
1,637,Life Is Beautiful,La vita è bella,it,27.4221,1997-12-20,8.436,14249
2,406563,Insidious: The Last Key,Insidious: The Last Key,en,26.6615,2018-01-03,6.281,3275
3,1585,It's a Wonderful Life,It's a Wonderful Life,en,19.2199,1946-12-20,8.276,5059
4,391713,Lady Bird,Lady Bird,en,14.5884,2017-09-01,7.249,9174
5,335797,Sing,Sing,en,19.9598,2016-11-23,7.124,8583
6,913673,Nefarious,Nefarious,en,6.0341,2023-04-14,6.729,539
7,791373,Zack Snyder's Justice League,Zack Snyder's Justice League,en,26.8857,2021-03-18,8.075,11138
8,329996,Dumbo,Dumbo,en,11.8629,2019-03-27,6.583,4576
9,290250,The Nice Guys,The Nice Guys,en,20.7807,2016-05-15,7.137,8919
10,225574,Non-Stop,Non-Stop,en,10.1486,2014-02-26,6.811,5869
11,90965,Her Vengeance,血玫瑰,cn,1.8608,1988-10-07,6.1,19
12,68734,Argo,Argo,en,13.5441,2012-10-11,7.286,9188
13,57165,Wrath of the Titans,Wrath of the Titans,en,16.7062,2012-03-28,5.773,4605
14,43347,Love & Other Drugs,Love & Other Drugs,en,14.5969,2010-11-22,7.042,5717
15,42589,"Hi, Mom!","Hi, Mom!",en,3.2503,1970-04-27,6.3,214
16,28055,Blood and Black Lace,Sei donne per l'assassino,it,3.7132,1964-03-14,7.313,484
17,19898,Pandorum,Pandorum,en,7.681,2009-09-08,6.606,2760
18,8467,Dumb and Dumber,Dumb and Dumber,en,19.7497,1994-12-16,6.664,6926
19,3594,The Number 23,The Number 23,en,11.7451,2007-02-23,6.406,3627
0,2277,Bicentennial Man,Bicentennial Man,en,11.7041,1999-12-17,7.274,4055
1,850,A Christmas Story,A Christmas Story,en,5.8026,1983-11-18,7.237,1468
2,163,Ocean's Twelve,Ocean's Twelve,en,17.1462,2004-12-09,6.566,8124
3,967847,Ghostbusters: Frozen Empire,Ghostbusters: Frozen Empire,en,15.7555,2024-03-20,6.437,2292
4,535167,The Wandering Earth,流浪地球,zh,7.6335,2019-02-05,6.636,1210
5,511987,Crawl,Crawl,en,18.9616,2019-07-10,6.336,3465
6,505948,I Am Mother,I Am Mother,en,8.9972,2019-06-07,6.713,2935
7,429245,Even Though I Don't Like It,好きでもないくせに,ja,3.6599,2016-09-03,4.974,19
8,399174,Isle of Dogs,Isle of Dogs,en,19.0596,2018-03-23,7.848,5556
9,238751,Best of the Best,Best of the Best,en,7.9215,1989-11-10,6.485,356
10,9279,Jingle All the Way,Jingle All the Way,en,12.0727,1996-11-21,6.068,3034
11,3782,Ikiru,生きる,ja,10.7574,1952-10-09,8.316,1390
12,1690,Hostel,Hostel,en,11.2503,2006-01-06,5.966,4070
13,1547,The Lost Boys,The Lost Boys,en,12.1588,1987-07-31,7.118,2392
14,35,The Simpsons Movie,The Simpsons Movie,en,18.137,2007-07-25,7.024,8726
15,19,Metropolis,Metropolis,de,8.5936,1927-01-10,8.085,3199
16,614479,Insidious: The Red Door,Insidious: The Red Door,en,26.2719,2023-07-05,6.529,2108
17,482040,Mom's Friend 3,엄마친구 3,ko,5.3775,2017-03-30,5.5,6
18,280092,Insidious: Chapter 3,Insidious: Chapter 3,en,21.8495,2015-05-28,6.3,3763
19,75612,Oblivion,Oblivion,en,17.2347,2013-04-10,6.691,11829
0,215,Saw II,Saw II,en,15.9365,2005-10-28,6.61,6053
1,1397316,Looney Tunes Collector's Choice: Volume 1,Looney Tunes Collector's Choice: Volume 1,en,0.6732,2023-05-30,0.0,0
2,1384611,The Fighting First,The Fighting First,en,0.4952,1946-11-08,0.0,0
3,1262009,Golden Eagle. Special Forces,«Беркут». Отряд специального назначения,kk,1.1908,2023-11-01,0.0,0
4,1142127,Bawaal,बवाल,hi,1.5446,2023-07-21,6.6,39
5,852247,Problemista,Problemista,en,4.4252,2024-03-01,6.8,172
6,820232,Demon Slayer: Kimetsu no Yaiba - Sibling's Bond,鬼滅の刃 兄妹の絆,ja,4.5958,2019-03-29,7.859,259
7,673593,Mean Girls,Mean Girls,en,19.5951,2024-01-10,5.857,762
8,544587,Growing Girl,Growing Girl,en,1.0984,2017-03-22,0.0,0
9,483411,Ladies in Black,Ladies in Black,en,4.4141,2018-10-18,6.709,206
10,450001,Master Z: Ip Man Legacy,葉問外傳：張天志,cn,6.1795,2018-12-20,6.534,610
11,440146,The Yuppie Fantasia 3,小男人週記3之吾家有喜,cn,1.806,2017-01-26,6.5,2
12,337170,American Made,American Made,en,15.8138,2017-08-18,6.901,5123
13,332567,The Shallows,The Shallows,en,13.8455,2016-06-24,6.354,5431
14,309912,Green Signals,Зеленые цепочки,ru,1.0625,1970-12-03,6.7,7
15,170687,The Boxtrolls,The Boxtrolls,en,14.5921,2014-09-10,6.73,1860
16,64605,Seven Thieves,Seven Thieves,en,2.3736,1960-03-11,6.6,38
17,64530,Chinese Erotic Ghost Story,玉女聊齋,cn,3.9722,1998-06-12,5.933,15
18,45202,The Housemaid,하녀,ko,4.0039,2010-05-13,6.311,397
19,42333,Legend of the Werewolf,Legend of the Werewolf,en,1.541,1975-08-06,5.352,27
0,40468,Opposing Force,Opposing Force,en,2.8977,1986-08-01,4.438,24
1,37265,All Ladies Do It,Così fan tutte,it,8.8389,1992-02-21,5.064,435
2,31654,The Strongest Man in the World,The Strongest Man in the World,en,3.8524,1975-02-06,6.188,77
3,29794,Howling II: Stirba - Werewolf Bitch,Howling II: Stirba - Werewolf Bitch,en,4.4665,1985-08-28,4.917,242
4,18256,Castle Freak,Castle Freak,en,4.4365,1996-04-20,6.103,247
5,17581,Naruto Shippuden the Movie: Bonds,劇場版 NARUTO -ナルト- 疾風伝 絆,ja,7.7014,2008-08-02,7.317,533
6,13455,Push,Push,en,8.179,2009-02-04,6.149,2511
7,11969,Tombstone,Tombstone,en,12.8818,1993-12-25,7.582,2547
8,11449,The Amityville Horror,The Amityville Horror,en,7.435,1979-07-27,6.284,1073
9,11260,Meet Dave,Meet Dave,en,5.9616,2008-07-08,5.334,1598
10,10891,Tremors 4: The Legend Begins,Tremors 4: The Legend Begins,en,6.4265,2004-01-02,5.74,544
11,10511,In America,In America,en,3.1808,2003-09-22,7.145,399
12,9992,Arthur and the Invisibles,Arthur et les Minimoys,fr,13.6612,2006-12-13,6.395,3103
13,9637,Scooby-Doo,Scooby-Doo,en,11.5845,2002-06-14,6.116,4886
14,9626,Red Sonja,Red Sonja,en,8.0937,1985-04-09,5.373,986
15,5879,In the Realm of the Senses,愛のコリーダ,ja,15.4259,1976-09-15,6.6,759
16,865,The Running Man,The Running Man,en,11.732,1987-11-13,6.541,2973
17,547,The Horse Whisperer,The Horse Whisperer,en,8.1955,1998-02-01,6.9,1217
18,166,The Party,La Boum,fr,5.3337,1980-12-17,6.598,1230
19,80,Before Sunset,Before Sunset,en,11.5761,2004-06-16,7.8,3924
0,2291,Jacob's Ladder,Jacob's Ladder,en,9.5135,1990-11-02,7.357,1990
1,1691,Hostel: Part II,Hostel: Part II,en,9.3893,2007-06-07,5.86,2277
2,1443,The Virgin Suicides,The Virgin Suicides,en,9.2268,2000-04-21,7.134,3703
3,860,WarGames,WarGames,en,10.9563,1983-06-03,7.071,2254
4,817,Austin Powers: The Spy Who Shagged Me,Austin Powers: The Spy Who Shagged Me,en,12.5154,1999-06-08,6.322,3799
5,805,Rosemary's Baby,Rosemary's Baby,en,11.8,1968-06-12,7.817,4495
6,252,Willy Wonka & the Chocolate Factory,Willy Wonka & the Chocolate Factory,en,14.1247,1971-06-29,7.483,4074
7,235,Stand by Me,Stand by Me,en,18.8565,1986-08-08,7.834,6747
8,65,8 Mile,8 Mile,en,12.3819,2002-11-08,7.148,7983
9,1072371,Jules,Jules,en,6.5799,2023-08-10,7.106,416
10,337167,Fifty Shades Freed,Fifty Shades Freed,en,24.5633,2018-01-17,6.667,8432
11,213121,Toy Story of Terror!,Toy Story of Terror!,en,0.3816,2013-10-16,7.3,1063
12,16320,Serenity,Serenity,en,9.6238,2005-09-25,7.359,3997
13,10072,A Nightmare on Elm Street 3: Dream Warriors,A Nightmare on Elm Street 3: Dream Warriors,en,4.654,1987-02-27,6.725,2110
14,8810,Mad Max 2,Mad Max 2,en,12.146,1981-12-24,7.39,4313
15,937278,A Man Called Otto,A Man Called Otto,en,23.4544,2022-12-28,7.748,3768
16,43801,The Devil and Miss Jones,The Devil and Miss Jones,en,2.2576,1941-04-11,7.6,66
17,9533,Red Dragon,Red Dragon,en,3.1379,2002-10-02,7.048,4856
18,452557,Wolf Warrior 2,战狼2,zh,5.3281,2017-07-27,6.486,347
19,384521,The Cloverfield Paradox,The Cloverfield Paradox,en,9.749,2018-02-04,5.6,3679
0,269955,Obsessed,인간중독,ko,20.1561,2014-05-14,6.679,84
1,13655,Camp Rock,Camp Rock,en,7.347,2008-06-20,6.389,2212
2,9730,Friday the 13th: The Final Chapter,Friday the 13th: The Final Chapter,en,9.3891,1984-04-13,6.128,1560
3,510,One Flew Over the Cuckoo's Nest,One Flew Over the Cuckoo's Nest,en,24.6598,1975-11-19,8.405,11763
4,15,Citizen Kane,Citizen Kane,en,13.157,1941-04-17,7.966,6229
5,456740,Hellboy,Hellboy,en,12.14,2019-04-10,5.576,3805
6,9336,Police Academy,Police Academy,en,12.6476,1984-03-22,6.725,3093
7,55779,Final Destination 5,Final Destination 5,en,15.4004,2011-08-12,6.159,4230
8,23483,Kick-Ass,Kick-Ass,en,18.0329,2010-03-26,7.124,12639
9,13510,Eden Lake,Eden Lake,en,11.7188,2008-09-12,6.826,2190
10,617,Wild Things,Wild Things,en,11.3912,1998-03-20,6.389,2061
11,281338,War for the Planet of the Apes,War for the Planet of the Apes,en,24.9602,2017-07-11,7.225,9960
12,104578,Aesthetics of a Bullet,鉄砲玉の美学 　,ja,1.9481,1973-02-10,7.0,2
13,18360,Night at the Museum: Battle of the Smithsonian,Night at the Museum: Battle of the Smithsonian,en,14.6286,2009-05-20,6.156,7448
14,644,A.I. Artificial Intelligence,A.I. Artificial Intelligence,en,19.8717,2001-06-29,7.069,6869
15,8843,The Cell,The Cell,en,12.2418,2000-08-18,6.287,1791
16,5255,The Polar Express,The Polar Express,en,18.6697,2004-11-10,6.726,7030
17,993784,Lisa Frankenstein,Lisa Frankenstein,en,6.8557,2024-02-07,6.4,618
18,362585,Kizumonogatari Part 3: Reiketsu,傷物語〈Ⅲ冷血篇〉,ja,3.2126,2017-01-06,8.031,244
19,335988,Transformers: The Last Knight,Transformers: The Last Knight,en,20.6201,2017-06-16,6.064,6890
0,24021,The Twilight Saga: Eclipse,The Twilight Saga: Eclipse,en,16.6892,2010-06-23,6.187,9388
1,19277,In Hell,In Hell,en,5.7791,2003-11-24,6.67,637
2,17609,Antichrist,Antichrist,en,7.1764,2009-05-20,6.611,2917
3,9331,Clear and Present Danger,Clear and Present Danger,en,15.1766,1994-08-03,6.649,1749
4,3682,54,54,en,4.303,1998-08-28,5.861,554
5,983,The Man Who Would Be King,The Man Who Would Be King,en,6.1817,1975-12-03,7.487,737
6,926,Galaxy Quest,Galaxy Quest,en,11.6844,1999-12-25,7.1,2640
7,214,Saw III,Saw III,en,11.6754,2006-10-26,6.417,5084
8,667938,Curveball,Curveball - Wir machen die Wahrheit,de,2.2348,2021-04-09,7.143,14
9,559907,The Green Knight,The Green Knight,en,15.1111,2021-07-29,6.587,2303
10,396422,Annabelle: Creation,Annabelle: Creation,en,16.1464,2017-08-03,6.608,6091
11,283350,Before We Go,Before We Go,en,6.6913,2014-09-04,6.741,1918
12,152042,Puella Magi Madoka Magica the Movie Part I: Beginnings,劇場版 魔法少女まどか☆マギカ [前編] 始まりの物語,ja,3.84,2012-10-05,7.579,158
13,22803,Law Abiding Citizen,Law Abiding Citizen,en,16.9148,2009-10-15,7.395,5852
14,8374,The Boondock Saints,The Boondock Saints,en,10.2086,1999-01-22,7.239,2800
15,771,Home Alone,Home Alone,en,1.9671,1990-11-16,7.467,12845
16,49530,In Time,In Time,en,19.566,2011-10-27,6.97,12422
17,18823,Clash of the Titans,Clash of the Titans,en,16.0467,2010-03-26,5.924,6846
18,9798,Enemy of the State,Enemy of the State,en,13.566,1998-11-20,7.081,4423
19,9374,Death Becomes Her,Death Becomes Her,en,16.673,1992-07-30,6.794,3089
0,163,Ocean's Twelve,Ocean's Twelve,en,17.1462,2004-12-09,6.566,8124
1,967847,Ghostbusters: Frozen Empire,Ghostbusters: Frozen Empire,en,15.7555,2024-03-20,6.437,2292
2,535167,The Wandering Earth,流浪地球,zh,7.6335,2019-02-05,6.636,1210
3,511987,Crawl,Crawl,en,18.9616,2019-07-10,6.336,3465
4,505948,I Am Mother,I Am Mother,en,8.9972,2019-06-07,6.713,2935
5,429245,Even Though I Don't Like It,好きでもないくせに,ja,3.6599,2016-09-03,4.974,19
6,399174,Isle of Dogs,Isle of Dogs,en,19.0596,2018-03-23,7.848,5556
7,238751,Best of the Best,Best of the Best,en,7.9215,1989-11-10,6.485,356
8,9279,Jingle All the Way,Jingle All the Way,en,12.0727,1996-11-21,6.068,3034
9,3782,Ikiru,生きる,ja,10.7574,1952-10-09,8.316,1390
10,1788,Footloose,Footloose,en,10.9426,1984-02-17,6.69,2269
11,1547,The Lost Boys,The Lost Boys,en,12.1588,1987-07-31,7.118,2392
12,35,The Simpsons Movie,The Simpsons Movie,en,18.137,2007-07-25,7.024,8726
13,614479,Insidious: The Red Door,Insidious: The Red Door,en,26.2719,2023-07-05,6.529,2108
14,482040,Mom's Friend 3,엄마친구 3,ko,5.3775,2017-03-30,5.5,6
15,280092,Insidious: Chapter 3,Insidious: Chapter 3,en,21.8495,2015-05-28,6.3,3763
16,9792,The Hills Have Eyes,The Hills Have Eyes,en,13.6403,2006-03-10,6.489,3471
17,10882,Sleeping Beauty,Sleeping Beauty,en,26.9721,1959-02-17,6.946,5577
18,282035,The Mummy,The Mummy,en,17.0585,2017-06-06,5.521,7790
19,1397316,Looney Tunes Collector's Choice: Volume 1,Looney Tunes Collector's Choice: Volume 1,en,0.6732,2023-05-30,0.0,0
0,642,Butch Cassidy and the Sundance Kid,Butch Cassidy and the Sundance Kid,en,13.9848,1969-09-23,7.608,2551
1,116711,Epic,Epic,en,14.3638,2013-05-15,6.564,3010
2,97370,Under the Skin,Under the Skin,en,10.7084,2014-03-14,6.139,3943
3,9731,Friday the 13th: A New Beginning,Friday the 13th: A New Beginning,en,8.5273,1985-03-22,5.3,1340
4,9482,Judge Dredd,Judge Dredd,en,13.0456,1995-06-30,5.852,2844
5,403,Driving Miss Daisy,Driving Miss Daisy,en,7.9237,1989-12-13,7.226,1861
6,869,Planet of the Apes,Planet of the Apes,en,17.7915,2001-07-26,5.779,4548
7,848326,Rebel Moon - Part One: A Child of Fire,Rebel Moon - Part One: A Child of Fire,en,14.246,2023-12-15,6.2,2695
8,509967,6 Underground,6 Underground,en,13.2754,2019-12-10,6.328,5301
9,338947,Hellraiser,Hellraiser,en,8.644,2022-09-28,6.2,1101
10,119283,Parker,Parker,en,9.8748,2013-01-23,6.1,3355
11,46838,Tucker and Dale vs. Evil,Tucker and Dale vs. Evil,en,8.6533,2010-01-22,7.405,3305
12,38050,The Adjustment Bureau,The Adjustment Bureau,en,12.3901,2011-03-03,6.791,5079
13,11690,Bloodsport,Bloodsport,en,9.308,1988-02-26,7.066,2273
14,9836,Happy Feet,Happy Feet,en,12.4947,2006-11-16,6.232,5588
15,137,Groundhog Day,Groundhog Day,en,21.433,1993-02-11,7.636,9170
16,814889,Never Let Go,Never Let Go,en,11.1997,2024-09-18,6.091,682
17,565310,The Farewell,The Farewell,en,6.276,2019-07-12,7.41,1584
18,446893,Trolls World Tour,Trolls World Tour,en,21.1045,2020-03-11,7.224,2312
19,408220,Justice League Dark,Justice League Dark,en,4.845,2017-01-24,7.303,1164
0,37265,All Ladies Do It,Così fan tutte,it,8.8389,1992-02-21,5.064,435
1,31654,The Strongest Man in the World,The Strongest Man in the World,en,3.8524,1975-02-06,6.188,77
2,29794,Howling II: Stirba - Werewolf Bitch,Howling II: Stirba - Werewolf Bitch,en,4.4665,1985-08-28,4.917,242
3,18256,Castle Freak,Castle Freak,en,4.4365,1996-04-20,6.103,247
4,17581,Naruto Shippuden the Movie: Bonds,劇場版 NARUTO -ナルト- 疾風伝 絆,ja,7.7014,2008-08-02,7.317,533
5,13455,Push,Push,en,8.179,2009-02-04,6.149,2511
6,11969,Tombstone,Tombstone,en,12.8818,1993-12-25,7.582,2547
7,11449,The Amityville Horror,The Amityville Horror,en,7.435,1979-07-27,6.284,1073
8,11260,Meet Dave,Meet Dave,en,5.9616,2008-07-08,5.334,1598
9,10891,Tremors 4: The Legend Begins,Tremors 4: The Legend Begins,en,6.4265,2004-01-02,5.74,544
10,10511,In America,In America,en,3.1808,2003-09-22,7.145,399
11,9992,Arthur and the Invisibles,Arthur et les Minimoys,fr,13.6612,2006-12-13,6.395,3103
12,9626,Red Sonja,Red Sonja,en,8.0937,1985-04-09,5.373,986
13,5879,In the Realm of the Senses,愛のコリーダ,ja,15.4259,1976-09-15,6.6,759
14,865,The Running Man,The Running Man,en,11.732,1987-11-13,6.541,2973
15,547,The Horse Whisperer,The Horse Whisperer,en,8.1955,1998-02-01,6.9,1217
16,166,The Party,La Boum,fr,5.3337,1980-12-17,6.598,1230
17,80,Before Sunset,Before Sunset,en,11.5761,2004-06-16,7.806,3925
18,14,American Beauty,American Beauty,en,19.6819,1999-09-15,7.997,13354
19,882569,Guy Ritchie's The Covenant,Guy Ritchie's The Covenant,en,21.5886,2023-04-19,7.721,3354
0,466420,Killers of the Flower Moon,Killers of the Flower Moon,en,34.7319,2023-10-18,7.393,4345
1,454640,The Angry Birds Movie 2,The Angry Birds Movie 2,en,15.301,2019-08-02,7.052,1959
2,431580,Abominable,Abominable,en,14.225,2019-09-19,7.453,2228
3,382322,Batman: The Killing Joke,Batman: The Killing Joke,en,9.671,2016-07-24,6.601,1972
4,328111,The Secret Life of Pets,The Secret Life of Pets,en,8.7371,2016-06-18,6.327,8669
5,228326,The Book of Life,The Book of Life,en,14.3449,2014-10-01,7.535,3012
6,22907,Takers,Takers,en,11.2445,2010-08-26,6.253,1418
7,9872,Explorers,Explorers,en,5.3587,1985-07-12,6.269,526
8,8195,Ronin,Ronin,en,8.3025,1998-09-25,6.968,2783
9,7978,The Wolfman,The Wolfman,en,10.9647,2010-02-10,5.9,2246
10,1637,Speed,Speed,en,16.2983,1994-06-09,7.161,7062
11,802,Lolita,Lolita,en,10.3292,1962-06-13,7.298,2301
12,505192,Shoplifters,万引き家族,ja,11.5983,2018-06-02,7.829,2371
13,9291,The Longest Yard,The Longest Yard,en,13.6494,2005-05-27,6.681,3791
14,856,Who Framed Roger Rabbit,Who Framed Roger Rabbit,en,15.4507,1988-06-22,7.542,6348
15,560016,Monkey Man,Monkey Man,en,15.5851,2024-04-03,6.868,1520
16,10734,Escape from Alcatraz,Escape from Alcatraz,en,11.8389,1979-06-22,7.502,3282
17,347031,Swiss Army Man,Swiss Army Man,en,7.5706,2016-06-24,6.913,3918
18,269955,Obsessed,인간중독,ko,20.1561,2014-05-14,6.679,84
19,13655,Camp Rock,Camp Rock,en,7.347,2008-06-20,6.389,2212
0,16486,The Spirit of Christmas: Jesus vs. Frosty,The Spirit of Christmas: Jesus vs. Frosty,en,1.1493,1992-12-01,6.169,68
1,14554,Bad Day at Black Rock,Bad Day at Black Rock,en,4.5588,1955-01-13,7.3,437
2,14177,Beauty Shop,Beauty Shop,en,6.7639,2005-04-22,6.34,567
3,10014,A Nightmare on Elm Street Part 2: Freddy's Revenge,A Nightmare on Elm Street Part 2: Freddy's Revenge,en,8.9441,1985-11-01,5.796,2182
4,8346,My Big Fat Greek Wedding,My Big Fat Greek Wedding,en,7.5789,2002-04-19,6.496,2347
5,1694,Re-Animator,Re-Animator,en,9.1407,1985-10-18,7.051,1726
6,211387,Marvel One-Shot: Agent Carter,Marvel One-Shot: Agent Carter,en,5.2207,2013-10-04,7.254,945
7,14254,The Uninvited,The Uninvited,en,9.2409,2009-01-30,6.477,1675
8,9896,Rat Race,Rat Race,en,8.6884,2001-08-17,6.293,2048
9,700,Octopussy,Octopussy,en,9.4318,1983-06-05,6.362,2291
10,76617,Texas Chainsaw 3D,Texas Chainsaw 3D,en,9.7758,2013-01-03,5.489,1863
11,8224,8MM,8MM,en,9.6081,1999-02-26,6.511,2378
12,4978,An American Tail,An American Tail,en,8.9541,1986-11-21,6.759,1493
13,79,Hero,英雄,zh,12.1363,2002-12-19,7.501,2590
14,440021,Happy Death Day,Happy Death Day,en,9.679,2017-10-12,6.659,6697
15,315465,The Boy and the Beast,バケモノの子,ja,9.4763,2015-07-11,7.909,1643
16,262500,Insurgent,Insurgent,en,19.0292,2015-03-18,6.36,10597
17,1572,Die Hard: With a Vengeance,Die Hard: With a Vengeance,en,13.923,1995-05-19,7.284,6841
18,666,Central Station,Central do Brasil,pt,5.4934,1998-04-03,8.118,1074
19,447404,Pokémon Detective Pikachu,Pokémon Detective Pikachu,en,18.2678,2019-05-03,6.898,7513
0,335988,Transformers: The Last Knight,Transformers: The Last Knight,en,20.6201,2017-06-16,6.064,6890
1,24021,The Twilight Saga: Eclipse,The Twilight Saga: Eclipse,en,16.6892,2010-06-23,6.187,9388
2,19277,In Hell,In Hell,en,5.7791,2003-11-24,6.67,637
3,17609,Antichrist,Antichrist,en,7.1764,2009-05-20,6.611,2917
4,11358,Walking Tall,Walking Tall,en,8.6435,2004-04-02,6.316,1718
5,3682,54,54,en,4.303,1998-08-28,5.861,554
6,983,The Man Who Would Be King,The Man Who Would Be King,en,6.1817,1975-12-03,7.487,737
7,667938,Curveball,Curveball - Wir machen die Wahrheit,de,2.2348,2021-04-09,7.143,14
8,396422,Annabelle: Creation,Annabelle: Creation,en,16.1464,2017-08-03,6.608,6091
9,260346,Taken 3,Taken 3,en,20.2619,2014-12-16,6.267,6287
10,152042,Puella Magi Madoka Magica the Movie Part I: Beginnings,劇場版 魔法少女まどか☆マギカ [前編] 始まりの物語,ja,3.84,2012-10-05,7.579,158
11,22803,Law Abiding Citizen,Law Abiding Citizen,en,16.9148,2009-10-15,7.395,5852
12,8374,The Boondock Saints,The Boondock Saints,en,10.2086,1999-01-22,7.239,2800
13,771,Home Alone,Home Alone,en,1.9671,1990-11-16,7.467,12845
14,49530,In Time,In Time,en,19.566,2011-10-27,6.97,12422
15,18823,Clash of the Titans,Clash of the Titans,en,16.0467,2010-03-26,5.924,6846
16,9798,Enemy of the State,Enemy of the State,en,13.566,1998-11-20,7.081,4423
17,9374,Death Becomes Her,Death Becomes Her,en,16.673,1992-07-30,6.795,3090
18,508965,Klaus,Klaus,en,10.3731,2019-11-08,8.217,4826
19,1729,The Forbidden Kingdom,The Forbidden Kingdom,en,12.8728,2008-04-17,6.654,1985
0,171274,Inherent Vice,Inherent Vice,en,15.9266,2014-12-12,6.544,2791
1,72545,Journey 2: The Mysterious Island,Journey 2: The Mysterious Island,en,15.8731,2012-01-19,6.155,4623
2,38551,Snakes and Earrings,蛇にピアス,ja,2.8902,2008-09-20,6.146,41
3,15805,Batman & Mr. Freeze: SubZero,Batman & Mr. Freeze: SubZero,en,5.3017,1998-02-11,6.9,524
4,14869,G.I. Joe: The Rise of Cobra,G.I. Joe: The Rise of Cobra,en,13.0658,2009-08-03,5.782,5026
5,12222,Horton Hears a Who!,Horton Hears a Who!,en,20.2644,2008-03-03,6.524,3624
6,11918,Superhero Movie,Superhero Movie,en,13.8945,2008-03-28,5.337,2089
7,11075,Audition,オーディション,ja,6.0733,2000-03-03,7.117,1850
8,10867,Malena,Malèna,it,17.8749,2000-10-27,7.566,2825
9,10589,After the Sunset,After the Sunset,en,8.9668,2004-11-12,6.183,899
10,9326,Romancing the Stone,Romancing the Stone,en,9.5154,1984-03-30,6.773,2121
11,9031,I'm for the Hippopotamus,Io sto con gli ippopotami,it,3.4843,1979-11-30,6.777,538
12,2044,The Lake House,The Lake House,en,11.4447,2006-06-16,7.039,3072
13,1620,Hitman,Hitman,en,9.5773,2007-11-21,6.2,3770
14,1581,The Holiday,The Holiday,en,15.5946,2006-12-05,7.099,5753
15,783,Gandhi,Gandhi,en,8.2086,1982-12-01,7.556,2571
16,704,A Hard Day's Night,A Hard Day's Night,en,5.3301,1964-07-07,7.302,764
17,484247,A Simple Favor,A Simple Favor,en,17.1129,2018-09-13,6.637,4694
18,9378,Thir13en Ghosts,Thir13en Ghosts,en,11.9772,2001-10-25,6.312,2459
19,83542,Cloud Atlas,Cloud Atlas,en,14.9355,2012-10-26,6.899,7686
0,9522,Wedding Crashers,Wedding Crashers,en,15.4699,2005-07-13,6.502,4829
1,2770,American Pie 2,American Pie 2,en,13.334,2001-08-10,6.267,5455
2,1721357,IPX-998 先生…今日、泊まっていい？ 実習期間中、ホテル暮らしのボクは生徒に迫られ、まさかの相部屋に…彼女は困惑するボクを誘惑し朝が来るまでひたすら痴女り続けた。 相沢みなみ,IPX-998 先生…今日、泊まっていい？ 実習期間中、ホテル暮らしのボクは生徒に迫られ、まさかの相部屋に…彼女は困惑するボクを誘惑し朝が来るまでひたすら痴女り続けた。 相沢みなみ,ja,3.562,2023-02-14,0.0,0
3,1151238,Amigos hasta la muerte,Amigos hasta la muerte,es,1.9853,2023-09-22,7.2,16
4,968051,The Nun II,The Nun II,en,18.7353,2023-09-06,6.628,2578
5,700186,Mom's Friend 5,엄마친구 5,ko,4.4315,2018-08-24,5.333,3
6,240832,Lucy,Lucy,en,21.1646,2014-07-25,6.477,17381
7,227159,Horrible Bosses 2,Horrible Bosses 2,en,16.2654,2014-11-12,6.175,4488
8,201085,Crimson Peak,Crimson Peak,en,12.8853,2015-10-13,6.661,5351
9,188927,Star Trek Beyond,Star Trek Beyond,en,17.3028,2016-07-07,6.792,7261
10,20126,Deep Red,Profondo rosso,it,5.2402,1975-03-07,7.717,1632
11,10866,Joy Ride,Joy Ride,en,9.3128,2001-10-05,6.544,1419
12,9714,Home Alone 3,Home Alone 3,en,14.6425,1997-12-12,5.28,3368
13,9593,Last Action Hero,Last Action Hero,en,13.0228,1993-06-18,6.487,3104
14,2898,As Good as It Gets,As Good as It Gets,en,11.9831,1997-12-19,7.4,4245
15,2024,The Patriot,The Patriot,en,16.8407,2000-06-28,7.212,4486
16,766,Army of Darkness,Army of Darkness,en,15.2018,1992-10-31,7.258,3675
17,154,Star Trek II: The Wrath of Khan,Star Trek II: The Wrath of Khan,en,10.0508,1982-06-04,7.449,2215
18,138,Dracula,Dracula,en,7.9308,1931-02-12,7.166,1411
19,412117,The Secret Life of Pets 2,The Secret Life of Pets 2,en,23.8554,2019-05-24,6.95,3417
0,302401,Snowden,Snowden,en,8.3921,2016-09-15,7.116,4778
1,290595,The Huntsman: Winter's War,The Huntsman: Winter's War,en,12.4913,2016-04-06,6.295,5122
2,214756,Ted 2,Ted 2,en,31.8513,2015-06-25,6.326,8169
3,167032,Curse of Chucky,Curse of Chucky,en,10.3419,2013-10-08,5.964,1747
4,152044,Puella Magi Madoka Magica the Movie Part II: Eternal,劇場版 魔法少女まどか☆マギカ[後編] 永遠の物語,ja,3.8368,2012-10-13,7.488,122
5,132344,Before Midnight,Before Midnight,en,10.3608,2013-04-05,7.5,2792
6,129139,The To Do List,The To Do List,en,8.9823,2013-07-24,5.765,1116
7,107985,The World's End,The World's End,en,12.9458,2013-07-18,6.811,6068
8,80430,Mimi,Un dramma borghese,it,2.9355,1979-06-06,6.2,12
9,77930,Magic Mike,Magic Mike,en,7.2355,2012-06-28,6.159,3137
10,76203,12 Years a Slave,12 Years a Slave,en,13.7306,2013-10-18,7.928,12215
11,55157,The Eagle Shooting Heroes,射鵰英雄傳之東成西就,cn,3.3589,1993-02-05,7.1,123
12,53182,300: Rise of an Empire,300: Rise of an Empire,en,15.8733,2014-03-05,6.121,7121
13,33320,Millennium Actress,千年女優,ja,5.0319,2002-09-14,7.859,1092
14,28968,Poison for the Fairies,Veneno para las hadas,es,2.1049,1986-10-02,7.795,149
15,18747,Election,黑社會,cn,3.9161,2005-10-20,7.2,303
16,15789,A Goofy Movie,A Goofy Movie,en,11.9869,1995-04-05,7.039,1968
17,15371,The Castle of Cagliostro,ルパン三世 カリオストロの城,ja,10.383,1979-07-06,7.5,1170
18,13078,The Babysitters,The Babysitters,en,6.8564,2008-05-09,6.002,556
19,11974,The 'Burbs,The 'Burbs,en,7.862,1989-02-17,6.755,1423
0,11708,Chitty Chitty Bang Bang,Chitty Chitty Bang Bang,en,6.1199,1968-12-17,6.838,769
1,11001,Blue Streak,Blue Streak,en,11.0426,1999-09-17,6.53,1705
2,10947,High School Musical,High School Musical,en,7.7575,2006-01-20,6.545,4853
3,9282,11:14,11:14,en,5.5537,2004-08-20,6.8,989
4,7484,Open Season,Open Season,en,11.9553,2006-09-27,6.2,3075
5,6466,Freddy vs. Jason,Freddy vs. Jason,en,13.1074,2003-08-15,6.108,2926
6,3114,The Searchers,The Searchers,en,8.8196,1956-05-16,7.679,1627
7,2758,Addams Family Values,Addams Family Values,en,11.8175,1993-11-19,6.988,3416
8,414,Batman Forever,Batman Forever,en,16.2104,1995-06-16,5.462,5743
9,100,"Lock, Stock and Two Smoking Barrels","Lock, Stock and Two Smoking Barrels",en,8.9341,1998-08-28,8.094,7395
10,1329566,The Royal Cat,金陵御猫,zh,1.6006,2024-08-24,6.5,2
11,1310422,Doctor Who: 60th Anniversary Specials,Doctor Who: 60th Anniversary Specials,en,1.8769,2023-12-18,8.636,11
12,1099639,The Temptation of the Mature 50s Mother-in-law,50대 묵은지 장모님의 유혹,ko,11.1178,2023-02-03,7.4,7
13,987895,Maaveeran,மாவீரன்,ta,1.4763,2023-07-14,7.135,52
14,968868,Pretty Guardian Sailor Moon Cosmos the Movie Part 1,劇場版 美少女戦士セーラームーンCosmos 前編,ja,6.4474,2023-06-09,7.372,74
15,961420,Kingdom 2: Far and Away,キングダム2 遥かなる大地へ,ja,3.1979,2022-07-15,7.3,134
16,949931,The Brilliant Darkness!,Đêm tối rực rỡ!,vi,1.2699,2022-04-08,0.0,0
17,793157,Lemon and Poppy Seed Cake,Pan de limón con semillas de amapola,es,1.7262,2021-11-12,6.615,39
18,511809,West Side Story,West Side Story,en,13.4403,2021-12-08,6.906,1840
19,359410,Road House,Road House,en,32.4347,2024-03-08,6.942,3237
0,9804,Waterworld,Waterworld,en,15.36,1995-07-28,6.238,4226
1,214,Saw III,Saw III,en,11.6754,2006-10-26,6.417,5084
2,937278,A Man Called Otto,A Man Called Otto,en,23.4544,2022-12-28,7.748,3768
3,748783,The Garfield Movie,The Garfield Movie,en,20.7209,2024-04-30,6.95,1504
4,293970,The Final Girls,The Final Girls,en,5.8075,2015-10-09,6.384,1437
5,43801,The Devil and Miss Jones,The Devil and Miss Jones,en,2.2576,1941-04-11,7.6,66
6,9533,Red Dragon,Red Dragon,en,3.1379,2002-10-02,7.048,4857
7,951491,Saw X,Saw X,en,15.2157,2023-09-27,7.152,2476
8,452557,Wolf Warrior 2,战狼2,zh,5.3281,2017-07-27,6.486,347
9,384521,The Cloverfield Paradox,The Cloverfield Paradox,en,9.749,2018-02-04,5.643,3680
10,47964,A Good Day to Die Hard,A Good Day to Die Hard,en,11.1647,2013-02-06,5.326,6871
11,37137,The Naked Gun 2½: The Smell of Fear,The Naked Gun 2½: The Smell of Fear,en,13.4114,1991-06-28,6.821,2873
12,18501,Gamer,Gamer,en,8.647,2009-09-03,5.697,2713
13,14537,Harakiri,切腹,ja,11.0979,1962-09-15,8.464,1277
14,10663,The Waterboy,The Waterboy,en,8.8954,1998-11-06,6.061,2100
15,8741,The Thin Red Line,The Thin Red Line,en,17.5625,1998-12-23,7.438,3425
16,3536,U-571,U-571,en,6.2216,2000-04-20,6.6,1414
17,2863,Signals: A Space Adventure,Signale - Ein Weltraumabenteuer,de,1.3843,1970-12-17,5.2,16
18,615457,Nobody,Nobody,en,26.646,2021-03-18,7.864,8714
19,9373,The Texas Chainsaw Massacre,The Texas Chainsaw Massacre,en,12.6791,2003-05-21,6.312,3018
0,14254,The Uninvited,The Uninvited,en,9.2409,2009-01-30,6.477,1675
1,9896,Rat Race,Rat Race,en,8.6884,2001-08-17,6.293,2049
2,1654,The Dirty Dozen,The Dirty Dozen,en,9.3951,1967-06-15,7.602,1370
3,1551,Flatliners,Flatliners,en,5.9634,1990-08-10,6.516,1791
4,700,Octopussy,Octopussy,en,9.4318,1983-06-05,6.361,2292
5,8224,8MM,8MM,en,9.6081,1999-02-26,6.51,2379
6,4978,An American Tail,An American Tail,en,8.9541,1986-11-21,6.759,1493
7,79,Hero,英雄,zh,12.1363,2002-12-19,7.502,2591
8,440021,Happy Death Day,Happy Death Day,en,9.679,2017-10-12,6.659,6697
9,315465,The Boy and the Beast,バケモノの子,ja,9.4763,2015-07-11,7.909,1643
10,262500,Insurgent,Insurgent,en,19.0292,2015-03-18,6.36,10598
11,10243,The Flight of the Phoenix,The Flight of the Phoenix,en,4.9987,1965-12-15,7.237,388
12,9383,Hollow Man,Hollow Man,en,12.616,2000-08-04,5.98,2923
13,1572,Die Hard: With a Vengeance,Die Hard: With a Vengeance,en,13.923,1995-05-19,7.284,6842
14,666,Central Station,Central do Brasil,pt,5.4934,1998-04-03,8.118,1074
15,447404,Pokémon Detective Pikachu,Pokémon Detective Pikachu,en,18.2678,2019-05-03,6.897,7514
16,21334,Children of Heaven,بچه‌های آسمان,fa,3.9841,1997-08-01,7.882,747
17,19494,Nine to Five,Nine to Five,en,9.8807,1980-12-18,6.986,595
18,7520,Cocktail,Cocktail,en,7.4388,1988-07-29,6.108,1671
19,6795,Zathura: A Space Adventure,Zathura: A Space Adventure,en,12.2055,2005-11-06,6.455,3710
0,346,Seven Samurai,七人の侍,ja,19.585,1954-04-26,8.452,4369
1,146,"Crouching Tiger, Hidden Dragon",卧虎藏龍,zh,14.405,2000-07-06,7.437,3703
2,530079,Ride Your Wave,きみと、波にのれたら,ja,3.7519,2019-06-21,7.6,383
3,449562,The Hustle,The Hustle,en,14.0238,2019-05-09,6.192,2749
4,254320,The Lobster,The Lobster,en,14.0006,2015-10-15,7.021,7083
5,193610,The Other Woman,The Other Woman,en,8.6849,2014-04-16,6.42,3806
6,44115,127 Hours,127 Hours,en,17.1109,2010-11-12,7.092,8286
7,39013,Winter's Bone,Winter's Bone,en,7.823,2010-06-11,6.774,2058
8,17578,The Adventures of Tintin,The Adventures of Tintin,en,14.3362,2011-10-24,6.928,5968
9,9032,Big Daddy,Big Daddy,en,8.4721,1999-06-25,6.49,3655
10,8273,American Wedding,American Wedding,en,10.5698,2003-08-01,6.2,4502
11,1579,Apocalypto,Apocalypto,en,19.5912,2006-12-07,7.665,6667
12,841,Dune,Dune,en,19.5311,1984-12-14,6.197,3545
13,468,My Own Private Idaho,My Own Private Idaho,en,7.9896,1991-02-01,7.034,1275
14,1075175,How to Have Sex,How to Have Sex,en,10.6713,2023-11-02,6.2,537
15,1050035,Monster,怪物,ja,13.1887,2023-06-02,7.934,959
16,467244,The Zone of Interest,The Zone of Interest,en,10.9126,2023-12-15,7.012,2748
17,458305,Vivarium,Vivarium,en,11.199,2019-09-07,6.077,2748
18,406997,Wonder,Wonder,en,15.8399,2017-11-13,8.099,8398
19,396371,Molly's Game,Molly's Game,en,11.0779,2017-12-07,7.154,4117
0,138103,The Expendables 3,The Expendables 3,en,18.0613,2014-08-07,6.202,5454
1,109491,Beautiful Creatures,Beautiful Creatures,en,9.5517,2013-02-13,6.05,2977
2,109091,The Counselor,The Counselor,en,14.4994,2013-10-25,5.291,2035
3,55931,The Animatrix,The Animatrix,en,9.6398,2003-05-09,7.221,1846
4,50476,Untold Scandal,스캔들: 조선남녀상열지사,ko,18.1899,2003-10-02,6.429,63
5,46332,Of Gods and Men,Des hommes et des dieux,fr,3.5895,2010-09-08,6.662,424
6,38363,Fair Game,Fair Game,en,7.0925,2010-05-20,6.454,880
7,27579,The American,The American,en,11.2336,2010-08-31,6.0,1566
8,17903,A Frozen Flower,쌍화점,ko,9.2449,2008-12-30,6.885,165
9,14801,Colossus: The Forbin Project,Colossus: The Forbin Project,en,4.2935,1970-04-08,6.952,272
10,14571,Patlabor: The Movie,機動警察パトレイバー 劇場版,ja,2.8642,1989-07-15,6.928,194
11,12208,Casino Royale,Casino Royale,en,9.3378,1967-04-18,5.2,857
12,11005,Awakenings,Awakenings,en,11.4047,1990-12-04,7.8,2957
13,10776,Little Shop of Horrors,Little Shop of Horrors,en,8.9314,1986-12-19,6.991,1697
14,10632,The Hunted,The Hunted,en,6.1043,2003-03-11,6.176,949
15,10160,A Nightmare on Elm Street: The Dream Child,A Nightmare on Elm Street: The Dream Child,en,7.1521,1989-08-11,5.409,1481
16,10150,The Last Unicorn,The Last Unicorn,en,4.1449,1982-11-19,7.3,621
17,10057,The Three Musketeers,The Three Musketeers,en,10.7903,1993-11-11,6.391,1102
18,9913,The Skeleton Key,The Skeleton Key,en,12.381,2005-07-29,6.625,2381
19,9654,The Italian Job,The Italian Job,en,15.4868,2003-05-30,6.8,6191
0,15137,Evangelion: 1.0 You Are (Not) Alone,ヱヴァンゲリヲン新劇場版：序,ja,7.6889,2007-09-01,7.602,1132
1,9016,Treasure Planet,Treasure Planet,en,22.549,2002-11-26,7.578,4729
2,81401,The Turin Horse,A torinói ló,hu,3.8354,2011-03-31,7.572,432
3,19908,Zombieland,Zombieland,en,15.545,2009-10-02,7.259,13479
4,15512,Monsters vs Aliens,Monsters vs Aliens,en,25.3028,2009-03-19,6.3,5127
5,14873,The Jungle Book 2,The Jungle Book 2,en,15.1149,2003-02-07,5.9,1222
6,13320,Funny Face,Funny Face,en,6.1689,1957-02-13,6.978,751
7,13187,A Charlie Brown Christmas,A Charlie Brown Christmas,en,5.2921,1965-12-09,7.694,811
8,9355,Mad Max Beyond Thunderdome,Mad Max Beyond Thunderdome,en,12.7908,1985-06-29,6.216,3375
9,9078,The Sword in the Stone,The Sword in the Stone,en,12.2806,1963-12-25,7.228,4173
10,8326,Holes,Holes,en,9.1091,2003-04-18,6.909,1599
11,4442,The Brothers Grimm,The Brothers Grimm,en,13.8172,2005-08-26,5.868,3045
12,2756,The Abyss,The Abyss,en,14.1384,1989-08-09,7.36,3597
13,1712,Giant,Giant,en,8.2106,1956-11-08,7.6,781
14,690,Pickpocket,Pickpocket,fr,6.7152,1959-12-16,7.279,586
15,612,Munich,Munich,en,10.3384,2005-12-23,7.133,3095
16,298,Ocean's Thirteen,Ocean's Thirteen,en,16.9652,2007-06-05,6.731,7082
17,1228681,Sex,Sex,no,6.0669,2024-03-01,6.6,82
18,700391,65,65,en,15.4499,2023-03-02,5.954,2969
19,660120,The Worst Person in the World,Verdens verste menneske,no,13.8095,2021-10-13,7.429,1967
0,636706,Spaceman,Spaceman,en,8.8829,2024-02-23,6.702,1116
1,591275,Fear Street: 1666,Fear Street: 1666,en,7.1703,2021-07-14,7.068,2069
2,576964,Sister Friend,누나 친구,ko,3.3612,2016-01-21,6.7,3
3,511652,Mutual Relations 2,공즉시색 2,ko,5.9508,2018-02-01,5.2,10
4,487242,Suicide Squad: Hell to Pay,Suicide Squad: Hell to Pay,en,6.8699,2018-03-23,7.095,733
5,471413,"Sex First, Love Second",선 섹스 후 사랑,ko,5.0874,2017-08-03,5.4,11
6,400160,The SpongeBob Movie: Sponge on the Run,The SpongeBob Movie: Sponge on the Run,en,13.4302,2020-08-14,7.4,3035
7,388399,Patriots Day,Patriots Day,en,15.3153,2016-12-12,7.064,2920
8,374052,The Love Witch,The Love Witch,en,5.7125,2016-11-11,6.4,651
9,346685,The Girl on the Train,The Girl on the Train,en,11.2017,2016-10-05,6.437,6157
10,339964,Valerian and the City of a Thousand Planets,Valerian and the City of a Thousand Planets,en,15.1616,2017-07-19,6.654,8216
11,305470,Power Rangers,Power Rangers,en,13.9849,2017-03-23,6.245,4727
12,286500,Saturday Night Live: The Best of Chris Farley,Saturday Night Live: The Best of Chris Farley,en,2.0521,2003-10-26,7.636,33
13,280217,The Lego Movie 2: The Second Part,The Lego Movie 2: The Second Part,en,17.7489,2019-02-06,6.645,2516
14,253980,Marvel One-Shot: All Hail the King,Marvel One-Shot: All Hail the King,en,5.7933,2014-02-04,6.751,650
15,250574,Creep,Creep,en,5.5406,2014-03-08,6.405,1713
16,249397,Nymphomaniac: Vol. II,Nymphomaniac: Vol. II,en,12.9926,2013-12-25,6.711,3265
17,228967,The Interview,The Interview,en,15.0822,2014-12-25,6.18,6373
18,218987,WWE WrestleFest,WWE WrestleFest,en,1.3001,1988-07-31,5.0,1
19,178809,The Colony,The Colony,en,5.2613,2013-04-12,5.5,1282
0,150668,Romeo e Giulietta,Romeo e Giulietta,it,1.7627,1964-08-28,7.3,3
1,137916,Haunted Mansion,香港第1凶宅,zh,1.6689,1998-09-18,4.3,3
2,136799,Trolls,Trolls,en,15.5954,2016-10-13,6.623,3901
3,75571,Our War Game,デジモンアドベンチャー ぼくらのウォーゲーム!,ja,3.215,2000-03-04,8.0,74
4,71670,Hostel: Part III,Hostel: Part III,en,8.0822,2011-12-22,5.108,1340
5,70584,Hellraiser: Revelations,Hellraiser: Revelations,en,2.7363,2011-10-18,3.5,378
6,62214,Frankenweenie,Frankenweenie,en,9.6526,2012-10-04,7.009,3701
7,59436,Midnight in Paris,Midnight in Paris,en,13.3199,2011-05-11,7.509,7885
8,39323,Dragon Ball Z: Bardock - The Father of Goku,ドラゴンボールZ たったひとりの最終決戦〜フリーザに挑んだZ戦士 孫悟空の父〜,ja,7.8755,1990-10-17,7.6,792
9,36592,Swing Girls,スウィングガールズ,ja,4.5055,2004-09-11,7.9,179
10,35056,Date Night,Date Night,en,10.6754,2010-04-08,6.116,3142
11,34851,Predators,Predators,en,15.117,2010-07-07,6.31,4787
12,32579,Under the Same Moon,La misma luna,es,4.9004,2007-07-27,7.969,370
13,32516,The Forbidden Legend: Sex & Chopsticks 2,金瓶梅2 愛的奴隸,cn,0.8241,2009-03-04,6.2,114
14,21316,Leroy & Stitch,Leroy & Stitch,en,6.0493,2006-06-23,6.52,625
15,20943,The Ugly Truth,The Ugly Truth,en,12.8018,2009-07-24,6.509,3843
16,18269,Lady and the Tramp II: Scamp's Adventure,Lady and the Tramp II: Scamp's Adventure,en,9.7717,2001-02-18,6.339,1339
17,17590,Deathtrap,Deathtrap,en,3.7696,1982-03-19,6.686,323
18,15775,If Only,If Only,en,4.0247,2004-01-23,7.036,673
19,12609,Help! I'm a Fish,"Hjælp, jeg er en fisk",da,5.7774,2000-10-06,6.655,464
0,581528,"The Gangster, the Cop, the Devil",악인전,ko,13.1569,2019-05-15,7.877,1577
1,539681,DC League of Super-Pets,DC League of Super-Pets,en,11.301,2022-07-27,7.14,1782
2,522402,Finch,Finch,en,9.6871,2021-11-04,7.82,4198
3,482373,Don't Breathe 2,Don't Breathe 2,en,13.3729,2021-08-12,6.972,2919
4,452251,Beauty Salon: Special Service,미용실: 특별한 서비스,ko,2.7677,2016-12-29,6.2,16
5,420814,Christopher Robin,Christopher Robin,en,14.3818,2018-08-01,7.295,2989
6,400155,Hotel Transylvania 3: Summer Vacation,Hotel Transylvania 3: Summer Vacation,en,17.2955,2018-06-28,6.842,4800
7,379149,The Foreigner,The Foreigner,en,14.1873,2017-09-28,6.982,3027
8,300671,13 Hours: The Secret Soldiers of Benghazi,13 Hours: The Secret Soldiers of Benghazi,en,17.2954,2016-01-14,7.3,4063
9,293768,Kidnap,Kidnap,en,6.1335,2017-08-03,6.253,1373
10,257445,Goosebumps,Goosebumps,en,10.7952,2015-08-05,6.319,4065
11,256835,Toy Story That Time Forgot,Toy Story That Time Forgot,en,8.5895,2014-12-02,7.137,1181
12,254470,Pitch Perfect 2,Pitch Perfect 2,en,17.6285,2015-05-07,6.84,5584
13,228165,The SpongeBob Movie: Sponge Out of Water,The SpongeBob Movie: Sponge Out of Water,en,17.7374,2015-01-28,6.12,2604
14,226327,House with a Nice View,전망좋은 집,ko,3.6506,2012-10-25,4.7,9
15,201085,Crimson Peak,Crimson Peak,en,12.8853,2015-10-13,6.661,5351
16,192577,Space Pirate Captain Harlock,キャプテンハーロック,ja,4.133,2013-09-07,6.628,1112
17,184315,Hercules,Hercules,en,23.3478,2014-07-23,5.806,4439
18,183011,Justice League: The Flashpoint Paradox,Justice League: The Flashpoint Paradox,en,7.4733,2013-07-30,7.882,2025
19,169813,Short Term 12,Short Term 12,en,7.1914,2013-08-23,7.741,1457
0,13283,Barbie as the Island Princess,Barbie as the Island Princess,en,9.1652,2007-09-17,7.3,788
1,13195,Flawless,Flawless,en,6.8377,2007-09-01,6.75,647
2,11850,Invasion of the Body Snatchers,Invasion of the Body Snatchers,en,9.1718,1978-12-20,7.225,1390
3,11072,Blazing Saddles,Blazing Saddles,en,9.32,1974-02-07,7.2,2158
4,10986,The Taming of the Scoundrel,Il bisbetico domato,it,5.0046,1980-12-20,7.151,527
5,10715,Looney Tunes: Back in Action,Looney Tunes: Back in Action,en,10.734,2003-11-14,6.381,1660
6,10661,You Don't Mess with the Zohan,You Don't Mess with the Zohan,en,13.8618,2008-06-05,5.722,4173
7,10593,The Phantom of the Opera,Il fantasma dell'Opera,it,2.9383,1998-11-20,4.7,200
8,9920,Ultraviolet,Ultraviolet,en,5.8191,2006-03-03,5.209,1774
9,9638,Phantasm,Phantasm,en,4.9374,1979-03-28,6.493,812
10,9470,Kung Fu Hustle,功夫,cn,16.223,2004-02-10,7.517,3329
11,9411,Fallen,Fallen,en,11.2445,1998-01-16,6.815,1685
12,9029,What Happens in Vegas,What Happens in Vegas,en,10.5794,2008-05-07,6.12,3391
13,8619,Master and Commander: The Far Side of the World,Master and Commander: The Far Side of the World,en,12.7409,2003-11-14,7.203,3666
14,7450,Titan A.E.,Titan A.E.,en,7.1182,2000-06-16,6.626,1237
15,7010,The Wild Geese,The Wild Geese,en,6.2935,1978-06-28,6.814,295
16,2137,The Storm Riders,風雲：雄霸天下,zh,4.0028,1998-07-18,6.5,111
17,1620,Hitman,Hitman,en,9.5773,2007-11-21,6.2,3770
18,1381,The Fountain,The Fountain,en,8.4585,2006-11-22,6.902,3223
19,979,Irreversible,Irréversible,fr,13.5722,2002-05-22,7.169,3435
0,11931,In Her Shoes,In Her Shoes,en,8.1443,2005-10-07,6.2,1334
1,10340,Lady and the Tramp,Lady and the Tramp,en,14.1768,1955-06-22,7.129,5748
2,9904,The Wild,The Wild,en,9.8975,2006-04-06,5.547,1167
3,7299,Equilibrium,Equilibrium,en,12.2369,2002-12-06,7.058,5215
4,4234,Scream 3,Scream 3,en,12.0015,2000-02-04,6.008,4176
5,3580,Changeling,Changeling,en,9.0997,2008-10-24,7.57,4601
6,1688,Conquest of the Planet of the Apes,Conquest of the Planet of the Apes,en,7.4601,1972-06-29,6.2,1124
7,1136987,It's Not Me,C'est pas moi,fr,4.5939,2024-06-12,7.0,32
8,1019939,Hundreds of Beavers,Hundreds of Beavers,en,4.2321,2024-01-26,7.29,326
9,839369,May December,May December,en,12.989,2023-11-16,6.567,1085
10,785084,The Whale,The Whale,en,20.4327,2022-12-09,7.752,4905
11,776797,The Sadness,哭悲,zh,8.3034,2021-01-22,6.84,1228
12,736069,Justice Society: World War II,Justice Society: World War II,en,5.2074,2021-04-27,7.378,615
13,643586,Willy's Wonderland,Willy's Wonderland,en,5.5564,2021-02-12,6.0,1189
14,631842,Knock at the Cabin,Knock at the Cabin,en,9.8132,2023-02-01,6.242,3205
15,481848,The Call of the Wild,The Call of the Wild,en,13.338,2020-02-19,7.506,4014
16,467257,Dragonfly Eyes,蜻蜓之眼,zh,1.0902,2017-08-20,7.4,7
17,465022,"Looney Tunes Golden Collection, Vol. 1","Looney Tunes Golden Collection, Vol. 1",en,1.7334,2003-10-28,6.0,20
18,423204,Angel Has Fallen,Angel Has Fallen,en,17.5441,2019-08-21,6.611,3973
19,412656,Chaos Walking,Chaos Walking,en,12.0165,2021-02-24,6.545,2693
0,411088,The Invisible Guest,Contratiempo,es,16.8683,2017-01-06,8.074,5131
1,375366,The Girl with All the Gifts,The Girl with All the Gifts,en,6.7373,2016-09-23,6.599,2224
2,359940,"Three Billboards Outside Ebbing, Missouri","Three Billboards Outside Ebbing, Missouri",en,16.9559,2017-12-01,8.052,11181
3,333484,The Magnificent Seven,The Magnificent Seven,en,18.0939,2016-09-14,6.499,6560
4,332562,A Star Is Born,A Star Is Born,en,20.3572,2018-10-03,7.489,12390
5,174772,Europa Report,Europa Report,en,6.8386,2013-06-27,6.299,1614
6,138103,The Expendables 3,The Expendables 3,en,18.0613,2014-08-07,6.202,5454
7,109491,Beautiful Creatures,Beautiful Creatures,en,9.5517,2013-02-13,6.05,2977
8,76493,The Dictator,The Dictator,en,19.0678,2012-05-15,6.246,6616
9,55931,The Animatrix,The Animatrix,en,9.6398,2003-05-09,7.221,1846
10,50476,Untold Scandal,스캔들: 조선남녀상열지사,ko,18.1899,2003-10-02,6.429,63
11,46332,Of Gods and Men,Des hommes et des dieux,fr,3.5895,2010-09-08,6.662,424
12,39144,Dragon Ball: Curse of the Blood Rubies,ドラゴンボール 神龍の伝説,ja,7.2462,1986-12-20,6.871,385
13,38363,Fair Game,Fair Game,en,7.0925,2010-05-20,6.454,880
14,38321,Priest,Priest,en,13.3127,2011-05-05,5.913,2631
15,27579,The American,The American,en,11.2336,2010-08-31,6.0,1566
16,17903,A Frozen Flower,쌍화점,ko,9.2449,2008-12-30,6.885,165
17,14801,Colossus: The Forbin Project,Colossus: The Forbin Project,en,4.2935,1970-04-08,6.949,273
18,14571,Patlabor: The Movie,機動警察パトレイバー 劇場版,ja,2.8642,1989-07-15,6.928,194
19,12208,Casino Royale,Casino Royale,en,9.3378,1967-04-18,5.247,858
0,10222,Kickboxer,Kickboxer,en,7.6417,1989-04-20,6.843,1627
1,9684,Sweet and Lowdown,Sweet and Lowdown,en,5.0454,1999-12-03,6.8,575
2,9455,The Corruptor,The Corruptor,en,6.4786,1999-03-12,6.1,324
3,9399,Lionheart,Lionheart,en,10.2649,1990-06-07,6.635,1203
4,9361,The Last of the Mohicans,The Last of the Mohicans,en,13.3457,1992-08-26,7.386,3545
5,9036,Eight Below,Eight Below,en,10.5806,2006-02-17,7.038,1864
6,8997,Hollow Man II,Hollow Man II,en,6.9947,2006-05-23,5.0,315
7,8961,Bad Boys II,Bad Boys II,en,20.9193,2003-07-18,6.658,6111
8,8292,Four Brothers,Four Brothers,en,12.3627,2005-08-11,6.8,2483
9,8080,Suspect Zero,Suspect Zero,en,5.2369,2004-08-27,5.562,412
10,7459,Speed Racer,Speed Racer,en,13.141,2008-05-07,6.386,1860
11,6557,27 Dresses,27 Dresses,en,10.9792,2008-01-10,6.5,3506
12,5559,Bee Movie,Bee Movie,en,19.9122,2007-10-28,6.053,5422
13,5236,Kiss Kiss Bang Bang,Kiss Kiss Bang Bang,en,7.7096,2005-09-14,7.155,3115
14,4952,Pillow Talk,Pillow Talk,en,4.7115,1959-10-07,7.127,332
15,3512,Under Siege 2: Dark Territory,Under Siege 2: Dark Territory,en,9.8078,1995-07-13,5.862,1065
16,2786,Pierrot le Fou,Pierrot le fou,fr,6.7279,1965-11-05,7.322,964
17,2207,16 Blocks,16 Blocks,en,6.9078,2006-03-01,6.461,2170
18,2024,The Patriot,The Patriot,en,16.8407,2000-06-28,7.212,4485
19,2023,Hidalgo,Hidalgo,en,6.8495,2004-02-04,6.914,1397
0,79707,Children Who Chase Lost Voices,星を追う子ども,ja,6.0958,2011-05-07,7.239,813
1,75571,Our War Game,デジモンアドベンチャー ぼくらのウォーゲーム!,ja,3.215,2000-03-04,8.0,74
2,71670,Hostel: Part III,Hostel: Part III,en,8.0822,2011-12-22,5.108,1340
3,70584,Hellraiser: Revelations,Hellraiser: Revelations,en,2.7363,2011-10-18,3.5,378
4,62214,Frankenweenie,Frankenweenie,en,9.6526,2012-10-04,7.009,3701
5,59436,Midnight in Paris,Midnight in Paris,en,13.3199,2011-05-11,7.509,7885
6,39323,Dragon Ball Z: Bardock - The Father of Goku,ドラゴンボールZ たったひとりの最終決戦〜フリーザに挑んだZ戦士 孫悟空の父〜,ja,7.8755,1990-10-17,7.6,792
7,36592,Swing Girls,スウィングガールズ,ja,4.5055,2004-09-11,7.9,179
8,35056,Date Night,Date Night,en,10.6754,2010-04-08,6.116,3142
9,34851,Predators,Predators,en,15.117,2010-07-07,6.31,4787
10,32579,Under the Same Moon,La misma luna,es,4.9004,2007-07-27,7.969,370
11,32516,The Forbidden Legend: Sex & Chopsticks 2,金瓶梅2 愛的奴隸,cn,0.8241,2009-03-04,6.2,114
12,21316,Leroy & Stitch,Leroy & Stitch,en,6.0493,2006-06-23,6.52,625
13,20943,The Ugly Truth,The Ugly Truth,en,12.8018,2009-07-24,6.509,3843
14,18269,Lady and the Tramp II: Scamp's Adventure,Lady and the Tramp II: Scamp's Adventure,en,9.7717,2001-02-18,6.339,1339
15,17590,Deathtrap,Deathtrap,en,3.7696,1982-03-19,6.686,323
16,15775,If Only,If Only,en,4.0247,2004-01-23,7.036,673
17,12609,Help! I'm a Fish,"Hjælp, jeg er en fisk",da,5.7774,2000-10-06,6.655,464
18,11683,Land of the Dead,Land of the Dead,en,9.8149,2005-06-18,6.27,1882
19,11451,Herbie Fully Loaded,Herbie Fully Loaded,en,8.7012,2005-06-19,5.8,2478
0,1024530,Grimcutty,Grimcutty,en,6.3551,2022-10-10,5.036,429
1,913862,Downfall: The Case Against Boeing,Downfall: The Case Against Boeing,en,5.3559,2022-02-09,7.071,217
2,841755,Mortal Kombat Legends: Battle of the Realms,Mortal Kombat Legends: Battle of the Realms,en,7.1054,2021-08-30,7.617,519
3,807172,The Exorcist: Believer,The Exorcist: Believer,en,9.921,2023-10-04,5.8,1328
4,776545,One for the Road,วันสุดท้าย..ก่อนบายเธอ,th,1.6017,2022-02-10,6.9,25
5,770254,Back to the Outback,Back to the Outback,en,8.7654,2021-12-03,7.576,804
6,759297,The Housemaid,Ang Kasambahay,tl,3.5203,2021-09-10,5.405,58
7,727333,Come from Away,Come from Away,en,10.4922,2021-09-09,7.5,58
8,726620,Hold Me Back,私をくいとめて,ja,1.6228,2020-12-18,6.37,50
9,616803,Breaking Surface,Breaking Surface,sv,3.9463,2020-02-14,6.66,455
10,614295,Aunt's Temptation 2,이모의 유혹 2,ko,1.3868,2019-07-05,5.3,6
11,582886,Notre Dame,Notre Dame,fr,2.0835,2019-12-18,4.937,103
12,579974,RRR,రౌద్రం రణం రుధిరం,te,13.9115,2022-03-24,7.717,1698
13,547016,The Old Guard,The Old Guard,en,12.8355,2020-07-09,7.087,4961
14,530382,In the Shadow of the Moon,In the Shadow of the Moon,en,6.9205,2019-09-27,6.176,1649
15,512195,Red Notice,Red Notice,en,14.1674,2021-11-04,6.718,6631
16,497828,Triangle of Sadness,Triangle of Sadness,en,15.1167,2022-09-18,7.003,3024
17,449176,"Love, Simon","Love, Simon",en,12.1282,2018-02-16,7.959,6337
18,442249,The First Purge,The First Purge,en,11.8414,2018-07-04,5.995,4301
19,435615,Possessor,Possessor,en,5.5202,2020-10-02,6.376,1103
0,405871,On the Beach,令嬢肉奴隷,ja,23.0532,1985-08-24,5.571,21
1,399049,Jeannette: The Childhood of Joan of Arc,"Jeannette, l'enfance de Jeanne d'Arc",fr,1.2903,2017-09-06,6.06,50
2,387844,Nice Sister-In-Law,착한 처제,ko,1.0954,2015-11-19,5.769,26
3,378108,In This Corner of the World,この世界の片隅に,ja,4.1895,2016-11-12,7.928,651
4,357114,Missing 411,Missing 411,en,1.9978,2017-05-13,5.739,46
5,351211,Blair Witch,Blair Witch,en,6.2094,2016-09-15,5.25,2087
6,333371,10 Cloverfield Lane,10 Cloverfield Lane,en,13.6369,2016-03-10,7.01,8926
7,325348,Hardcore Henry,Hardcore Henry,en,9.1567,2015-09-12,6.423,2769
8,300673,The Finest Hours,The Finest Hours,en,8.1624,2016-01-27,6.598,1798
9,284427,Who Am I,Who Am I – Kein System ist sicher,de,6.1046,2014-09-25,7.557,1769
10,270487,"Hail, Caesar!","Hail, Caesar!",en,12.4658,2016-02-05,5.941,4081
11,256522,Rape Zombie: Lust of the Dead 2,レイプゾンビ2 LUST OF THE DEAD アキバ帝国の逆襲,ja,5.747,2013-03-23,6.2,116
12,151804,Purple Sunset,紫日,zh,1.9577,2001-04-18,7.357,14
13,116741,The Internship,The Internship,en,0.5544,2013-06-07,6.24,4571
14,77949,The Awakening,The Awakening,en,6.8508,2011-08-17,6.387,1549
15,68004,Center Stage,阮玲玉,cn,3.3075,1991-11-29,7.3,94
16,59859,Kick-Ass 2,Kick-Ass 2,en,10.4021,2013-07-17,6.405,6720
17,50698,Grave Encounters,Grave Encounters,en,5.184,2011-09-09,6.335,1721
18,39107,Dragon Ball Z: Fusion Reborn,ドラゴンボールZ 復活のフュージョン!! 悟空とベジータ,ja,6.8507,1995-03-04,7.6,959
19,36970,Oceans,Oceans,en,3.5755,2010-01-22,7.471,346
0,10782,Basic,Basic,en,6.9089,2003-04-18,6.511,1172
1,10781,The Texas Chainsaw Massacre: The Beginning,The Texas Chainsaw Massacre: The Beginning,en,8.2687,2006-10-05,6.2,2020
2,10772,Django,Django,it,6.1347,1966-04-06,7.22,1030
3,10747,The Outlaw Josey Wales,The Outlaw Josey Wales,en,10.4626,1976-06-30,7.455,1342
4,10714,The Jungle Book,The Jungle Book,en,5.3221,1994-12-23,6.012,521
5,10294,Vacancy,Vacancy,en,5.4715,2007-04-20,6.274,1702
6,10257,The Twins Effect II,千機變II花都大戰,cn,4.9658,2004-08-12,5.284,109
7,10222,Kickboxer,Kickboxer,en,7.6417,1989-04-20,6.843,1627
8,9684,Sweet and Lowdown,Sweet and Lowdown,en,5.0454,1999-12-03,6.8,575
9,9455,The Corruptor,The Corruptor,en,6.4786,1999-03-12,6.1,324
10,9399,Lionheart,Lionheart,en,10.2649,1990-06-07,6.635,1203
11,9361,The Last of the Mohicans,The Last of the Mohicans,en,13.3457,1992-08-26,7.386,3545
12,9036,Eight Below,Eight Below,en,10.5806,2006-02-17,7.038,1864
13,8997,Hollow Man II,Hollow Man II,en,6.9947,2006-05-23,5.0,315
14,8961,Bad Boys II,Bad Boys II,en,20.9193,2003-07-18,6.658,6111
15,8292,Four Brothers,Four Brothers,en,12.3627,2005-08-11,6.8,2483
16,8080,Suspect Zero,Suspect Zero,en,5.2369,2004-08-27,5.562,412
17,7459,Speed Racer,Speed Racer,en,13.141,2008-05-07,6.386,1860
18,6557,27 Dresses,27 Dresses,en,10.9792,2008-01-10,6.5,3506
19,5559,Bee Movie,Bee Movie,en,19.9122,2007-10-28,6.053,5422
0,359940,"Three Billboards Outside Ebbing, Missouri","Three Billboards Outside Ebbing, Missouri",en,16.9559,2017-12-01,8.052,11181
1,333484,The Magnificent Seven,The Magnificent Seven,en,18.0939,2016-09-14,6.499,6560
2,332562,A Star Is Born,A Star Is Born,en,20.3572,2018-10-03,7.489,12390
3,256040,Bāhubali: The Beginning,బాహుబలి:ద బిగినింగ్,te,6.6542,2015-07-10,7.562,963
4,242828,When Marnie Was There,思い出のマーニー,ja,10.1052,2014-07-19,7.917,2020
5,174772,Europa Report,Europa Report,en,6.8386,2013-06-27,6.299,1614
6,138103,The Expendables 3,The Expendables 3,en,18.0613,2014-08-07,6.202,5454
7,76493,The Dictator,The Dictator,en,19.0678,2012-05-15,6.246,6616
8,55931,The Animatrix,The Animatrix,en,9.6398,2003-05-09,7.221,1846
9,50476,Untold Scandal,스캔들: 조선남녀상열지사,ko,18.1899,2003-10-02,6.429,63
10,46332,Of Gods and Men,Des hommes et des dieux,fr,3.5895,2010-09-08,6.662,424
11,38363,Fair Game,Fair Game,en,7.0925,2010-05-20,6.454,880
12,38321,Priest,Priest,en,13.3127,2011-05-05,5.913,2631
13,27579,The American,The American,en,11.2336,2010-08-31,6.0,1566
14,20453,3 Idiots,3 Idiots,hi,14.0386,2009-12-23,8.013,2834
15,17903,A Frozen Flower,쌍화점,ko,9.2449,2008-12-30,6.885,165
16,14801,Colossus: The Forbin Project,Colossus: The Forbin Project,en,4.2935,1970-04-08,6.949,273
17,14571,Patlabor: The Movie,機動警察パトレイバー 劇場版,ja,2.8642,1989-07-15,6.928,194
18,12208,Casino Royale,Casino Royale,en,9.3378,1967-04-18,5.247,858
19,11005,Awakenings,Awakenings,en,11.4047,1990-12-04,7.786,2957
0,23827,Paranormal Activity,Paranormal Activity,en,8.137,2007-09-14,6.059,5576
1,11220,Fallen Angels,墮落天使,cn,11.0113,1995-09-06,7.691,1375
2,11167,Peeping Tom,Peeping Tom,en,6.0931,1960-04-07,7.5,929
3,3558,"Girl, Interrupted","Girl, Interrupted",en,12.5206,1999-12-21,7.557,4281
4,2103,Solaris,Solaris,en,5.1622,2002-11-27,5.955,1520
5,173,"20,000 Leagues Under the Sea","20,000 Leagues Under the Sea",en,7.4008,1954-12-23,7.069,1021
6,89,Indiana Jones and the Last Crusade,Indiana Jones and the Last Crusade,en,24.7057,1989-05-24,7.855,11352
7,801803,Moon Man,独行月球,zh,2.4924,2022-07-29,6.82,114
8,387848,Buddy's Mom,친구엄마,ko,9.6107,2015-11-12,5.7,15
9,41245,Peppermint Candy,박하사탕,ko,3.611,2000-01-01,7.514,311
10,14306,Marley & Me,Marley & Me,en,12.1184,2008-12-25,7.173,4876
11,655,"Paris, Texas","Paris, Texas",en,12.8766,1984-07-16,8.072,2319
12,615777,Babylon,Babylon,en,29.8374,2022-12-22,7.338,3927
13,10982,Hoodwinked!,Hoodwinked!,en,13.5803,2005-12-16,6.311,1980
14,9470,Kung Fu Hustle,功夫,cn,16.223,2004-02-10,7.518,3330
15,169,Predator 2,Predator 2,en,16.0673,1990-11-21,6.314,3992
16,1308757,Dead Sea,Dead Sea,en,4.2236,2024-07-26,6.32,247
17,1007401,Mortal Kombat Legends: Snow Blind,Mortal Kombat Legends: Snow Blind,en,5.5948,2022-10-09,7.689,246
18,986280,Fallen Leaves,Kuolleet lehdet,fi,5.9372,2023-09-14,7.109,770
19,972809,The Qing Palace's Secret Affairs 5,清宫性史5之重振皇风,zh,5.97,2002-01-01,0.0,0
0,910571,Fair Play,Fair Play,en,9.81,2023-09-28,6.4,662
1,849159,Wild Lover,Vahşi Sevgili,tr,7.4163,1977-01-01,8.0,1
2,763841,The Love Affair of the Spring and Four Months,춘사월의 정사,ko,2.906,2020-09-25,3.5,2
3,727122,Goldielocks and the Three Bears,Goldielocks and the Three Bears,en,0.7558,1934-05-14,9.0,1
4,655730,Agatha and the Curse of Ishtar,Agatha and the Curse of Ishtar,en,4.1687,2019-12-15,5.739,88
5,642671,2x1,2×1 ツー・バイ・ワン,ja,2.7469,2019-08-02,4.4,5
6,612549,Pantaleón y las visitadoras,Pantaleón y las visitadoras,es,1.4647,1975-04-27,3.0,4
7,539721,Project E.1337: ALPHA,Project E.1337: ALPHA,en,1.2705,2022-04-04,5.7,10
8,522417,Scorpion King: Book of Souls,Scorpion King: Book of Souls,en,6.8542,2018-10-23,5.9,322
9,514999,Murder Mystery,Murder Mystery,en,11.2815,2019-05-25,6.254,4905
10,501906,The Big Red One: The Reconstruction,The Big Red One: The Reconstruction,en,1.9949,2005-05-03,8.4,10
11,466852,Phineas and Ferb: Summer Belongs to You!,Phineas and Ferb: Summer Belongs to You!,en,2.158,2010-08-02,7.883,47
12,453133,My Brother's Wife 3: The Woman Downstairs,형님아내3 (아랫집 부인),ko,4.8686,2017-01-14,4.6,5
13,439079,The Nun,The Nun,en,25.7546,2018-09-05,5.912,7307
14,436560,The Adventures of Teddy Ruxpin,The Adventures of Teddy Ruxpin,en,1.6755,1985-11-30,7.0,1
15,401981,Red Sparrow,Red Sparrow,en,17.0622,2018-02-28,6.5,6471
16,395834,Wind River,Wind River,en,15.6764,2017-08-03,7.442,5960
17,371560,The Eyes of My Mother,The Eyes of My Mother,en,2.6307,2016-12-02,6.2,372
18,370097,Stormageddon,Stormageddon,en,2.6363,2015-11-18,6.046,97
19,342605,Max Fleischer's Superman 1941-1942,Max Fleischer's Superman 1941-1942,en,1.67,2009-04-07,7.2,19
0,226327,House with a Nice View,전망좋은 집,ko,3.6506,2012-10-25,4.7,9
1,192577,Space Pirate Captain Harlock,キャプテンハーロック,ja,4.133,2013-09-07,6.628,1112
2,184315,Hercules,Hercules,en,23.3478,2014-07-23,5.806,4439
3,169813,Short Term 12,Short Term 12,en,7.1914,2013-08-23,7.741,1457
4,142061,"Batman: The Dark Knight Returns, Part 2","Batman: The Dark Knight Returns, Part 2",en,8.2458,2013-01-03,7.922,1632
5,137093,Last Vegas,Last Vegas,en,7.1438,2013-10-31,6.397,2320
6,112205,The Family,The Family,en,9.5415,2013-09-13,6.362,3172
7,111934,Concrete,コンクリート,ja,4.8702,2004-02-11,5.0,34
8,109443,Anchorman 2: The Legend Continues,Anchorman 2: The Legend Continues,en,9.7843,2013-12-18,6.144,2902
9,105864,The Good Dinosaur,The Good Dinosaur,en,36.1352,2015-11-14,6.754,6158
10,96821,Caesar Must Die,Cesare deve morire,it,3.0444,2012-03-02,7.265,164
11,73567,Killer Joe,Killer Joe,en,5.2328,2012-06-07,6.53,1626
12,70435,Haywire,Haywire,en,9.6699,2011-11-01,5.706,1524
13,64586,Sleeping Beauty,Sleeping Beauty,en,7.3684,2011-06-10,5.375,700
14,64428,The Vengeance of She,The Vengeance of She,en,2.1575,1968-04-14,5.344,32
15,57214,Project X,Project X,en,13.353,2012-03-01,6.927,7042
16,49797,I Saw the Devil,악마를 보았다,ko,10.6787,2010-08-12,7.809,3160
17,49517,Tinker Tailor Soldier Spy,Tinker Tailor Soldier Spy,en,10.7573,2011-09-16,6.618,3003
18,47647,Fight Back to School,逃學威龍,cn,3.0597,1991-07-18,7.012,171
19,46189,The Wings of Eagles,The Wings of Eagles,en,3.3451,1957-01-31,6.333,72
0,42360,Inuyasha the Movie: Affections Touching Across Time,犬夜叉 時代を越える想い,ja,3.9213,2001-12-15,7.544,203
1,37958,Immortals,Immortals,en,14.4109,2011-11-10,6.051,2898
2,37936,Happy Birthday to Me,Happy Birthday to Me,en,4.1408,1981-05-15,5.985,241
3,35634,Il burbero,Il burbero,it,1.5845,1986-12-20,6.356,108
4,35019,Nanny McPhee and the Big Bang,Nanny McPhee and the Big Bang,en,11.8088,2010-03-26,6.3,1996
5,34311,Sleepaway Camp II: Unhappy Campers,Sleepaway Camp II: Unhappy Campers,en,3.3159,1988-08-26,5.827,330
6,33278,Deadly Friend,Deadly Friend,en,3.9816,1986-10-10,6.2,274
7,28450,The Rift,The Rift,en,3.2868,1990-03-09,4.747,91
8,27348,Mazes and Monsters,Mazes and Monsters,en,3.2569,1982-12-27,4.276,107
9,27004,Ca$h,Ca$h,en,4.4941,2010-03-01,5.859,258
10,24420,The Time Traveler's Wife,The Time Traveler's Wife,en,11.8186,2009-08-14,6.955,2784
11,24238,Mary and Max,Mary and Max,en,8.6689,2009-04-09,7.88,2327
12,19186,The Parent Trap,The Parent Trap,en,11.0673,1961-05-13,7.045,442
13,16633,Somewhere in Time,Somewhere in Time,en,5.9183,1980-10-02,7.51,686
14,15657,Tarzan II,Tarzan II,en,8.9178,2005-06-13,6.094,1267
15,15515,The 7th Voyage of Sinbad,The 7th Voyage of Sinbad,en,3.6486,1958-12-05,6.9,330
16,15359,Wonder Woman,Wonder Woman,en,5.6168,2009-03-03,7.198,640
17,15356,The Girl Next Door,The Girl Next Door,en,6.0377,2007-07-19,6.66,811
18,15276,Barely Legal,Barely Legal,en,5.1298,2003-05-15,5.9,293
19,15058,Speak,Speak,en,4.516,2004-01-20,7.091,551
0,14863,Anaconda 3: Offspring,Anaconda 3: Offspring,en,8.302,2008-10-23,4.608,389
1,14817,Good Burger,Good Burger,en,9.0333,1997-07-25,6.223,599
2,14623,Thunderbirds,Thunderbirds,en,5.2869,2004-07-23,5.06,327
3,14223,Wind Chill,Wind Chill,en,5.0127,2007-05-18,5.8,572
4,13688,CJ7,長江七號,cn,10.4215,2008-01-30,7.34,836
5,13635,Mesrine: Killer Instinct,L'Instinct de mort,fr,4.954,2008-10-22,7.306,1021
6,13333,Game of Death,死亡遊戲,cn,7.2544,1978-03-23,6.394,760
7,13225,FernGully: The Last Rainforest,FernGully: The Last Rainforest,en,7.2018,1992-04-10,6.409,662
8,13186,Wrong Turn 2: Dead End,Wrong Turn 2: Dead End,en,12.3969,2007-08-25,6.178,1612
9,12088,Fortress,Fortress,en,5.7258,1992-12-18,6.09,764
10,11879,Near Dark,Near Dark,en,7.023,1987-10-02,6.834,914
11,11663,The Commitments,The Commitments,en,5.4404,1991-08-14,7.251,628
12,11588,The I Inside,The I Inside,en,5.4403,2004-03-21,5.945,292
13,11484,Rollerball,Rollerball,en,5.5901,1975-06-25,6.262,644
14,11381,Tommy Boy,Tommy Boy,en,5.7126,1995-03-31,6.798,1096
15,11205,Wheels on Meals,快餐車,cn,6.3916,1984-08-17,6.881,454
16,10997,Farewell My Concubine,霸王别姬,zh,11.3157,1993-01-01,7.938,710
17,10956,Joe Dirt,Joe Dirt,en,5.5661,2001-04-10,5.656,839
18,10782,Basic,Basic,en,6.9089,2003-04-18,6.511,1172
19,10781,The Texas Chainsaw Massacre: The Beginning,The Texas Chainsaw Massacre: The Beginning,en,8.2687,2006-10-05,6.171,2021
0,10772,Django,Django,it,6.1347,1966-04-06,7.22,1030
1,10747,The Outlaw Josey Wales,The Outlaw Josey Wales,en,10.4626,1976-06-30,7.456,1343
2,10714,The Jungle Book,The Jungle Book,en,5.3221,1994-12-23,6.012,521
3,10294,Vacancy,Vacancy,en,5.4715,2007-04-20,6.274,1702
4,10257,The Twins Effect II,千機變II花都大戰,cn,4.9658,2004-08-12,5.284,109
5,10222,Kickboxer,Kickboxer,en,7.6417,1989-04-20,6.842,1628
6,9684,Sweet and Lowdown,Sweet and Lowdown,en,5.0454,1999-12-03,6.8,575
7,9599,The Blob,The Blob,en,9.2342,1988-08-05,6.871,1107
8,9455,The Corruptor,The Corruptor,en,6.4786,1999-03-12,6.1,324
9,9399,Lionheart,Lionheart,en,10.2649,1990-06-07,6.635,1204
10,9361,The Last of the Mohicans,The Last of the Mohicans,en,13.3457,1992-08-26,7.386,3545
11,9036,Eight Below,Eight Below,en,10.5806,2006-02-17,7.038,1864
12,8367,Robin Hood: Prince of Thieves,Robin Hood: Prince of Thieves,en,17.5488,1991-06-14,6.853,3696
13,8292,Four Brothers,Four Brothers,en,12.3627,2005-08-11,6.8,2483
14,8080,Suspect Zero,Suspect Zero,en,5.2369,2004-08-27,5.562,412
15,7459,Speed Racer,Speed Racer,en,13.141,2008-05-07,6.386,1860
16,6557,27 Dresses,27 Dresses,en,10.9792,2008-01-10,6.5,3506
17,5559,Bee Movie,Bee Movie,en,19.9122,2007-10-28,6.053,5423
18,5236,Kiss Kiss Bang Bang,Kiss Kiss Bang Bang,en,7.7096,2005-09-14,7.155,3115
19,4952,Pillow Talk,Pillow Talk,en,4.7115,1959-10-07,7.127,332
0,3512,Under Siege 2: Dark Territory,Under Siege 2: Dark Territory,en,9.8078,1995-07-13,5.862,1066
1,3040,Night Watch,Ночной дозор,ru,3.7837,2004-07-08,6.206,851
2,2786,Pierrot le Fou,Pierrot le fou,fr,6.7279,1965-11-05,7.322,964
3,2322,Sneakers,Sneakers,en,10.9594,1992-09-09,6.914,1099
4,2207,16 Blocks,16 Blocks,en,6.9078,2006-03-01,6.461,2170
5,2023,Hidalgo,Hidalgo,en,6.8495,2004-02-04,6.914,1398
6,1975,The Grudge 2,The Grudge 2,en,7.2286,2006-10-12,5.6,1159
7,1878,Fear and Loathing in Las Vegas,Fear and Loathing in Las Vegas,en,12.1417,1998-05-22,7.201,5181
8,1847,The Long Goodbye,The Long Goodbye,en,6.4176,1973-03-08,7.408,809
9,1791,The Piano Teacher,La Pianiste,fr,16.3737,2001-09-05,7.265,1341
10,818,Austin Powers in Goldmember,Austin Powers in Goldmember,en,12.0986,2002-07-26,6.02,3543
11,595,To Kill a Mockingbird,To Kill a Mockingbird,en,12.147,1962-12-20,7.979,2951
12,451,Leaving Las Vegas,Leaving Las Vegas,en,10.0903,1995-10-27,7.25,1712
13,404,The Straight Story,The Straight Story,en,8.0292,1999-10-15,7.736,1877
14,253,Live and Let Die,Live and Let Die,en,12.0459,1973-06-27,6.504,2366
15,221,Rebel Without a Cause,Rebel Without a Cause,en,7.7134,1955-10-27,7.488,1820
16,186,Lucky Number Slevin,Lucky Number Slevin,en,12.9068,2006-02-24,7.476,4622
17,184,Jackie Brown,Jackie Brown,en,13.1159,1997-12-25,7.358,7119
18,160,The Arrival of a Train at La Ciotat,L'arrivée d'un train à La Ciotat,fr,2.5153,1896-06-30,7.132,553
19,73,American History X,American History X,en,21.5499,1998-07-01,8.324,12917
0,71,Billy Elliot,Billy Elliot,en,7.0872,2000-09-28,7.599,4172
1,957452,The Crow,The Crow,en,13.9682,2024-08-21,5.771,1340
2,829280,Enola Holmes 2,Enola Holmes 2,en,11.4765,2022-11-03,7.4,3165
3,614934,Elvis,Elvis,en,14.2309,2022-06-22,7.441,4018
4,600354,The Father,The Father,en,14.4675,2020-12-23,8.093,3768
5,387820,Strange Hair Salon,수상한 미용실,ko,4.1484,2015-10-22,6.7,12
6,311324,The Great Wall,The Great Wall,en,18.6981,2016-12-16,6.036,5679
7,109091,The Counselor,The Counselor,en,14.4994,2013-10-25,5.291,2035
8,10719,Elf,Elf,en,12.9638,2003-11-07,6.669,4684
9,9404,Police Story 4: First Strike,警察故事4之簡單任務,cn,9.835,1996-02-10,6.5,553
10,9349,Universal Soldier,Universal Soldier,en,11.3624,1992-07-10,6.353,1997
11,1213,The Talented Mr. Ripley,The Talented Mr. Ripley,en,13.5192,1999-12-25,7.196,4291
12,754,Face/Off,Face/Off,en,18.6462,1997-06-27,7.061,6114
13,619,The Bodyguard,The Bodyguard,en,12.5383,1992-11-25,6.705,3349
14,567,Rear Window,Rear Window,en,18.2597,1954-08-01,8.336,7362
15,1354225,Julia Alvarez: A Life Reimagined,Julia Alvarez: A Life Reimagined,en,0.6449,2024-09-17,8.0,2
16,1188258,18x2 Beyond Youthful Days,青春18x2 君へと続く道,zh,4.9895,2024-03-14,7.5,74
17,1154864,Cursed,Malditas,es,2.9813,2023-10-20,6.167,42
18,1109402,Her Body,Její tělo,cs,2.4287,2023-11-16,6.0,45
19,1026114,Christy,ക്രിസ്റ്റി,ml,1.6174,2023-02-17,4.0,4
0,1016084,BlackBerry,BlackBerry,en,9.1861,2023-02-13,7.2,979
1,967998,Fatal Conspiracy,Conspiração Fatal,pt,17.4485,2022-05-26,6.4,5
2,910571,Fair Play,Fair Play,en,9.81,2023-09-28,6.4,662
3,849159,Wild Lover,Vahşi Sevgili,tr,7.4163,1977-01-01,8.0,1
4,763841,The Love Affair of the Spring and Four Months,춘사월의 정사,ko,2.906,2020-09-25,3.5,2
5,727122,Goldielocks and the Three Bears,Goldielocks and the Three Bears,en,0.7558,1934-05-14,9.0,1
6,655730,Agatha and the Curse of Ishtar,Agatha and the Curse of Ishtar,en,4.1687,2019-12-15,5.739,88
7,642671,2x1,2×1 ツー・バイ・ワン,ja,2.7469,2019-08-02,4.4,5
8,619264,The Platform,El hoyo,es,11.7791,2019-11-08,6.965,8011
9,612549,Pantaleón y las visitadoras,Pantaleón y las visitadoras,es,1.4647,1975-04-27,3.0,4
10,602269,The Little Things,The Little Things,en,17.6779,2021-01-28,6.359,2942
11,545609,Extraction,Extraction,en,16.1713,2020-04-23,7.283,6792
12,539721,Project E.1337: ALPHA,Project E.1337: ALPHA,en,1.2705,2022-04-04,5.7,10
13,522417,Scorpion King: Book of Souls,Scorpion King: Book of Souls,en,6.8542,2018-10-23,5.9,322
14,514999,Murder Mystery,Murder Mystery,en,11.2815,2019-05-25,6.254,4905
15,501906,The Big Red One: The Reconstruction,The Big Red One: The Reconstruction,en,1.9949,2005-05-03,8.4,10
16,466852,Phineas and Ferb: Summer Belongs to You!,Phineas and Ferb: Summer Belongs to You!,en,2.158,2010-08-02,7.883,47
17,453133,My Brother's Wife 3: The Woman Downstairs,형님아내3 (아랫집 부인),ko,4.8686,2017-01-14,4.6,5
18,439079,The Nun,The Nun,en,25.7546,2018-09-05,5.912,7308
19,436560,The Adventures of Teddy Ruxpin,The Adventures of Teddy Ruxpin,en,1.6755,1985-11-30,7.0,1
0,14435,My Bloody Valentine,My Bloody Valentine,en,5.5703,2009-01-16,5.583,1354
1,13353,"It's the Great Pumpkin, Charlie Brown","It's the Great Pumpkin, Charlie Brown",en,7.969,1966-10-27,7.5,468
2,12621,Hamlet 2,Hamlet 2,en,2.5589,2008-01-21,5.864,195
3,12535,High Anxiety,High Anxiety,en,4.4532,1977-12-25,6.437,418
4,12207,The Legend of Drunken Master,醉拳二,cn,12.2001,1994-02-03,7.463,1132
5,11619,Flushed Away,Flushed Away,en,20.2733,2006-10-22,6.3,4189
6,11027,The Postman Always Rings Twice,The Postman Always Rings Twice,en,5.4895,1981-03-20,6.506,577
7,10823,Children of the Corn,Children of the Corn,en,6.9113,1984-03-09,5.73,1169
8,10784,Cabaret,Cabaret,en,5.5523,1972-02-13,7.418,1007
9,9791,Animal Factory,Animal Factory,en,3.9702,2000-10-13,6.327,271
10,9675,Sideways,Sideways,en,6.5491,2004-10-22,7.103,1967
11,9513,Garfield: A Tail of Two Kitties,Garfield: A Tail of Two Kitties,en,12.008,2006-06-15,5.6,2384
12,9487,A Bug's Life,A Bug's Life,en,24.1414,1998-11-25,6.983,9918
13,9303,Bound,Bound,en,9.3994,1996-09-13,7.239,1148
14,9042,The Cave,The Cave,en,7.8322,2005-08-26,5.455,1062
15,9035,Slither,Slither,en,11.0163,2006-03-31,6.551,1794
16,9023,Spirit: Stallion of the Cimarron,Spirit: Stallion of the Cimarron,en,19.2316,2002-05-24,7.708,5020
17,8871,How the Grinch Stole Christmas,How the Grinch Stole Christmas,en,18.4841,2000-11-17,6.78,8452
18,8766,Hellraiser: Bloodline,Hellraiser: Bloodline,en,4.9678,1996-03-08,5.284,626
19,7972,Before the Devil Knows You're Dead,Before the Devil Knows You're Dead,en,8.8616,2007-09-26,7.11,1803
0,57089,Hoodwinked Too! Hood VS. Evil,Hoodwinked Too! Hood VS. Evil,en,6.5532,2011-04-29,5.2,599
1,50433,The Alcove,L'alcova,it,4.2207,1985-01-21,5.4,39
2,46690,Tintin and the Blue Oranges,Tintin et les oranges bleues,fr,2.0664,1964-12-18,5.064,109
3,44264,True Grit,True Grit,en,13.2079,2010-12-22,7.305,5922
4,42220,In the Name of the Pope King,In nome del Papa re,it,1.532,1977-12-03,6.658,73
5,41415,The Shape of Things to Come,The Shape of Things to Come,en,2.3163,1979-05-04,4.068,37
6,27989,Serious Moonlight,Serious Moonlight,en,2.7741,2009-12-04,5.0,170
7,27581,The Other Guys,The Other Guys,en,15.9585,2010-08-06,6.339,4693
8,25723,Overnight Delivery,Overnight Delivery,en,2.8628,1998-04-07,5.59,105
9,19288,Leprechaun: Back 2 tha Hood,Leprechaun: Back 2 tha Hood,en,3.9524,2003-12-30,4.8,231
10,14435,My Bloody Valentine,My Bloody Valentine,en,5.5703,2009-01-16,5.583,1354
11,13353,"It's the Great Pumpkin, Charlie Brown","It's the Great Pumpkin, Charlie Brown",en,7.969,1966-10-27,7.5,468
12,12621,Hamlet 2,Hamlet 2,en,2.5589,2008-01-21,5.864,195
13,12535,High Anxiety,High Anxiety,en,4.4532,1977-12-25,6.437,418
14,12207,The Legend of Drunken Master,醉拳二,cn,12.2001,1994-02-03,7.463,1132
15,11689,Crime Busters,I due superpiedi quasi piatti,it,5.0363,1977-04-01,6.999,735
16,11619,Flushed Away,Flushed Away,en,20.2733,2006-10-22,6.3,4189
17,11027,The Postman Always Rings Twice,The Postman Always Rings Twice,en,5.4895,1981-03-20,6.506,577
18,10823,Children of the Corn,Children of the Corn,en,6.9113,1984-03-09,5.73,1169
19,10784,Cabaret,Cabaret,en,5.5523,1972-02-13,7.418,1007
0,9791,Animal Factory,Animal Factory,en,3.9702,2000-10-13,6.327,271
1,9675,Sideways,Sideways,en,6.5491,2004-10-22,7.103,1967
2,9513,Garfield: A Tail of Two Kitties,Garfield: A Tail of Two Kitties,en,12.008,2006-06-15,5.6,2384
3,9487,A Bug's Life,A Bug's Life,en,24.1414,1998-11-25,6.983,9918
4,9303,Bound,Bound,en,9.3994,1996-09-13,7.239,1148
5,9042,The Cave,The Cave,en,7.8322,2005-08-26,5.455,1062
6,9035,Slither,Slither,en,11.0163,2006-03-31,6.551,1794
7,9023,Spirit: Stallion of the Cimarron,Spirit: Stallion of the Cimarron,en,19.2316,2002-05-24,7.708,5020
8,8871,How the Grinch Stole Christmas,How the Grinch Stole Christmas,en,18.4841,2000-11-17,6.78,8452
9,8766,Hellraiser: Bloodline,Hellraiser: Bloodline,en,4.9678,1996-03-08,5.284,626
10,6537,The Orphanage,El orfanato,es,7.2734,2007-05-20,7.231,3207
11,5137,Sky Captain and the World of Tomorrow,Sky Captain and the World of Tomorrow,en,7.0606,2004-09-17,5.898,1421
12,2654,In the Mouth of Madness,In the Mouth of Madness,en,8.0427,1995-02-03,7.208,1998
13,2486,Eragon,Eragon,en,8.6071,2006-12-14,5.14,3520
14,2440,Joint Security Area,공동경비구역 JSA,ko,9.8086,2000-09-09,7.833,878
15,2263,Music Box,Music Box,en,3.5851,1989-12-22,7.142,187
16,2252,Eastern Promises,Eastern Promises,en,12.8064,2007-09-14,7.348,3840
17,2019,Hard Target,Hard Target,en,13.0806,1993-04-27,6.514,1390
18,1970,The Grudge,The Grudge,en,10.4478,2004-10-22,5.945,3292
19,1852,World Trade Center,World Trade Center,en,12.9973,2006-08-09,6.123,1876
0,955,Mission: Impossible II,Mission: Impossible II,en,17.591,2000-05-24,6.139,7815
1,837,Videodrome,Videodrome,en,8.5934,1983-02-04,7.25,2567
2,772,Home Alone 2: Lost in New York,Home Alone 2: Lost in New York,en,28.2481,1992-11-15,6.794,10898
3,301,Rio Bravo,Rio Bravo,en,10.6568,1959-03-08,7.798,1295
4,244,King Kong,King Kong,en,6.6598,1933-04-07,7.585,1666
5,234,The Cabinet of Dr. Caligari,Das Cabinet des Dr. Caligari,de,6.8922,1920-02-27,7.932,1822
6,99,All About My Mother,Todo sobre mi madre,es,8.7925,1999-04-16,7.606,2109
7,17,The Dark,The Dark,en,3.81,2005-09-28,5.666,299
8,1600297,高崎聖子/reciprocal love!,高崎聖子/reciprocal love!,ja,1.5481,2014-04-24,0.0,0
9,1111873,Abigail,Abigail,en,22.4248,2024-04-16,6.647,2214
10,854575,A Janitor,ある用務員,ja,2.0854,2021-01-29,6.333,21
11,745881,The Medium,ร่างทรง,th,8.9673,2021-07-14,7.01,772
12,610150,Dragon Ball Super: Super Hero,ドラゴンボール超 スーパーヒーロー,ja,8.3042,2022-06-11,7.892,3082
13,472027,Batman: The Dark Knight Returns,Batman: The Dark Knight Returns,en,5.3865,2013-10-08,8.112,165
14,399057,The Killing of a Sacred Deer,The Killing of a Sacred Deer,en,12.0147,2017-10-20,7.004,4578
15,384680,Hostiles,Hostiles,en,10.7704,2017-12-22,6.953,2586
16,359246,Hell House LLC,Hell House LLC,en,3.7193,2015-10-16,6.482,679
17,49494,The Eagle,The Eagle,en,17.5119,2011-02-08,6.248,1474
18,40662,Batman: Under the Red Hood,Batman: Under the Red Hood,en,7.3697,2010-07-27,7.762,1782
19,13486,The Scorpion King 2: Rise of a Warrior,The Scorpion King 2: Rise of a Warrior,en,5.4309,2008-07-19,4.742,640
0,11618,The Haunting,The Haunting,en,11.065,1999-07-23,5.515,1588
1,10665,The Strangers,The Strangers,en,11.6405,2008-05-29,6.118,2741
2,9947,Elektra,Elektra,en,8.8006,2005-01-13,5.047,2751
3,4513,30 Days of Night,30 Days of Night,en,15.462,2007-10-17,6.44,3171
4,1597,Meet the Parents,Meet the Parents,en,13.5314,2000-10-06,6.699,6556
5,1089,Point Break,Point Break,en,15.4101,1991-07-12,7.152,4133
6,9334,The Scorpion King,The Scorpion King,en,14.117,2002-04-18,5.581,3460
7,647,Final Fantasy VII: Advent Children,Final Fantasy VII: Advent Children,ja,7.112,2005-07-14,7.159,1283
8,621,Grease,Grease,en,16.1853,1978-06-16,7.367,7824
9,88751,Journey to the Center of the Earth,Journey to the Center of the Earth,en,16.8906,2008-07-10,6.1,5298
10,4922,The Curious Case of Benjamin Button,The Curious Case of Benjamin Button,en,18.2006,2008-12-25,7.602,14032
11,4248,Scary Movie 2,Scary Movie 2,en,21.0294,2001-07-04,5.85,5401
12,1694,Re-Animator,Re-Animator,en,9.1407,1985-10-18,7.05,1727
13,693,Meet the Fockers,Meet the Fockers,en,17.6765,2004-12-22,6.254,5292
14,150,48 Hrs.,48 Hrs.,en,10.4545,1982-12-07,6.676,1788
15,1022796,Wish,Wish,en,15.3794,2023-11-13,6.221,1834
16,949423,Pearl,Pearl,en,12.9587,2022-09-16,7.236,2744
17,799508,You and Me Against the World,You and Me Against the World,en,1.4241,2003-03-12,9.0,1
18,736820,Confidential Assignment 2: International,공조 2: 인터내셔날,ko,6.1559,2022-09-07,7.0,71
19,713607,Mom's Friend 2020,엄마친구 2020,ko,5.9693,2020-06-05,2.5,2
0,585511,Luck,Luck,en,16.8508,2022-08-05,7.774,2116
1,522402,Finch,Finch,en,9.6871,2021-11-04,7.82,4198
2,520758,Chicken Run: Dawn of the Nugget,Chicken Run: Dawn of the Nugget,en,14.6106,2023-12-08,6.944,943
3,482373,Don't Breathe 2,Don't Breathe 2,en,13.3729,2021-08-12,6.972,2919
4,459928,12 Feet Deep,12 Feet Deep,en,4.6587,2018-11-08,5.991,340
5,440642,The Spacewalker,Время первых,ru,4.1243,2017-04-06,6.992,364
6,433808,The Ritual,The Ritual,en,10.5185,2017-10-11,6.303,3571
7,428078,Mortal Engines,Mortal Engines,en,18.4541,2018-11-27,6.253,5331
8,420814,Christopher Robin,Christopher Robin,en,14.3818,2018-08-01,7.295,2990
9,400617,Phantom Thread,Phantom Thread,en,14.1138,2017-12-25,7.314,3869
10,379149,The Foreigner,The Foreigner,en,14.1873,2017-09-28,6.982,3027
11,357096,I Spit on Your Grave III: Vengeance Is Mine,I Spit on Your Grave III: Vengeance Is Mine,en,8.0639,2015-10-01,5.79,1091
12,353070,Going in Style,Going in Style,en,12.8523,2017-04-06,6.693,3106
13,315846,Our Little Sister,海街diary,ja,7.6216,2015-06-13,7.572,586
14,313297,Kubo and the Two Strings,Kubo and the Two Strings,en,13.1517,2016-08-18,7.642,3928
15,291870,Dirty Grandpa,Dirty Grandpa,en,11.6852,2016-01-20,5.94,4671
16,283445,Sinister 2,Sinister 2,en,8.2189,2015-08-19,5.896,2359
17,183011,Justice League: The Flashpoint Paradox,Justice League: The Flashpoint Paradox,en,7.4733,2013-07-30,7.882,2025
18,76535,Marvel One-Shot: A Funny Thing Happened on the Way to Thor's Hammer,Marvel One-Shot: A Funny Thing Happened on the Way to Thor's Hammer,en,5.2187,2011-10-25,6.87,601
19,72571,Paranormal Activity 3,Paranormal Activity 3,en,7.8437,2011-10-19,5.926,2434
0,62206,30 Minutes or Less,30 Minutes or Less,en,6.3574,2011-08-11,5.777,1879
1,27029,The Nun's Story,The Nun's Story,en,5.0638,1959-06-18,7.21,205
2,21835,A Chinese Odyssey Part Two: Cinderella,西遊記大結局之仙履奇緣,cn,7.7793,1995-02-04,7.7,271
3,21521,Project A - Part II,A計劃續集,cn,6.6513,1987-07-25,7.1,353
4,13680,The Game Plan,The Game Plan,en,12.5368,2007-09-28,6.5,2246
5,13387,Transporter 3,Transporter 3,en,15.0632,2008-11-26,6.171,3780
6,11973,Thirteen Days,Thirteen Days,en,6.3608,2000-12-25,6.998,864
7,11838,Ju-on: The Grudge,呪怨,ja,8.0396,2002-10-18,6.755,999
8,11247,A Cinderella Story,A Cinderella Story,en,13.578,2004-07-16,6.592,3440
9,10885,Shutter,Shutter,en,5.0436,2008-03-21,5.537,846
10,10065,The Amityville Horror,The Amityville Horror,en,9.8233,2005-04-14,6.126,2417
11,10016,Ghosts of Mars,Ghosts of Mars,en,7.094,2001-08-14,5.164,1284
12,9488,Spy Kids 2: The Island of Lost Dreams,Spy Kids 2: The Island of Lost Dreams,en,11.2182,2002-08-07,5.65,2399
13,8997,Hollow Man II,Hollow Man II,en,6.9947,2006-05-23,5.0,315
14,8961,Bad Boys II,Bad Boys II,en,20.9193,2003-07-18,6.658,6112
15,4257,Scary Movie 4,Scary Movie 4,en,13.3549,2006-04-12,5.498,3742
16,3683,Flags of Our Fathers,Flags of Our Fathers,en,11.9977,2006-10-19,6.849,2079
17,2163,Breakdown,Breakdown,en,7.7763,1997-05-02,6.945,1156
18,1923,Twin Peaks: Fire Walk with Me,Twin Peaks: Fire Walk with Me,en,12.2245,1992-06-03,7.434,2357
19,1613,The 51st State,The 51st State,en,6.0236,2001-12-07,6.085,695
0,1493,Miss Congeniality,Miss Congeniality,en,14.9988,2000-12-22,6.536,4341
1,984,Dirty Harry,Dirty Harry,en,11.0961,1971-12-23,7.452,2840
2,846,The X-Files,The X-Files,en,12.5869,1998-06-19,6.916,1896
3,284,The Apartment,The Apartment,en,11.2894,1960-06-21,8.182,2776
4,1531882,MMR-AU004 Squall Shiramine Miu,MMR-AU004 白峰ミウ Squall,ja,1.6555,2020-11-27,0.0,0
5,1087822,Hellboy: The Crooked Man,Hellboy: The Crooked Man,en,10.9388,2024-08-29,5.13,599
6,968870,Pretty Guardian Sailor Moon Cosmos the Movie Part 2,劇場版 美少女戦士セーラームーンCosmos 後編,ja,4.8766,2023-06-30,7.956,57
7,830721,The Miracle Club,The Miracle Club,en,5.4741,2023-07-14,6.299,152
8,678512,Sound of Freedom,Sound of Freedom,en,8.5187,2023-07-03,7.952,2839
9,567189,Tom Clancy's Without Remorse,Tom Clancy's Without Remorse,en,11.4479,2021-04-30,6.934,2794
10,560050,Over the Moon,Over the Moon,en,6.034,2020-10-16,7.2,1428
11,512196,Happy Death Day 2U,Happy Death Day 2U,en,9.2329,2019-02-13,6.318,3733
12,507241,The Killer's Game,The Killer's Game,en,10.9289,2024-09-12,6.434,595
13,400136,Resident Evil: Vendetta,バイオハザード ヴェンデッタ,ja,10.7489,2017-05-27,6.924,1105
14,294963,Bone Tomahawk,Bone Tomahawk,en,10.832,2015-10-23,6.892,2634
15,172226,In Secret,In Secret,en,8.5009,2014-02-21,6.111,261
16,134764,Due West: Our Sex Journey,一路向西,cn,6.2616,2012-09-20,6.1,60
17,84892,The Perks of Being a Wallflower,The Perks of Being a Wallflower,en,20.1544,2012-09-20,7.806,11450
18,80278,The Impossible,The Impossible,en,15.6141,2012-09-09,7.378,6855
19,49526,Premium Rush,Premium Rush,en,8.7641,2012-08-24,6.367,2382
0,48650,Room in Rome,Habitación en Roma,es,17.7487,2010-05-07,6.412,847
1,41210,The Switch,The Switch,en,6.7124,2010-08-20,6.234,2078
2,39538,Contagion,Contagion,en,13.3513,2011-09-08,6.655,6716
3,34101,Hollywood Shuffle,Hollywood Shuffle,en,3.0368,1987-03-20,6.51,103
4,32093,The Mark of Zorro,The Mark of Zorro,en,4.0782,1940-11-08,7.152,240
5,27850,Halloweentown,Halloweentown,en,5.491,1998-11-10,6.828,618
6,20127,It Should Happen to You,It Should Happen to You,en,2.7309,1954-01-15,7.074,74
7,11046,Where Eagles Dare,Where Eagles Dare,en,8.4408,1968-12-04,7.522,1030
8,10577,Dracula 2000,Dracula 2000,en,6.889,2000-12-22,5.245,771
9,10228,Pokémon: The First Movie,劇場版ポケットモンスター ミュウツーの逆襲,ja,8.7214,1998-07-18,7.0,1632
10,9718,Talladega Nights: The Ballad of Ricky Bobby,Talladega Nights: The Ballad of Ricky Bobby,en,7.1836,2006-08-04,6.382,1994
11,9663,Starman,Starman,en,6.8689,1984-12-13,6.927,1052
12,9558,King of New York,King of New York,en,6.4405,1990-07-18,6.766,822
13,8953,Steamboy,スチームボーイ,ja,3.3199,2004-07-17,6.893,512
14,1984,1984,1984,en,2.8467,1956-03-06,6.493,147
15,1900,Traffic,Traffic,en,12.4674,2000-12-27,7.088,2501
16,947,Lawrence of Arabia,Lawrence of Arabia,en,16.2646,1962-12-11,7.999,3581
17,415,Batman & Robin,Batman & Robin,en,16.7922,1997-06-20,4.395,5551
18,59,A History of Violence,A History of Violence,en,9.3209,2005-09-23,7.164,3875
19,974950,Emilia Pérez,Emilia Pérez,fr,13.9284,2024-08-21,6.413,2039
0,897160,Brave Citizen,용감한 시민,ko,6.6996,2023-10-25,7.569,167
1,850165,The Iron Claw,The Iron Claw,en,13.8785,2023-12-21,7.519,1347
2,848538,Argylle,Argylle,en,18.7471,2024-01-31,5.986,1835
3,763215,Damsel,Damsel,en,17.9103,2024-03-07,6.979,2926
4,760104,X,X,en,25.738,2022-03-17,6.707,4131
5,547565,The Night House,The Night House,en,8.7333,2021-07-15,6.552,1391
6,537056,Batman: Hush,Batman: Hush,en,6.2715,2019-07-19,7.156,985
7,521647,Darc,Darc,en,3.1132,2018-05-01,6.164,216
8,501929,The Mitchells vs. the Machines,The Mitchells vs. the Machines,en,20.8696,2021-04-22,7.83,3494
9,453364,Tehran Taboo,Theran Taboo,fa,3.977,2017-10-04,7.118,106
10,448119,Dolittle,Dolittle,en,15.2359,2020-01-02,6.57,3952
11,446021,Bad Times at the El Royale,Bad Times at the El Royale,en,10.4078,2018-10-04,6.842,3970
12,400710,Flatliners,Flatliners,en,9.8392,2017-09-28,5.642,2428
13,381284,Hidden Figures,Hidden Figures,en,25.6869,2016-12-10,8.048,10665
14,341174,Fifty Shades Darker,Fifty Shades Darker,en,12.7486,2017-02-08,6.468,8010
15,300668,Annihilation,Annihilation,en,15.8149,2018-02-22,6.45,9629
16,292777,Flower & Snake: Zero,花と蛇 ZERO,ja,7.1597,2014-05-17,6.023,43
17,140823,Saving Mr. Banks,Saving Mr. Banks,en,9.5559,2013-11-29,7.336,3567
18,117263,Olympus Has Fallen,Olympus Has Fallen,en,17.1518,2013-03-20,6.416,7206
19,102629,El Gringo,El Gringo,en,2.9418,2012-05-10,6.34,228
0,79871,Crazy Love,蜜桃成熟時,cn,7.6403,1993-04-17,6.447,47
1,58233,Johnny English Reborn,Johnny English Reborn,en,10.5508,2011-09-15,6.251,3673
2,53165,Fight Back to School 2,逃學威龍２,cn,3.6462,1992-04-09,6.842,117
3,50619,The Twilight Saga: Breaking Dawn - Part 1,The Twilight Saga: Breaking Dawn - Part 1,en,19.2279,2011-11-16,6.186,9413
4,37247,The Graduate,The Graduate,en,14.5777,1967-12-21,7.632,3810
5,32657,Percy Jackson & the Olympians: The Lightning Thief,Percy Jackson & the Olympians: The Lightning Thief,en,22.4826,2010-02-01,6.2,7953
6,26123,American Pie Presents: The Book of Love,American Pie Presents: The Book of Love,en,8.6375,2009-12-02,5.258,1863
7,17835,Threads,Threads,en,4.7371,1984-09-23,7.637,438
8,16619,Ordinary People,Ordinary People,en,10.434,1980-09-19,7.444,724
9,13576,This Is It,This Is It,en,7.1214,2009-10-28,7.364,1105
10,12761,Autumn Sonata,Höstsonaten,sv,6.1189,1978-10-08,7.965,729
11,11978,Men of Honor,Men of Honor,en,13.9929,2000-09-13,7.501,2585
12,11968,Into the Blue,Into the Blue,en,11.4377,2005-09-30,5.9,1704
13,11797,Fright Night,Fright Night,en,7.5641,1985-08-02,7.048,1602
14,11782,Hard Boiled,辣手神探,cn,8.7711,1992-04-16,7.52,983
15,11470,Jason X,Jason X,en,7.0257,2001-11-09,4.864,1563
16,10975,Operation Condor,飛鷹計劃,cn,7.9502,1991-02-07,7.347,669
17,10898,The Little Mermaid II: Return to the Sea,The Little Mermaid II: Return to the Sea,en,2.7515,2000-01-23,6.392,1821
18,10829,Tremors 3: Back to Perfection,Tremors 3: Back to Perfection,en,5.2907,2001-10-02,5.829,740
19,9475,Scent of a Woman,Scent of a Woman,en,17.2779,1992-12-23,7.794,4085
0,9461,Enter the Dragon,Enter the Dragon,en,18.0548,1973-08-17,7.416,2165
1,9352,EuroTrip,EuroTrip,en,14.6129,2004-02-20,6.625,3087
2,9100,The Craft,The Craft,en,14.1127,1996-05-03,6.781,2125
3,8681,Taken,Taken,en,19.5726,2008-02-18,7.412,12390
4,7516,Smokin' Aces,Smokin' Aces,en,11.2766,2006-12-09,6.474,1890
5,6312,Brotherhood of the Wolf,Le Pacte des loups,fr,8.3691,2001-01-31,6.7,1797
6,5506,The Ladykillers,The Ladykillers,en,3.2354,1955-12-08,7.281,572
7,4584,Sense and Sensibility,Sense and Sensibility,en,16.6534,1995-12-13,7.412,1889
8,4547,Panic Room,Panic Room,en,12.9522,2002-03-29,6.796,5571
9,4476,Legends of the Fall,Legends of the Fall,en,16.6918,1994-12-23,7.393,2946
10,2067,Mission to Mars,Mission to Mars,en,7.414,2000-03-10,6.04,1646
11,941,Lethal Weapon,Lethal Weapon,en,19.1316,1987-03-06,7.305,5212
12,922,Dead Man,Dead Man,en,7.9511,1995-12-23,7.308,1790
13,794,The Omen,The Omen,en,8.4812,1976-06-25,7.404,2504
14,635,Angel Heart,Angel Heart,en,7.889,1987-03-06,7.119,1799
15,293,A River Runs Through It,A River Runs Through It,en,10.7455,1992-10-09,6.996,1237
16,266,Contempt,Le Mépris,fr,6.3492,1963-10-29,7.034,991
17,205,Hotel Rwanda,Hotel Rwanda,en,8.3731,2004-12-22,7.719,3275
18,187,Sin City,Sin City,en,16.0542,2005-04-01,7.465,9062
19,118,Charlie and the Chocolate Factory,Charlie and the Chocolate Factory,en,28.0755,2005-07-13,7.037,16388
0,353070,Going in Style,Going in Style,en,12.8523,2017-04-06,6.693,3106
1,315846,Our Little Sister,海街diary,ja,7.6216,2015-06-13,7.572,586
2,313297,Kubo and the Two Strings,Kubo and the Two Strings,en,13.1517,2016-08-18,7.642,3928
3,291870,Dirty Grandpa,Dirty Grandpa,en,11.6852,2016-01-20,5.94,4671
4,283445,Sinister 2,Sinister 2,en,8.2189,2015-08-19,5.896,2359
5,183011,Justice League: The Flashpoint Paradox,Justice League: The Flashpoint Paradox,en,7.4733,2013-07-30,7.882,2025
6,142061,"Batman: The Dark Knight Returns, Part 2","Batman: The Dark Knight Returns, Part 2",en,8.2458,2013-01-03,7.922,1632
7,76535,Marvel One-Shot: A Funny Thing Happened on the Way to Thor's Hammer,Marvel One-Shot: A Funny Thing Happened on the Way to Thor's Hammer,en,5.2187,2011-10-25,6.87,601
8,72571,Paranormal Activity 3,Paranormal Activity 3,en,7.8437,2011-10-19,5.926,2434
9,62206,30 Minutes or Less,30 Minutes or Less,en,6.3574,2011-08-11,5.777,1879
10,27029,The Nun's Story,The Nun's Story,en,5.0638,1959-06-18,7.21,205
11,21835,A Chinese Odyssey Part Two: Cinderella,西遊記大結局之仙履奇緣,cn,7.7793,1995-02-04,7.7,271
12,21521,Project A - Part II,A計劃續集,cn,6.6513,1987-07-25,7.1,353
13,13680,The Game Plan,The Game Plan,en,12.5368,2007-09-28,6.5,2246
14,13387,Transporter 3,Transporter 3,en,15.0632,2008-11-26,6.171,3780
15,13225,FernGully: The Last Rainforest,FernGully: The Last Rainforest,en,7.2018,1992-04-10,6.409,662
16,11973,Thirteen Days,Thirteen Days,en,6.3608,2000-12-25,6.998,864
17,11838,Ju-on: The Grudge,呪怨,ja,8.0396,2002-10-18,6.755,999
18,11247,A Cinderella Story,A Cinderella Story,en,13.578,2004-07-16,6.592,3440
19,10885,Shutter,Shutter,en,5.0436,2008-03-21,5.537,846
0,10065,The Amityville Horror,The Amityville Horror,en,9.8233,2005-04-14,6.126,2417
1,10016,Ghosts of Mars,Ghosts of Mars,en,7.094,2001-08-14,5.164,1284
2,9488,Spy Kids 2: The Island of Lost Dreams,Spy Kids 2: The Island of Lost Dreams,en,11.2182,2002-08-07,5.65,2399
3,8997,Hollow Man II,Hollow Man II,en,6.9947,2006-05-23,5.0,315
4,8961,Bad Boys II,Bad Boys II,en,20.9193,2003-07-18,6.658,6112
5,3683,Flags of Our Fathers,Flags of Our Fathers,en,11.9977,2006-10-19,6.849,2079
6,2163,Breakdown,Breakdown,en,7.7763,1997-05-02,6.945,1156
7,1923,Twin Peaks: Fire Walk with Me,Twin Peaks: Fire Walk with Me,en,12.2245,1992-06-03,7.434,2357
8,1613,The 51st State,The 51st State,en,6.0236,2001-12-07,6.085,695
9,1493,Miss Congeniality,Miss Congeniality,en,14.9988,2000-12-22,6.536,4341
10,984,Dirty Harry,Dirty Harry,en,11.0961,1971-12-23,7.452,2840
11,846,The X-Files,The X-Files,en,12.5869,1998-06-19,6.916,1896
12,284,The Apartment,The Apartment,en,11.2894,1960-06-21,8.182,2776
13,221,Rebel Without a Cause,Rebel Without a Cause,en,7.7134,1955-10-27,7.488,1820
14,184,Jackie Brown,Jackie Brown,en,13.1159,1997-12-25,7.358,7119
15,1531882,MMR-AU004 Squall Shiramine Miu,MMR-AU004 白峰ミウ Squall,ja,1.6555,2020-11-27,0.0,0
16,1359950,"You got an erection by kissing on the street, even if you ejaculate 10 times, even if it’s morning, I just want to be fucked by a tall elder sister… Fua Kaede",SSIS-652你在路上勃起，是嗎？就算射精10次，就算早上來了，我也只想被高個子女人操……風楓,ja,1.5215,2023-02-14,0.0,0
17,1196470,Survive,Survivre,fr,9.7036,2024-06-19,5.881,423
18,1087822,Hellboy: The Crooked Man,Hellboy: The Crooked Man,en,10.9388,2024-08-29,5.13,599
19,968870,Pretty Guardian Sailor Moon Cosmos the Movie Part 2,劇場版 美少女戦士セーラームーンCosmos 後編,ja,4.8766,2023-06-30,7.956,57
0,228205,The Longest Ride,The Longest Ride,en,7.1958,2015-04-09,7.637,3373
1,203835,Amityville: The Awakening,Amityville: The Awakening,en,7.0036,2017-06-30,5.3,1119
2,147441,Exodus: Gods and Kings,Exodus: Gods and Kings,en,15.0476,2014-12-03,5.884,4944
3,139038,A Haunted House,A Haunted House,en,9.1485,2013-01-11,5.956,2110
4,71859,We Need to Talk About Kevin,We Need to Talk About Kevin,en,9.4735,2011-09-28,7.533,3199
5,62215,Melancholia,Melancholia,en,9.0286,2011-03-16,7.15,3935
6,59098,Au Pair Girls,Au Pair Girls,en,1.7096,1972-07-01,4.6,31
7,58151,Fright Night,Fright Night,en,9.1237,2011-07-26,6.251,2183
8,46633,Ghostwatch,Ghostwatch,en,1.7673,1992-10-31,7.026,193
9,42444,Christmas Vacation '91,Vacanze di Natale '91,it,1.9444,1991-12-20,5.0,171
10,39106,Dragon Ball Z: Bio-Broly,ドラゴンボールＺ 超戦士撃破!!勝のはオレだ,ja,4.8707,1994-07-09,5.8,578
11,37056,Letters to Juliet,Letters to Juliet,en,9.9881,2010-05-13,7.004,3060
12,29426,Survival of the Dead,Survival of the Dead,en,3.8668,2010-05-06,4.842,527
13,24163,As Tears Go By,旺角卡門,cn,4.3665,1988-06-09,7.0,390
14,20122,Damnation,Kárhozat,hu,3.0801,1988-10-20,7.646,154
15,16780,The Return of the Texas Chainsaw Massacre,The Return of the Texas Chainsaw Massacre,en,5.4254,1995-09-22,4.6,776
16,15762,Night of the Creeps,Night of the Creeps,en,4.4648,1986-08-21,6.759,607
17,15092,Crank: High Voltage,Crank: High Voltage,en,12.6692,2009-04-16,6.093,3258
18,14462,The Manchurian Candidate,The Manchurian Candidate,en,8.1819,2004-07-30,6.496,1804
19,12159,What Dreams May Come,What Dreams May Come,en,11.0078,1998-10-02,7.251,2610
0,11905,The Company of Wolves,The Company of Wolves,en,6.128,1984-09-21,6.297,401
1,11599,Suzhou River,苏州河,zh,3.5795,2000-04-04,7.332,187
2,10795,Tell No One,Ne le dis à personne,fr,4.7404,2006-11-01,7.221,1554
3,10218,Swingers,Swingers,en,4.8665,1996-10-18,6.844,833
4,10054,Spy Kids,Spy Kids,en,15.189,2001-03-18,5.819,3799
5,9833,The Phantom of the Opera,The Phantom of the Opera,en,10.2326,2004-12-08,7.266,1830
6,9739,Demolition Man,Demolition Man,en,16.4995,1993-10-08,6.775,4270
7,9726,A Good Year,A Good Year,en,7.1333,2006-09-09,6.689,1682
8,9437,Kiss the Girls,Kiss the Girls,en,12.9481,1997-09-29,6.546,1958
9,9299,Thesis,Tesis,es,5.9676,1996-04-11,7.493,984
10,8916,Antz,Antz,en,12.8301,1998-10-02,6.191,4854
11,8818,Evita,Evita,en,3.5117,1996-12-14,6.055,534
12,5165,L'Avventura,L'avventura,it,4.5226,1960-09-14,7.538,771
13,4561,The Story of O,Histoire d'O,fr,9.8597,1975-08-27,5.5,189
14,4552,A Tale of Two Sisters,"장화, 홍련",ko,12.0197,2003-06-13,7.106,1391
15,4477,The Devil's Own,The Devil's Own,en,7.8946,1997-03-13,6.198,1407
16,4176,Murder on the Orient Express,Murder on the Orient Express,en,10.2892,1974-11-22,7.146,1624
17,3073,Bud Abbott and Lou Costello Meet Frankenstein,Bud Abbott and Lou Costello Meet Frankenstein,en,3.5202,1948-06-01,7.108,360
18,2924,Backdraft,Backdraft,en,10.1785,1991-05-24,6.662,1629
19,2334,Taxi 3,Taxi 3,fr,5.3746,2003-01-29,5.764,1709
0,1571,Live Free or Die Hard,Live Free or Die Hard,en,16.1217,2007-06-20,6.643,6516
1,957,Spaceballs,Spaceballs,en,26.7569,1987-06-24,6.891,3549
2,709,Licence to Kill,Licence to Kill,en,15.8154,1989-06-13,6.438,2244
3,581,Dances with Wolves,Dances with Wolves,en,16.4775,1990-11-09,7.84,4824
4,421,The Life Aquatic with Steve Zissou,The Life Aquatic with Steve Zissou,en,7.977,2004-12-10,7.073,3269
5,288,High Noon,High Noon,en,10.9469,1952-06-09,7.657,1632
6,239,Some Like It Hot,Some Like It Hot,en,14.6136,1959-03-19,8.077,3993
7,810693,Jujutsu Kaisen 0,劇場版 呪術廻戦 0,ja,15.0179,2021-12-24,8.104,1848
8,634429,Shin Ultraman,シン・ウルトラマン,ja,4.0841,2022-05-13,7.471,256
9,478187,The Swindlers,꾼,ko,2.212,2017-11-22,6.7,106
10,441130,Wolfwalkers,Wolfwalkers,en,9.3038,2020-10-26,8.177,1449
11,332169,Persona3 THE MOVIE #3 Falling Down,PERSONA3 THE MOVIE —#3 Falling Down—,ja,4.013,2015-04-04,7.2,45
12,54803,The Beach Girls,The Beach Girls,en,2.0326,1982-03-26,4.728,46
13,41733,Due Date,Due Date,en,12.6106,2010-11-03,6.392,5976
14,36670,Never Say Never Again,Never Say Never Again,en,12.9508,1983-10-07,6.085,1681
15,12107,Nutty Professor II: The Klumps,Nutty Professor II: The Klumps,en,5.5355,2000-07-27,5.022,1446
16,11085,Mutiny on the Bounty,Mutiny on the Bounty,en,5.0957,1962-11-08,7.1,359
17,9877,Urban Legend,Urban Legend,en,7.2452,1998-09-25,5.738,1514
18,8982,The Protector,ต้มยำกุ้ง,th,7.0419,2005-08-11,7.1,956
19,1738,Next,Next,en,10.3677,2007-04-25,6.141,3385
0,858,Sleepless in Seattle,Sleepless in Seattle,en,14.9125,1993-06-24,6.744,2689
1,1703073,Bible Black: New Testament,バイブルブラック：新約聖書,en,1.4401,2004-10-11,0.0,0
2,1094556,The Thundermans Return,The Thundermans Return,en,6.9887,2024-03-07,6.9,323
3,915935,Anatomy of a Fall,Anatomie d'une chute,fr,22.6062,2023-08-23,7.513,3480
4,817758,TÁR,TÁR,en,9.0598,2022-10-07,7.093,1600
5,792293,Dumb Money,Dumb Money,en,14.0319,2023-09-15,6.683,857
6,645395,Marvel Cinematic Universe,Marvel Cinematic Universe,en,1.0004,2008-04-30,0.0,0
7,616747,Haunted Mansion,Haunted Mansion,en,15.3109,2023-07-26,6.437,1271
8,531309,Brightburn,Brightburn,en,14.2007,2019-05-09,6.165,3595
9,438788,Cars Toon Mater's Tall Tales,Cars Toon Mater's Tall Tales,en,6.9565,2008-11-02,7.048,207
10,424781,Sorry to Bother You,Sorry to Bother You,en,6.7832,2018-07-06,6.778,1840
11,340676,Personal Shopper,Personal Shopper,fr,7.4079,2016-12-14,5.94,1351
12,300168,Dragon Blade,天將雄師,zh,4.3855,2015-02-19,6.412,652
13,296099,Vacation,Vacation,en,12.1825,2015-07-28,6.302,4078
14,277685,Unfriended,Unfriended,en,7.7165,2014-06-18,5.555,3590
15,201088,Blackhat,Blackhat,en,14.8959,2015-01-13,5.524,2227
16,65291,Green Lantern: Emerald Knights,Green Lantern: Emerald Knights,en,7.2505,2011-06-07,6.659,568
17,60293,Tom and Jerry: Shiver Me Whiskers,Tom and Jerry: Shiver Me Whiskers,en,5.2448,2006-08-21,6.89,177
18,44012,"Jeanne Dielman, 23, quai du Commerce, 1080 Bruxelles","Jeanne Dielman, 23, quai du Commerce, 1080 Bruxelles",fr,3.2447,1976-01-21,7.38,410
19,16642,Days of Heaven,Days of Heaven,en,6.9392,1978-09-13,7.482,1209
0,12093,Lilya 4-ever,Lilja 4-ever,sv,6.6144,2002-08-23,7.627,693
1,11860,Sabrina,Sabrina,en,5.9625,1995-12-15,6.206,715
2,11850,Invasion of the Body Snatchers,Invasion of the Body Snatchers,en,9.1718,1978-12-20,7.224,1391
3,11635,Old School,Old School,en,13.2102,2003-02-21,6.626,2190
4,11509,Silverado,Silverado,en,5.5593,1985-07-10,6.949,849
5,11459,Sky High,Sky High,en,13.7628,2005-07-29,6.267,2536
6,11186,Child's Play 2,Child's Play 2,en,10.4212,1990-11-09,6.377,2093
7,10722,The Day of the Beast,El día de la bestia,es,4.1595,1995-10-20,7.256,636
8,9944,The Pelican Brief,The Pelican Brief,en,13.1698,1993-09-17,6.597,1830
9,9732,The Lion King II: Simba's Pride,The Lion King II: Simba's Pride,en,20.5385,1998-10-24,6.941,4754
10,9557,Boat Trip,Boat Trip,en,5.686,2002-10-01,5.2,712
11,9346,Risky Business,Risky Business,en,9.5715,1983-08-05,6.583,1524
12,9313,The Man in the Iron Mask,The Man in the Iron Mask,en,13.8131,1998-03-12,6.653,4231
13,9290,Crocodile Dundee in Los Angeles,Crocodile Dundee in Los Angeles,en,4.6005,2001-04-12,5.2,687
14,8867,The Punisher,The Punisher,en,7.5778,1989-10-05,5.8,713
15,5335,Theorem,Teorema,it,4.812,1968-09-07,6.985,460
16,4543,Monty Python's The Meaning of Life,Monty Python's The Meaning of Life,en,6.5595,1983-03-31,7.31,2177
17,1381,The Fountain,The Fountain,en,8.4585,2006-11-22,6.902,3224
18,806,The Omen,The Omen,en,6.9937,2006-06-06,5.645,1239
19,777,Grand Illusion,La Grande Illusion,fr,5.5654,1937-06-18,7.864,800
0,490,The Seventh Seal,Det sjunde inseglet,sv,11.1137,1957-02-16,8.139,3453
1,110,Three Colors: Red,Trois couleurs : Rouge,fr,9.3828,1994-05-12,7.888,1597
2,1723352,交换：朋友的妻子2,交换：朋友的妻子2,ko,2.3358,2018-04-13,0.0,0
3,1722754,스와핑 하던 날,스와핑 하던 날,ko,3.4064,2017-01-10,0.0,0
4,1610150,Ashes of Time Redux,東邪西毒：終極版,cn,1.5433,2008-05-18,7.7,7
5,1354959,Stand Up My Husband!,내 남편을 세워줘!,ko,6.0342,2024-06-21,9.0,1
6,1303898,Shuigui Bride,水诡新娘,zh,1.158,2024-06-13,6.0,1
7,1241674,The Last Breath,The Last Breath,en,5.7697,2024-06-28,6.003,186
8,1226379,Sweetly It Turns,Sweetly It Turns,en,0.8561,2023-01-01,0.0,0
9,1216221,Demon Slayer: Kimetsu no Yaiba -To the Hashira Training-,「鬼滅の刃」絆の奇跡、そして柱稽古へ,ja,9.8813,2024-02-02,6.529,496
10,1214509,In a Violent Nature,In a Violent Nature,en,4.6108,2024-05-31,5.535,588
11,1209288,Justice League: Crisis on Infinite Earths Part Two,Justice League: Crisis on Infinite Earths Part Two,en,7.4669,2024-04-22,6.73,301
12,1100104,Bones Grow: An Introduction to The Teeth,Bones Grow: An Introduction to The Teeth,en,0.6513,2005-01-01,0.0,0
13,1068844,My Mother’s Friend 2,내 엄마의 친구 2,ko,2.9775,2019-04-12,7.0,1
14,1052433,Love Reset,30일,ko,4.894,2023-10-03,7.441,94
15,1032823,Trap,Trap,en,21.12,2024-07-31,6.22,3025
16,1029575,The Family Plan,The Family Plan,en,20.3358,2023-12-14,7.22,1984
17,1029369,The Year of the Dog,The Year of the Dog,en,2.1905,2022-10-15,6.6,5
18,1014720,The Treaty of Double Bed,双人床条约,zh,1.1093,2011-12-30,0.0,0
19,1005685,Mr. Putifar's Wacky Plan,Les Vengeances de Maître Poutifard,fr,2.2207,2023-06-28,5.099,71
0,1000837,I'm Still Here,Ainda Estou Aqui,pt,11.4133,2024-09-19,7.9,1159
1,995757,The Rapture,Le Ravissement,fr,2.7249,2023-10-11,6.7,102
2,967585,Alibi.com 2,Alibi.com 2,fr,3.8213,2023-01-07,6.549,498
3,940551,Migration,Migration,en,26.9736,2023-12-06,7.357,2321
4,927685,The Clear Tamir: Episode 1,Тунгалаг Тамир: Нэгдүгээр анги,mn,1.2974,1970-10-06,0.0,0
5,886388,我们的时光印记,我们的时光印记,zh,0.4276,2019-06-10,0.0,0
6,884605,No Hard Feelings,No Hard Feelings,en,17.3543,2023-06-15,6.67,4040
7,879957,Wyrmwood: Apocalypse,Wyrmwood: Apocalypse,en,3.3842,2022-02-10,5.789,149
8,864370,Incantation,咒,zh,5.8412,2022-03-18,6.8,863
9,860349,착한 형수：내 여자가 되던 날,착한 형수：내 여자가 되던 날,ko,0.588,2019-09-09,0.0,0
10,854006,Ox-Head Village,牛首村,ja,2.6296,2022-02-18,5.6,47
11,851644,20th Century Girl,20세기 소녀,ko,8.8168,2022-10-06,8.181,862
12,845222,Kingdom: Ashin of the North,킹덤: 아신전,ko,5.4301,2021-07-23,7.106,652
13,830811,Shy G cup Sakura Momo,はにかみGcup 桜空もも,ja,2.221,2017-02-25,7.0,7
14,814776,Bottoms,Bottoms,en,8.1263,2023-08-25,6.751,921
15,802401,Demon Slayer: Kimetsu no Yaiba Mt. Natagumo Arc,鬼滅の刃 那田蜘蛛山編,ja,6.2423,2021-11-17,7.73,256
16,776553,Playing with Sharks,Playing with Sharks,en,2.8679,2021-06-05,7.615,13
17,762975,Purple Hearts,Purple Hearts,en,14.3065,2022-07-29,8.043,2943
18,757587,1921,1921,zh,2.8434,2021-07-01,5.5,17
19,756996,Centaura,Centaura,pt,1.6328,2020-01-01,0.0,0
0,13002,Barbie in the 12 Dancing Princesses,Barbie in the 12 Dancing Princesses,en,13.8804,2006-09-19,7.616,1270
1,12599,Pokémon the Movie 2000,劇場版ポケットモンスター 幻のポケモン ルギア爆誕,ja,7.8229,1999-07-17,6.744,970
2,12110,Dracula: Dead and Loving It,Dracula: Dead and Loving It,en,5.2779,1995-12-22,6.1,1147
3,11779,Buena Vista Social Club,Buena Vista Social Club,en,2.5801,1999-06-04,7.5,384
4,11698,Stroszek,Stroszek,de,2.5583,1977-05-20,7.302,311
5,11689,Crime Busters,I due superpiedi quasi piatti,it,5.0363,1977-04-01,6.999,735
6,11679,xXx: State of the Union,xXx: State of the Union,en,11.3311,2005-04-27,5.097,2092
7,11675,Halloween H20: 20 Years Later,Halloween H20: 20 Years Later,en,10.5117,1998-08-05,6.049,1861
8,11561,Sleeper,Sleeper,en,4.3239,1973-12-17,6.849,862
9,11553,Millennium Mambo,千禧曼波,zh,4.4724,2001-10-31,7.004,266
10,11474,The Warriors,The Warriors,en,10.2444,1979-02-01,7.678,2469
11,11455,Up in Smoke,Up in Smoke,en,4.4894,1978-09-15,6.623,649
12,11404,Driving Lessons,Driving Lessons,en,3.4705,2006-09-06,6.099,171
13,11395,The Santa Clause,The Santa Clause,en,8.4525,1994-11-11,6.533,2366
14,11355,Never Been Kissed,Never Been Kissed,en,8.4258,1999-04-09,6.163,1625
15,11299,Cowboy Bebop: The Movie,カウボーイビバップ 天国の扉,ja,5.0008,2001-09-01,7.707,1082
16,11249,Seed of Chucky,Seed of Chucky,en,15.4349,2004-11-12,5.5,1799
17,11216,Cinema Paradiso,Nuovo Cinema Paradiso,it,16.1242,1988-11-17,8.4,4974
18,11208,Wicker Park,Wicker Park,en,6.9159,2004-09-03,6.8,764
19,11130,The Princess Diaries 2: Royal Engagement,The Princess Diaries 2: Royal Engagement,en,12.1653,2004-08-06,6.716,3470
0,11599,Suzhou River,苏州河,zh,3.5795,2000-04-04,7.332,187
1,11231,The Next Karate Kid,The Next Karate Kid,en,11.349,1994-07-18,5.392,1209
2,10795,Tell No One,Ne le dis à personne,fr,4.7404,2006-11-01,7.221,1554
3,10218,Swingers,Swingers,en,4.8665,1996-10-18,6.844,833
4,10054,Spy Kids,Spy Kids,en,15.189,2001-03-18,5.819,3799
5,9833,The Phantom of the Opera,The Phantom of the Opera,en,10.2326,2004-12-08,7.266,1830
6,9739,Demolition Man,Demolition Man,en,16.4995,1993-10-08,6.775,4270
7,9726,A Good Year,A Good Year,en,7.1333,2006-09-09,6.689,1682
8,9437,Kiss the Girls,Kiss the Girls,en,12.9481,1997-09-29,6.546,1958
9,9299,Thesis,Tesis,es,5.9676,1996-04-11,7.493,984
10,8916,Antz,Antz,en,12.8301,1998-10-02,6.191,4854
11,8818,Evita,Evita,en,3.5117,1996-12-14,6.055,534
12,5165,L'Avventura,L'avventura,it,4.5226,1960-09-14,7.538,771
13,4561,The Story of O,Histoire d'O,fr,9.8597,1975-08-27,5.5,189
14,4552,A Tale of Two Sisters,"장화, 홍련",ko,12.0197,2003-06-13,7.106,1391
15,4477,The Devil's Own,The Devil's Own,en,7.8946,1997-03-13,6.198,1407
16,4176,Murder on the Orient Express,Murder on the Orient Express,en,10.2892,1974-11-22,7.146,1624
17,3073,Bud Abbott and Lou Costello Meet Frankenstein,Bud Abbott and Lou Costello Meet Frankenstein,en,3.5202,1948-06-01,7.105,361
18,2924,Backdraft,Backdraft,en,10.1785,1991-05-24,6.662,1629
19,2334,Taxi 3,Taxi 3,fr,5.3746,2003-01-29,5.764,1709
0,454992,The Spy Who Dumped Me,The Spy Who Dumped Me,en,8.1993,2018-08-02,6.367,2413
1,451915,Beautiful Boy,Beautiful Boy,en,10.6806,2018-10-12,7.557,2960
2,431075,Polaroid,Polaroid,en,4.8378,2019-01-10,6.0,1163
3,418604,Al posto tuo,Al posto tuo,it,0.9642,2016-09-29,5.6,175
4,408302,"Telling the Truth About Lies: The Making of  ""All the President's Men""","Telling the Truth About Lies: The Making of  ""All the President's Men""",en,1.6995,2006-02-28,5.2,4
5,395992,Life,Life,en,16.3577,2017-03-22,6.464,8114
6,390433,Missing You,널 기다리며,ko,3.6017,2016-03-10,7.135,85
7,389495,Erotic Agent II,聊齋艷奇之月宮寶盒,cn,1.7694,2003-01-01,4.4,7
8,387837,House with a Good View 2,전망 좋은 집 2,ko,0.7464,2015-05-27,5.5,19
9,387830,Outing,외출,ko,4.2297,2015-06-11,5.6,5
10,382517,Open Season: Scared Silly,Open Season: Scared Silly,en,8.3483,2015-12-18,5.935,397
11,379686,Space Jam: A New Legacy,Space Jam: A New Legacy,en,20.6149,2021-07-08,6.62,4290
12,378018,The Void,The Void,en,6.237,2016-09-22,6.008,1495
13,374416,Where Am I Going?,Quo vado?,it,3.0607,2016-01-01,6.822,2237
14,373032,Cúilín Dualach,Cúilín Dualach,ga,1.3794,2004-10-16,5.5,8
15,364689,Ferdinand,Ferdinand,en,10.7341,2017-12-09,7.211,3160
16,360018,Death Faces,Death Faces,en,0.8171,1988-09-15,8.0,1
17,357525,Stolen from the Suburbs,Stolen from the Suburbs,en,3.1811,2015-08-30,6.342,38
18,353603,Esta no es la vida privada de Javier Krahe,Esta no es la vida privada de Javier Krahe,es,0.8905,2006-01-01,7.333,3
19,352813,Let the Love Begin,Let the Love Begin,tl,1.1335,2005-02-09,7.0,3
0,352173,Drishyam,दृश्यम्,hi,2.9789,2015-07-30,7.5,511
1,338958,Disenchanted,Disenchanted,en,9.676,2022-11-18,6.651,1212
2,335777,The Nut Job 2: Nutty by Nature,The Nut Job 2: Nutty by Nature,en,12.0212,2017-08-11,6.2,484
3,334533,Captain Fantastic,Captain Fantastic,en,11.2685,2016-07-08,7.889,6970
4,334524,Gold,Gold,en,8.8141,2016-02-03,6.627,1796
5,332672,Obsession,Rendez-Vous,nl,5.9888,2015-06-04,6.3,231
6,328425,The Gift,The Gift,en,7.7,2015-07-31,6.703,3581
7,326299,Beyond My Grandfather Allende,"Allende, mi abuelo Allende",es,1.0542,2015-12-09,6.833,12
8,317193,Looney Tunes Platinum Collection: Volume One,Looney Tunes Platinum Collection: Volume One,en,1.7438,2011-11-15,8.8,13
9,315899,Desecrated,Desecrated,en,1.2682,2015-01-06,5.0,19
10,309205,Einmal Toskana und zurück,Einmal Toskana und zurück,de,1.2173,2008-05-16,4.5,5
11,303857,Dragon Ball Z: Resurrection 'F',ドラゴンボールZ 復活の「F」,ja,9.7725,2015-04-18,6.9,2077
12,299838,Disney's Christmas Favorites,Disney's Christmas Favorites,en,2.4321,2005-10-31,7.0,27
13,278236,X+Y,X+Y,en,5.5559,2015-03-13,6.695,621
14,274862,The Lego Ninjago Movie,The Lego Ninjago Movie,en,15.3893,2017-09-21,6.502,1208
15,269148,Samba,Samba,fr,5.4464,2014-10-15,6.35,1002
16,266285,The Salvation,The Salvation,da,6.4774,2014-05-22,6.501,996
17,265177,Mommy,Mommy,fr,9.6696,2014-09-19,8.2,2897
18,259611,Frontera,Frontera,en,4.1049,2014-07-31,6.512,211
19,256274,"As Above, So Below","As Above, So Below",en,11.188,2014-08-14,6.757,3984
0,252638,Polar Bears: Ice Bear,Polar Bears: Ice Bear,en,1.0427,2013-10-01,6.5,4
1,249070,Hitman: Agent 47,Hitman: Agent 47,en,10.9267,2015-08-20,5.913,3368
2,241863,As the Gods Will,神さまの言うとおり,ja,4.5285,2014-11-15,7.121,588
3,241259,Alice Through the Looking Glass,Alice Through the Looking Glass,en,16.8193,2016-05-25,6.567,6887
4,238636,The Purge: Anarchy,The Purge: Anarchy,en,17.4356,2014-07-17,6.618,6814
5,229223,Frihetens murar,Frihetens murar,sv,1.6881,1978-12-26,10.0,1
6,228805,Detective Conan: Private Eye in the Distant Sea,名探偵コナン・絶海の探偵,ja,4.8141,2013-04-20,6.574,135
7,217993,Justice League: War,Justice League: War,en,5.253,2014-01-21,7.438,1205
8,217602,Spray of the Days,L'Écume des jours,fr,1.5761,1968-04-21,4.9,14
9,209274,Ida,Ida,pl,4.5514,2013-10-25,7.209,1095
10,200085,The Flu,감기,ko,5.4291,2013-08-14,7.518,1299
11,190740,Adventure Coral Reef 3D - Under the Sea of Egypt,Adventure Coral Reef 3D - Under the Sea of Egypt,en,0.6516,2013-02-25,5.7,3
12,172391,Khumba,Khumba,en,6.0241,2013-07-18,6.022,278
13,169209,Empire State,Empire State,en,5.8547,2013-09-03,5.407,749
14,168238,Christine,Christine,en,1.8612,1987-09-23,7.5,17
15,152532,Dallas Buyers Club,Dallas Buyers Club,en,11.3455,2013-11-01,7.905,9278
16,138697,Don Jon,Don Jon,en,11.4755,2013-09-12,6.019,4681
17,126963,Dragon Ball Z: Battle of Gods,ドラゴンボールZ 神と神,ja,11.6014,2013-03-30,6.851,1689
18,121856,Assassin's Creed,Assassin's Creed,en,9.1586,2016-12-21,5.446,8253
19,119675,Behind the Candelabra,Behind the Candelabra,en,4.6275,2013-05-26,6.592,849
0,111190,Adoration,Adoration,en,8.9951,2013-04-03,6.101,1053
1,105109,The Killer Is on the Phone,L'assassino... è al telefono,it,1.3241,1972-10-06,5.385,13
2,103731,Mud,Mud,en,7.2178,2013-04-26,7.059,3149
3,101444,The Hunters of the Golden Cobra,I cacciatori del cobra d'oro,it,2.0722,1982-08-11,5.417,18
4,87858,Ratline,Ratline,en,2.3621,2011-06-24,3.0,6
5,81857,Alps,Άλπεις,el,2.2551,2011-10-27,6.213,361
6,80274,Ender's Game,Ender's Game,en,10.8129,2013-10-24,6.594,6417
7,79896,The Revenant,The Revenant,en,2.8207,2009-08-16,6.178,284
8,76589,Justice League: Doom,Justice League: Doom,en,5.4328,2012-02-28,7.413,958
9,72570,The Vow,The Vow,en,8.6175,2012-02-05,7.226,4328
10,68797,The Quack,Znachor,pl,2.891,1982-04-12,7.496,113
11,67343,Mr. Vampire II,殭屍家族,cn,3.7747,1986-08-15,5.93,50
12,64847,Belladonna of Sadness,哀しみのベラドンナ,ja,3.1775,1973-06-30,7.352,376
13,60579,Hey Ram,ஹே ராம்,ta,2.5114,2000-02-18,7.0,65
14,59067,Bunker Paradise,Bunker Paradise,fr,1.4714,2006-03-22,5.45,10
15,58366,Kid from Kwangtung,廣東靚仔玉,cn,1.3178,1982-02-07,5.6,4
16,53168,King of Comedy,喜劇之王,cn,4.1339,1999-02-08,7.4,216
17,52475,Young Goethe in Love,Goethe!,de,1.9701,2010-10-14,6.094,64
18,51540,Horrible Bosses,Horrible Bosses,en,14.6627,2011-07-08,6.574,6967
19,51532,Prince Charming,Prince Charming,en,4.2994,2001-07-13,6.9,84
0,940551,Migration,Migration,en,26.9736,2023-12-06,7.357,2321
1,927685,The Clear Tamir: Episode 1,Тунгалаг Тамир: Нэгдүгээр анги,mn,1.2974,1970-10-06,0.0,0
2,886388,我们的时光印记,我们的时光印记,zh,0.4276,2019-06-10,0.0,0
3,884605,No Hard Feelings,No Hard Feelings,en,17.3543,2023-06-15,6.67,4040
4,879957,Wyrmwood: Apocalypse,Wyrmwood: Apocalypse,en,3.3842,2022-02-10,5.789,149
5,864370,Incantation,咒,zh,5.8412,2022-03-18,6.8,863
6,860349,착한 형수：내 여자가 되던 날,착한 형수：내 여자가 되던 날,ko,0.588,2019-09-09,0.0,0
7,854006,Ox-Head Village,牛首村,ja,2.6296,2022-02-18,5.6,47
8,851644,20th Century Girl,20세기 소녀,ko,8.8168,2022-10-06,8.181,862
9,845222,Kingdom: Ashin of the North,킹덤: 아신전,ko,5.4301,2021-07-23,7.106,652
10,830811,Shy G cup Sakura Momo,はにかみGcup 桜空もも,ja,2.221,2017-02-25,7.0,7
11,814776,Bottoms,Bottoms,en,8.1263,2023-08-25,6.751,921
12,802401,Demon Slayer: Kimetsu no Yaiba Mt. Natagumo Arc,鬼滅の刃 那田蜘蛛山編,ja,6.2423,2021-11-17,7.73,256
13,787699,Wonka,Wonka,en,22.8805,2023-12-06,7.035,4559
14,776553,Playing with Sharks,Playing with Sharks,en,2.8679,2021-06-05,7.615,13
15,762975,Purple Hearts,Purple Hearts,en,14.3065,2022-07-29,8.043,2943
16,757587,1921,1921,zh,2.8434,2021-07-01,5.5,17
17,756996,Centaura,Centaura,pt,1.6328,2020-01-01,0.0,0
18,753583,Secrets of the Saqqara Tomb,Secrets of the Saqqara Tomb,en,2.315,2020-10-28,7.299,159
19,748991,Qlimax 2016: Rise of the Celestials,Qlimax 2016,en,1.71,2016-11-19,10.0,1
0,25955,Pickup on South Street,Pickup on South Street,en,3.1409,1953-05-27,7.372,333
1,25538,Yi Yi,一一,zh,5.5852,2000-09-20,7.951,705
2,24831,Piranha,Piranha,en,5.7101,1978-08-03,5.958,779
3,23752,The Couch Trip,The Couch Trip,en,2.4764,1988-01-15,5.475,119
4,23631,Machete,Machete,en,7.5319,2010-09-01,6.3,3654
5,21861,LOL (Laughing Out Loud),LOL (Laughing Out Loud),fr,3.1808,2009-02-04,6.515,1355
6,20860,The Stöned Age,The Stöned Age,en,2.7283,1994-12-05,6.1,73
7,20760,Lilo & Stitch 2: Stitch Has a Glitch,Lilo & Stitch 2: Stitch Has a Glitch,en,11.2856,2005-08-22,6.7,1660
8,19887,Disco Dancer,डिस्को डांसर,hi,2.6466,1982-12-10,6.1,33
9,19822,Captain Pantoja and the Special Services,Pantaleón y las visitadoras,es,1.9358,1999-10-01,7.176,159
10,19542,The Red Shoes,The Red Shoes,en,5.1097,1948-09-06,7.975,771
11,19130,The Invisible Dr. Mabuse,Die unsichtbaren Krallen des Dr. Mabuse,de,1.6534,1962-03-30,6.8,13
12,19128,The Thousand Eyes of Dr. Mabuse,Die 1000 Augen des Dr. Mabuse,de,2.3198,1960-09-14,6.791,115
13,18892,Jawbreaker,Jawbreaker,en,6.9318,1999-01-30,6.439,613
14,18736,The Lizzie McGuire Movie,The Lizzie McGuire Movie,en,7.7953,2003-05-02,6.333,1360
15,18444,Swiss Family Robinson,Swiss Family Robinson,en,5.2872,1960-12-21,6.834,373
16,17466,Death Warrant,Death Warrant,en,7.0999,1990-09-14,6.273,653
17,16980,The Last Days of Disco,The Last Days of Disco,en,3.8191,1998-05-29,6.279,222
18,16905,Captain Blood,Captain Blood,en,4.1346,1935-12-26,7.248,282
19,16523,Where the Wild Things Are,Where the Wild Things Are,en,7.7049,2009-10-16,6.498,2073
0,16296,Killer Klowns from Outer Space,Killer Klowns from Outer Space,en,5.4915,1988-05-27,6.669,1218
1,16234,Batman Beyond: Return of the Joker,Batman Beyond: Return of the Joker,en,7.7367,2000-12-12,7.346,1214
2,15999,Vampire Hunter D: Bloodlust,バンパイアハンターD,ja,9.2765,2001-04-21,7.723,849
3,15804,A Brighter Summer Day,牯嶺街少年殺人事件,zh,5.8464,1991-07-27,8.232,406
4,15300,Newsies,Newsies,en,4.4157,1992-04-10,6.7,309
5,14926,Uptown Girls,Uptown Girls,en,10.0434,2003-08-15,7.1,1214
6,14671,Summer School,Summer School,en,3.7886,1987-07-22,6.395,286
7,14506,The Adventures of Baron Munchausen,The Adventures of Baron Munchausen,en,6.6199,1988-12-07,6.979,1037
8,14370,Real Genius,Real Genius,en,5.6544,1985-08-07,6.678,523
9,14337,Primer,Primer,en,6.0521,2004-10-08,6.748,2544
10,14289,Fire Down Below,Fire Down Below,en,6.0873,1997-09-05,5.746,406
11,14011,Justice League: The New Frontier,Justice League: The New Frontier,en,5.1798,2008-02-26,6.834,574
12,13768,Tuck Everlasting,Tuck Everlasting,en,4.5554,2002-10-11,6.7,516
13,13667,Better Off Dead...,Better Off Dead...,en,5.1655,1985-08-23,6.587,563
14,13002,Barbie in the 12 Dancing Princesses,Barbie in the 12 Dancing Princesses,en,13.8804,2006-09-19,7.616,1270
15,12599,Pokémon the Movie 2000,劇場版ポケットモンスター 幻のポケモン ルギア爆誕,ja,7.8229,1999-07-17,6.744,970
16,12110,Dracula: Dead and Loving It,Dracula: Dead and Loving It,en,5.2779,1995-12-22,6.1,1147
17,11977,Caddyshack,Caddyshack,en,8.0915,1980-07-25,6.581,1355
18,11779,Buena Vista Social Club,Buena Vista Social Club,en,2.5801,1999-06-04,7.5,384
19,11698,Stroszek,Stroszek,de,2.5583,1977-05-20,7.302,311
0,11679,xXx: State of the Union,xXx: State of the Union,en,11.3311,2005-04-27,5.097,2092
1,11675,Halloween H20: 20 Years Later,Halloween H20: 20 Years Later,en,10.5117,1998-08-05,6.049,1861
2,11561,Sleeper,Sleeper,en,4.3239,1973-12-17,6.849,862
3,11553,Millennium Mambo,千禧曼波,zh,4.4724,2001-10-31,7.004,266
4,11545,Rushmore,Rushmore,en,7.2897,1998-12-11,7.392,2811
5,11474,The Warriors,The Warriors,en,10.2444,1979-02-01,7.677,2470
6,11456,Domestic Disturbance,Domestic Disturbance,en,4.9454,2001-10-28,5.763,480
7,11455,Up in Smoke,Up in Smoke,en,4.4894,1978-09-15,6.624,650
8,11404,Driving Lessons,Driving Lessons,en,3.4705,2006-09-06,6.099,171
9,11395,The Santa Clause,The Santa Clause,en,8.4525,1994-11-11,6.533,2367
10,11355,Never Been Kissed,Never Been Kissed,en,8.4258,1999-04-09,6.163,1625
11,11299,Cowboy Bebop: The Movie,カウボーイビバップ 天国の扉,ja,5.0008,2001-09-01,7.706,1082
12,11249,Seed of Chucky,Seed of Chucky,en,15.4349,2004-11-12,5.5,1799
13,11216,Cinema Paradiso,Nuovo Cinema Paradiso,it,16.1242,1988-11-17,8.4,4975
14,11208,Wicker Park,Wicker Park,en,6.9159,2004-09-03,6.8,764
15,11134,Police Story 3: Super Cop,警察故事 III：超級警察,cn,6.5291,1992-07-04,6.939,602
16,11130,The Princess Diaries 2: Royal Engagement,The Princess Diaries 2: Royal Engagement,en,12.1653,2004-08-06,6.716,3470
17,11069,Tremors 2: Aftershocks,Tremors 2: Aftershocks,en,8.3273,1996-04-09,6.358,1106
18,11049,Interstella 5555: The 5tory of the 5ecret 5tar 5ystem,Interstella 5555: The 5tory of the 5ecret 5tar 5ystem,en,3.3093,2003-05-28,7.8,543
19,11034,The Great Gatsby,The Great Gatsby,en,6.1964,1974-03-27,6.278,527
0,638974,Murder Mystery 2,Murder Mystery 2,en,12.533,2023-03-28,6.358,2035
1,638507,How to Train Your Dragon: Homecoming,How to Train Your Dragon: Homecoming,en,8.7727,2019-12-03,8.032,1141
2,630656,The Death and Return of Superman,The Death and Return of Superman,en,6.9247,2019-10-01,6.741,1257
3,628900,The Contractor,The Contractor,en,11.2545,2022-03-10,6.347,1093
4,627661,Cranston Academy: Monster Zone,Cranston Academy: Monster Zone,en,3.8182,2020-04-29,6.0,110
5,623491,The Babysitter: Killer Queen,The Babysitter: Killer Queen,en,8.4369,2020-09-10,6.309,1905
6,610074,Rise of the Machine Girls,爆裂魔神少女 バーストマシンガール,ja,1.6504,2019-08-17,4.9,17
7,606856,Togo,Togo,en,8.167,2019-12-20,8.14,2365
8,604578,Spontaneous,Spontaneous,en,6.5464,2020-10-02,6.746,605
9,602307,LEGO DC Batman: Family Matters,LEGO DC Batman: Family Matters,en,4.8614,2019-07-21,6.711,168
10,601844,Becky,Becky,en,5.1868,2020-07-23,6.337,756
11,596161,Let Him Go,Let Him Go,en,10.3537,2020-11-05,6.831,857
12,595743,SAS: Red Notice,SAS: Red Notice,en,8.456,2021-08-11,5.819,612
13,587496,The Rental,The Rental,en,7.0244,2020-07-23,5.549,1019
14,581734,Nomadland,Nomadland,en,9.5066,2021-01-29,7.161,3470
15,578701,Those Who Wish Me Dead,Those Who Wish Me Dead,en,15.6716,2021-05-05,6.594,1915
16,567690,Dear Evan Hansen,Dear Evan Hansen,en,6.5403,2021-09-24,6.2,384
17,566792,Baby Obsession,Baby Obsession,en,1.2874,2018-10-01,5.8,12
18,552632,Lover: My Wife's Man,애인 : 아내의 남자,ko,3.2494,2018-06-21,8.0,4
19,552095,PAW Patrol: Mighty Pups,PAW Patrol: Mighty Pups,en,5.1815,2018-10-04,7.53,591
0,265177,Mommy,Mommy,fr,9.6696,2014-09-19,8.2,2897
1,259611,Frontera,Frontera,en,4.1049,2014-07-31,6.512,211
2,256274,"As Above, So Below","As Above, So Below",en,11.188,2014-08-14,6.757,3984
3,252638,Polar Bears: Ice Bear,Polar Bears: Ice Bear,en,1.0427,2013-10-01,6.5,4
4,249070,Hitman: Agent 47,Hitman: Agent 47,en,10.9267,2015-08-20,5.913,3368
5,241863,As the Gods Will,神さまの言うとおり,ja,4.5285,2014-11-15,7.121,588
6,241259,Alice Through the Looking Glass,Alice Through the Looking Glass,en,16.8193,2016-05-25,6.567,6887
7,238636,The Purge: Anarchy,The Purge: Anarchy,en,17.4356,2014-07-17,6.618,6814
8,229223,Frihetens murar,Frihetens murar,sv,1.6881,1978-12-26,10.0,1
9,228805,Detective Conan: Private Eye in the Distant Sea,名探偵コナン・絶海の探偵,ja,4.8141,2013-04-20,6.574,135
10,217993,Justice League: War,Justice League: War,en,5.253,2014-01-21,7.438,1205
11,217602,Spray of the Days,L'Écume des jours,fr,1.5761,1968-04-21,4.9,14
12,209274,Ida,Ida,pl,4.5514,2013-10-25,7.209,1095
13,200085,The Flu,감기,ko,5.4291,2013-08-14,7.518,1299
14,190740,Adventure Coral Reef 3D - Under the Sea of Egypt,Adventure Coral Reef 3D - Under the Sea of Egypt,en,0.6516,2013-02-25,5.7,3
15,172391,Khumba,Khumba,en,6.0241,2013-07-18,6.022,278
16,169209,Empire State,Empire State,en,5.8547,2013-09-03,5.407,749
17,168238,Christine,Christine,en,1.8612,1987-09-23,7.5,17
18,152532,Dallas Buyers Club,Dallas Buyers Club,en,11.3455,2013-11-01,7.905,9278
19,138697,Don Jon,Don Jon,en,11.4755,2013-09-12,6.019,4681
0,2752,40 Days and 40 Nights,40 Days and 40 Nights,en,4.8047,2002-03-01,5.473,1263
1,2312,In the Name of the King: A Dungeon Siege Tale,In the Name of the King: A Dungeon Siege Tale,en,8.073,2007-11-29,4.782,959
2,2100,The Last Castle,The Last Castle,en,10.8165,2001-10-19,7.166,1486
3,1817,Phone Booth,Phone Booth,en,10.6957,2003-01-06,6.878,4335
4,1600,The Double Life of Véronique,La Double Vie de Véronique,fr,4.4001,1991-05-15,7.489,917
5,1492,1492: Conquest of Paradise,1492: Conquest of Paradise,en,9.0048,1992-08-09,6.292,947
6,1433,The Devil's Backbone,El espinazo del diablo,es,6.2824,2001-04-20,7.307,1419
7,909,Meet Me in St. Louis,Meet Me in St. Louis,en,4.9356,1944-11-28,7.013,438
8,866,Finding Neverland,Finding Neverland,en,12.7089,2004-10-29,7.316,3811
9,832,M,M - Eine Stadt sucht einen Mörder,de,6.4237,1931-05-11,8.062,2540
10,826,The Bridge on the River Kwai,The Bridge on the River Kwai,en,9.6202,1957-10-11,7.82,2445
11,812,Aladdin,Aladdin,en,23.8491,1992-11-25,7.658,12258
12,713,The Piano,The Piano,en,9.5976,1993-05-18,7.365,1687
13,544,There's Something About Mary,There's Something About Mary,en,13.8635,1998-07-15,6.637,5509
14,505,Johnny Handsome,Johnny Handsome,en,5.1039,1989-09-12,6.4,301
15,496,Borat: Cultural Learnings of America for Make Benefit Glorious Nation of Kazakhstan,Borat: Cultural Learnings of America for Make Benefit Glorious Nation of Kazakhstan,en,8.7941,2006-11-01,6.79,6167
16,427,Mon Oncle,Mon oncle,fr,3.1958,1958-05-10,7.427,632
17,338,"Good Bye, Lenin!","Good Bye, Lenin!",de,6.876,2003-02-13,7.532,2698
18,262,The King of Comedy,The King of Comedy,en,10.9994,1982-12-18,7.773,2663
19,189,Sin City: A Dame to Kill For,Sin City: A Dame to Kill For,en,18.3228,2014-08-20,6.401,4269
0,96,Beverly Hills Cop II,Beverly Hills Cop II,en,12.4812,1987-05-18,6.535,2908
1,1203397,Rite Here Rite Now,Rite Here Rite Now,en,2.7174,2024-06-20,8.93,93
2,1014590,Upgraded,Upgraded,en,13.0868,2024-02-07,7.187,1055
3,878357,Minions & Monsters,Minions & Monsters,en,2.4521,2021-06-11,6.6,21
4,654974,Home Sweet Home Alone,Home Sweet Home Alone,en,15.6515,2021-11-11,4.82,718
5,646207,The Ice Road,The Ice Road,en,9.7562,2021-06-24,6.745,1967
6,616820,Halloween Ends,Halloween Ends,en,13.8955,2022-10-12,6.024,2090
7,537190,Rampant,창궐,ko,3.0872,2018-10-25,6.789,244
8,501170,Doctor Sleep,Doctor Sleep,en,13.9198,2019-10-30,7.147,5051
9,459151,The Boss Baby: Family Business,The Boss Baby: Family Business,en,19.4539,2021-07-01,7.325,2725
10,451048,Jungle Cruise,Jungle Cruise,en,19.8095,2021-07-28,7.27,6309
11,449924,Ip Man 4: The Finale,葉問4,cn,3.7788,2019-12-19,7.267,2180
12,434355,Taxi 5,Taxi 5,fr,4.635,2018-01-19,5.388,1097
13,427289,My Wife's Friend,내 아내의 친구,ko,2.1856,2016-09-08,4.0,1
14,420808,Peter Pan & Wendy,Peter Pan & Wendy,en,18.2016,2023-04-20,5.401,784
15,403605,Headshot,Headshot,id,4.357,2016-09-24,6.406,508
16,398929,Alibi.com,Alibi.com,fr,4.5296,2017-02-15,6.461,1779
17,396493,Creep 2,Creep 2,en,4.104,2017-10-06,6.341,939
18,392044,Murder on the Orient Express,Murder on the Orient Express,en,20.2342,2017-11-03,6.705,10731
19,376867,Moonlight,Moonlight,en,19.3415,2016-10-21,7.355,7685
0,243688,Poltergeist,Poltergeist,en,9.676,2015-05-20,5.227,2434
1,242643,Batman: Assault on Arkham,Batman: Assault on Arkham,en,11.4804,2014-08-12,7.329,1213
2,226212,Crime Thief,Le Voleur de crimes,fr,1.965,1969-05-22,5.3,9
3,216015,Fifty Shades of Grey,Fifty Shades of Grey,en,28.1017,2015-02-11,5.9,12552
4,204082,Homefront,Homefront,en,12.991,2013-11-12,6.95,3958
5,119569,Marvel One-Shot: Item 47,Marvel One-Shot: Item 47,en,4.0899,2012-08-29,6.425,644
6,116149,Paddington,Paddington,en,12.7937,2014-11-24,7.126,4350
7,78049,The Scorpion King 3: Battle for Redemption,The Scorpion King 3: Battle for Redemption,en,5.6873,2012-01-17,4.531,389
8,56590,All Star Superman,All Star Superman,en,4.1596,2011-01-01,6.88,575
9,46529,I Am Number Four,I Am Number Four,en,12.902,2011-02-18,6.207,5126
10,44251,Dragon Ball Z: Broly - Second Coming,ドラゴンボールＺ 危険なふたり！超戦士はねむれない,ja,5.505,1994-03-12,6.8,740
11,39410,Mothra,モスラ,ja,2.8035,1961-07-30,7.161,193
12,21588,Cemetery Man,DellaMorte DellAmore,it,3.8013,1994-03-25,6.917,591
13,16314,3 Ninjas,3 Ninjas,en,6.0997,1992-08-07,5.756,491
14,15189,Hotel for Dogs,Hotel for Dogs,en,9.2293,2009-01-16,6.064,926
15,12242,Mulan II,Mulan II,en,8.8735,2004-11-03,6.528,2563
16,12101,Soylent Green,Soylent Green,en,6.5158,1973-04-18,6.917,1487
17,11867,Barb Wire,Barb Wire,en,6.3682,1996-05-02,4.1,507
18,11389,The Olsen Gang,Olsen-banden,da,1.5798,1968-10-11,7.0,63
19,11078,National Security,National Security,en,8.0034,2003-01-17,5.983,1098
0,10330,Freaky Friday,Freaky Friday,en,20.2365,2003-08-05,6.589,4370
1,10283,Friday the 13th Part VIII: Jason Takes Manhattan,Friday the 13th Part VIII: Jason Takes Manhattan,en,7.5089,1989-07-28,4.94,1252
2,10022,The Pacifier,The Pacifier,en,13.2358,2005-03-04,6.1,3327
3,8656,Deep Impact,Deep Impact,en,18.4317,1998-05-08,6.259,3464
4,7518,Over the Hedge,Over the Hedge,en,31.3391,2006-05-17,6.611,4981
5,5968,The Woman in Red,The Woman in Red,en,5.8958,1984-08-15,6.307,587
6,4564,Sex and the City,Sex and the City,en,12.8561,2008-05-12,6.539,2320
7,4233,Scream 2,Scream 2,en,16.0476,1997-12-12,6.523,4894
8,4148,Revolutionary Road,Revolutionary Road,en,10.0361,2008-12-19,6.987,4200
9,3509,A Scanner Darkly,A Scanner Darkly,en,6.3646,2006-07-07,6.812,2025
10,2787,Pitch Black,Pitch Black,en,7.455,2000-02-18,6.872,4959
11,1646,Freedom Writers,Freedom Writers,en,11.0793,2007-01-05,7.931,2492
12,988,The China Syndrome,The China Syndrome,en,5.3064,1979-03-16,7.122,539
13,388,Inside Man,Inside Man,en,15.744,2006-03-17,7.409,6560
14,381,To Catch a Thief,To Catch a Thief,en,8.4802,1955-08-03,7.262,1717
15,219,Volver,Volver,es,7.6801,2006-03-17,7.461,1968
16,1774466,Kurokami bishoujo wa junshin karen — Meisa Kawakita,黒髪美少女は純真華憐 / 川北メイサ,ja,0.0214,2022-03-21,0.0,0
17,1359950,"You got an erection by kissing on the street, even if you ejaculate 10 times, even if it’s morning, I just want to be fucked by a tall elder sister… Fua Kaede",SSIS-652你在路上勃起，是嗎？就算射精10次，就算早上來了，我也只想被高個子女人操……風楓,ja,1.5215,2023-02-14,0.0,0
18,1284894,The Making of Wallace & Gromit: The Curse of the Were-Rabbit,The Making of Wallace & Gromit: The Curse of the Were-Rabbit,en,0.9821,2006-02-07,10.0,1
19,1272676,Gold or Shit,走走停停,zh,1.6947,2024-05-25,6.7,43
0,1255518,Hate Songs,Hate Songs,en,1.2061,2024-04-19,0.0,0
1,1232827,The Girl with the Needle,Pigen med nålen,da,9.496,2024-09-06,7.57,395
2,1196470,Survive,Survivre,fr,9.7036,2024-06-19,5.881,423
3,1115230,Inspector Dupin: Brittany's Nights,Kommissar Dupin - Bretonische Nächte,de,1.3061,2023-04-20,6.833,6
4,1098160,The Tank,The Tank,en,3.9056,2023-04-21,5.059,135
5,1089315,Super Volcano,Super Volcano,en,3.2022,2022-10-13,5.485,33
6,1054569,Zakir Khan: Tathastu,Zakir Khan: Tathastu,hi,1.1223,2022-12-01,8.7,10
7,1041613,Immaculate,Immaculate,en,13.2347,2024-03-20,6.209,1722
8,1028248,As Good as Dead,As Good as Dead,en,4.6829,2022-12-16,6.1,89
9,1027073,In the Land of Saints and Sinners,In the Land of Saints and Sinners,en,6.1232,2023-10-06,6.436,647
10,1024004,Amala,Amala,bo,1.209,2022-09-30,0.0,0
11,1018337,Mother's Job 2,엄마의 직업 2,ko,3.1225,2020-10-21,0.0,0
12,1017777,Gay Toybox,ゲイのおもちゃ箱,ja,0.7429,1993-07-26,4.333,3
13,1001079,Iris and the Men,Iris et les hommes,fr,2.6622,2023-12-21,5.211,95
14,975773,Wicked Little Letters,Wicked Little Letters,en,5.4968,2024-02-23,6.915,727
15,974691,South Park the Streaming Wars,South Park the Streaming Wars,en,3.925,2022-06-01,7.14,299
16,940417,Sadako DX,貞子DX,ja,3.9689,2022-10-28,4.444,45
17,913496,The Mulligan,The Mulligan,en,1.8776,2022-04-18,7.1,10
18,904759,The Birth of Kitaro: The Mystery of GeGeGe,鬼太郎誕生 ゲゲゲの謎,ja,2.2889,2023-11-17,7.4,27
19,893723,PAW Patrol: The Mighty Movie,PAW Patrol: The Mighty Movie,en,33.6617,2023-09-21,6.937,594
0,886396,Batman and Superman: Battle of the Super Sons,Batman and Superman: Battle of the Super Sons,en,10.538,2022-10-17,7.633,366
1,877269,Strange World,Strange World,en,15.2265,2022-11-23,6.217,1465
2,875067,Swapping Guest House,스와핑 민박집,ko,1.9825,2018-09-27,6.0,3
3,864168,Joy Ride,Joy Ride,en,6.9186,2023-06-22,6.516,509
4,860342,女大学生特殊按摩,女大学生特殊按摩,zh,1.494,2018-02-02,0.0,0
5,847143,Baby Assassins,ベイビーわるきゅーれ,ja,2.3965,2021-07-30,6.628,98
6,840705,Blink Twice,Blink Twice,en,21.1588,2024-08-21,6.68,2046
7,829557,365 Days: This Day,365 dni: Ten dzień,pl,23.062,2022-04-26,5.944,1876
8,822080,The Pineapple Thief: Nothing but the Truth,The Pineapple Thief: Nothing but the Truth,en,0.9895,2021-04-22,8.0,1
9,819876,Crimes of the Future,Crimes of the Future,en,7.5012,2022-05-25,6.018,1328
10,801335,Girl in the Basement,Girl in the Basement,en,13.8998,2021-02-27,7.578,894
11,800787,A Good Person,A Good Person,en,6.3668,2023-03-23,7.007,460
12,798286,Beau Is Afraid,Beau Is Afraid,en,10.792,2023-04-14,6.746,1406
13,795811,Wheel of Fortune and Fantasy,偶然と想像,ja,6.2296,2021-04-11,7.222,371
14,791155,Secret Headquarters,Secret Headquarters,en,6.7417,2022-08-12,6.324,434
15,787310,Survive the Game,Survive the Game,en,3.7946,2021-10-08,5.284,194
16,782095,XX: Graceful Beautiful Beast,XX ダブルエックス しなやかな美獣,ja,1.5327,1997-01-01,8.0,3
17,744857,When Evil Lurks,Cuando acecha la maldad,es,10.1806,2023-10-05,7.163,1549
18,744275,After We Fell,After We Fell,en,19.4094,2021-09-01,6.998,2782
19,734253,Adipurush,आदिपुरुष,hi,2.589,2023-06-16,4.425,114
0,44741,Malicious,Malizia,it,7.9748,1973-03-29,7.31,373
1,43919,Hatchet II,Hatchet II,en,3.8418,2010-10-01,5.527,414
2,43562,Along the Great Divide,Along the Great Divide,en,2.061,1951-06-02,7.388,49
3,42911,Skyscraper,Skyscraper,en,2.4004,1996-02-29,4.421,70
4,42341,Suspect X,容疑者Xの献身,ja,3.1919,2008-10-04,7.573,144
5,41439,Saw 3D,Saw 3D,en,10.1611,2010-10-22,5.975,3392
6,41072,Killer Angels,殺手天使,cn,2.0907,1989-04-07,6.808,13
7,40205,16 Wishes,16 Wishes,en,7.5354,2010-10-02,6.318,1382
8,39853,The Cat Concerto,The Cat Concerto,en,2.5309,1947-04-26,7.635,178
9,39465,Godzilla vs. Mothra,ゴジラvsモスラ,ja,4.2431,1992-12-12,6.917,240
10,39346,Casper: A Spirited Beginning,Casper: A Spirited Beginning,en,4.9786,1997-09-09,5.4,342
11,39323,Dragon Ball Z: Bardock - The Father of Goku,ドラゴンボールZ たったひとりの最終決戦〜フリーザに挑んだZ戦士 孫悟空の父〜,ja,7.8755,1990-10-17,7.6,792
12,38543,Ironclad,Ironclad,en,6.2295,2011-03-03,6.152,829
13,38360,The Cranes Are Flying,Летят журавли,ru,4.1733,1957-10-12,7.914,472
14,38199,Unthinkable,Unthinkable,en,9.2164,2010-05-26,6.817,1513
15,37308,100 Rifles,100 Rifles,en,4.0037,1969-03-26,5.923,111
16,37233,The Firm,The Firm,en,12.1365,1993-06-30,6.749,2404
17,37100,Sailor Moon R: The Movie - The Promise of the Rose,劇場版 美少女戦士セーラームーンR,ja,4.0814,1993-12-05,7.847,193
18,36221,Postman Blues,ポストマン・ブルース,ja,1.4181,1997-08-16,7.425,40
19,35172,The Son,Le Fils,fr,3.1779,2002-10-04,7.474,173
0,3131,Gangs of New York,Gangs of New York,en,11.9576,2002-12-14,7.317,7421
1,3049,Ace Ventura: Pet Detective,Ace Ventura: Pet Detective,en,13.1791,1994-02-04,6.582,6573
2,2752,40 Days and 40 Nights,40 Days and 40 Nights,en,4.8047,2002-03-01,5.473,1263
3,2312,In the Name of the King: A Dungeon Siege Tale,In the Name of the King: A Dungeon Siege Tale,en,8.073,2007-11-29,4.782,959
4,2100,The Last Castle,The Last Castle,en,10.8165,2001-10-19,7.166,1486
5,1817,Phone Booth,Phone Booth,en,10.6957,2003-01-06,6.878,4335
6,1600,The Double Life of Véronique,La Double Vie de Véronique,fr,4.4001,1991-05-15,7.489,917
7,1492,1492: Conquest of Paradise,1492: Conquest of Paradise,en,9.0048,1992-08-09,6.292,947
8,1433,The Devil's Backbone,El espinazo del diablo,es,6.2824,2001-04-20,7.307,1419
9,909,Meet Me in St. Louis,Meet Me in St. Louis,en,4.9356,1944-11-28,7.013,438
10,866,Finding Neverland,Finding Neverland,en,12.7089,2004-10-29,7.316,3811
11,826,The Bridge on the River Kwai,The Bridge on the River Kwai,en,9.6202,1957-10-11,7.82,2445
12,812,Aladdin,Aladdin,en,23.8491,1992-11-25,7.658,12258
13,713,The Piano,The Piano,en,9.5976,1993-05-18,7.365,1687
14,544,There's Something About Mary,There's Something About Mary,en,13.8635,1998-07-15,6.637,5509
15,505,Johnny Handsome,Johnny Handsome,en,5.1039,1989-09-12,6.4,301
16,496,Borat: Cultural Learnings of America for Make Benefit Glorious Nation of Kazakhstan,Borat: Cultural Learnings of America for Make Benefit Glorious Nation of Kazakhstan,en,8.7941,2006-11-01,6.79,6167
17,427,Mon Oncle,Mon oncle,fr,3.1958,1958-05-10,7.427,632
18,338,"Good Bye, Lenin!","Good Bye, Lenin!",de,6.876,2003-02-13,7.532,2698
19,262,The King of Comedy,The King of Comedy,en,10.9994,1982-12-18,7.773,2663
0,499546,We,Wij,nl,6.6234,2018-07-12,5.363,124
1,497803,My Wife's New Mom,내 아내의 새엄마,ko,1.945,2017-06-26,5.5,4
2,495764,Birds of Prey (and the Fantabulous Emancipation of One Harley Quinn),Birds of Prey (and the Fantabulous Emancipation of One Harley Quinn),en,18.6538,2020-02-05,6.866,10998
3,493006,Case Closed: Zero the Enforcer,名探偵コナン ゼロの執行人,ja,3.5159,2018-04-13,6.216,183
4,491480,The Boy Who Harnessed the Wind,The Boy Who Harnessed the Wind,en,8.8175,2019-02-14,7.886,1921
5,488623,Forgotten,기억의 밤,ko,6.5893,2017-11-29,7.881,1398
6,482617,My Girlfriend's Mom,내 여자의 엄마,ko,4.1074,2016-05-18,6.0,2
7,481899,Corpse Prison: Part 2,劇場版 屍囚獄 結ノ篇,ja,2.9533,2017-06-10,6.25,28
8,481891,An Affair: My Friend's Mom,정사: 친구의 엄마,ko,5.9782,2017-08-24,3.7,7
9,473072,2036: Nexus Dawn,2036: Nexus Dawn,en,3.4918,2017-08-30,6.845,425
10,472516,The Moment You Fall in Love,好きになるその瞬間を。～告白実行委員会～,ja,2.6577,2016-12-17,7.475,140
11,470878,I Can Only Imagine,I Can Only Imagine,en,5.0622,2018-02-14,7.517,516
12,469721,The Cured,The Cured,en,6.3171,2017-11-24,5.513,418
13,459992,Long Shot,Long Shot,en,12.1041,2019-05-02,6.704,2964
14,454652,Colette,Colette,en,6.5934,2018-09-21,6.9,962
15,454294,The Kid Who Would Be King,The Kid Who Would Be King,en,8.374,2019-01-16,6.196,865
16,451306,Looking Back to the Future,Looking Back to the Future,en,1.7208,2009-02-10,6.556,9
17,449992,The Night Comes For Us,The Night Comes For Us,id,7.6563,2018-10-05,6.93,850
18,448565,The Child in Time,The Child in Time,en,2.9484,2018-07-05,5.814,105
19,444431,Foxtrot,פוקסטרוט,he,2.0183,2017-09-02,6.748,220
0,438436,Most Beautiful Island,Most Beautiful Island,en,1.7421,2017-11-03,5.566,129
1,429471,Captive State,Captive State,en,7.1591,2019-03-15,5.664,1305
2,428836,Ophelia,Ophelia,en,4.5776,2019-06-28,7.097,619
3,426793,Parallel,Parallel,en,3.8823,2018-04-10,6.0,185
4,417974,Female Workers: Romance At Work,여직원들 : 직장연애사,ko,3.2651,2016-09-22,3.2,6
5,417820,Miss Saigon: 25th Anniversary Performance,Miss Saigon: 25th Anniversary Performance,en,2.8074,2016-09-22,7.95,50
6,413279,Team Thor,Team Thor,en,4.9703,2016-08-28,7.224,597
7,409520,Lommbock,Lommbock,de,1.9791,2017-03-23,6.493,136
8,406994,Better Watch Out,Better Watch Out,en,5.619,2017-10-06,6.649,1689
9,397567,Along with the Gods: The Two Worlds,신과함께-죄와 벌,ko,7.4296,2017-12-20,8.061,1262
10,397469,New Folder 2,새폴더 2,ko,4.2333,2015-10-23,5.1,5
11,395990,Death Wish,Death Wish,en,12.8542,2018-03-01,6.239,2885
12,383785,Kung Fu Yoga,功夫瑜伽,zh,4.2768,2017-01-27,5.872,445
13,381890,The Mermaid,美人鱼,zh,5.5806,2016-02-08,6.6,500
14,376570,Hush,Hush,en,6.6887,2016-03-12,6.725,4944
15,370665,Dilwale,दिलवाले,hi,2.7583,2015-12-18,6.569,355
16,366141,Cro Minion,Cro Minion,en,2.855,2015-11-04,7.225,264
17,365620,Ferrari,Ferrari,en,17.2926,2023-12-14,6.364,1310
18,364150,The Godfather Trilogy: 1901-1980,The Godfather Trilogy: 1901-1980,en,4.7899,1992-10-21,8.899,178
19,363676,Sully,Sully,en,17.7207,2016-09-07,7.206,7884
0,11389,The Olsen Gang,Olsen-banden,da,1.5798,1968-10-11,7.0,63
1,11078,National Security,National Security,en,8.0034,2003-01-17,5.983,1098
2,8656,Deep Impact,Deep Impact,en,18.4317,1998-05-08,6.259,3464
3,7518,Over the Hedge,Over the Hedge,en,31.3391,2006-05-17,6.611,4981
4,7219,Zombie Flesh Eaters,Zombi 2,it,3.6029,1979-08-25,6.745,697
5,5968,The Woman in Red,The Woman in Red,en,5.8958,1984-08-15,6.307,587
6,4564,Sex and the City,Sex and the City,en,12.8561,2008-05-12,6.539,2320
7,4233,Scream 2,Scream 2,en,16.0476,1997-12-12,6.523,4894
8,4148,Revolutionary Road,Revolutionary Road,en,10.0361,2008-12-19,6.987,4200
9,3509,A Scanner Darkly,A Scanner Darkly,en,6.3646,2006-07-07,6.812,2025
10,2787,Pitch Black,Pitch Black,en,7.455,2000-02-18,6.872,4959
11,1646,Freedom Writers,Freedom Writers,en,11.0793,2007-01-05,7.931,2492
12,988,The China Syndrome,The China Syndrome,en,5.3064,1979-03-16,7.122,539
13,388,Inside Man,Inside Man,en,15.744,2006-03-17,7.409,6560
14,219,Volver,Volver,es,7.6801,2006-03-17,7.461,1968
15,1774466,Kurokami bishoujo wa junshin karen — Meisa Kawakita,黒髪美少女は純真華憐 / 川北メイサ,ja,0.0214,2022-03-21,0.0,0
16,1720555,IPX-129 鐵粉限定！粉絲感謝祭！和桃乃木香奈去溫泉進行2日18次的性愛旅行 悄悄地將全員的精液都接受了！！,IPX-129 鐵粉限定！粉絲感謝祭！和桃乃木香奈去溫泉進行2日18次的性愛旅行 悄悄地將全員的精液都接受了！！,ja,1.7876,2018-10-13,0.0,0
17,1284894,The Making of Wallace & Gromit: The Curse of the Were-Rabbit,The Making of Wallace & Gromit: The Curse of the Were-Rabbit,en,0.9821,2006-02-07,10.0,1
18,1272676,Gold or Shit,走走停停,zh,1.6947,2024-05-25,6.7,43
19,1255518,Hate Songs,Hate Songs,en,1.2061,2024-04-19,0.0,0
0,1232827,The Girl with the Needle,Pigen med nålen,da,9.496,2024-09-06,7.57,395
1,1219556,Chime,Chime,ja,2.7524,2024-08-02,6.793,94
2,1115230,Inspector Dupin: Brittany's Nights,Kommissar Dupin - Bretonische Nächte,de,1.3061,2023-04-20,6.833,6
3,1098160,The Tank,The Tank,en,3.9056,2023-04-21,5.059,135
4,1089315,Super Volcano,Super Volcano,en,3.2022,2022-10-13,5.485,33
5,1054569,Zakir Khan: Tathastu,Zakir Khan: Tathastu,hi,1.1223,2022-12-01,8.7,10
6,1041613,Immaculate,Immaculate,en,13.2347,2024-03-20,6.209,1722
7,1028248,As Good as Dead,As Good as Dead,en,4.6829,2022-12-16,6.1,89
8,1027073,In the Land of Saints and Sinners,In the Land of Saints and Sinners,en,6.1232,2023-10-06,6.436,647
9,1024004,Amala,Amala,bo,1.209,2022-09-30,0.0,0
10,1018337,Mother's Job 2,엄마의 직업 2,ko,3.1225,2020-10-21,0.0,0
11,1017777,Gay Toybox,ゲイのおもちゃ箱,ja,0.7429,1993-07-26,4.333,3
12,1001079,Iris and the Men,Iris et les hommes,fr,2.6622,2023-12-21,5.211,95
13,975773,Wicked Little Letters,Wicked Little Letters,en,5.4968,2024-02-23,6.915,727
14,974691,South Park the Streaming Wars,South Park the Streaming Wars,en,3.925,2022-06-01,7.14,299
15,945703,Post Truth,保你平安,zh,1.4965,2023-03-10,7.3,46
16,940417,Sadako DX,貞子DX,ja,3.9689,2022-10-28,4.444,45
17,913496,The Mulligan,The Mulligan,en,1.8776,2022-04-18,7.1,10
18,904759,The Birth of Kitaro: The Mystery of GeGeGe,鬼太郎誕生 ゲゲゲの謎,ja,2.2889,2023-11-17,7.4,27
19,893723,PAW Patrol: The Mighty Movie,PAW Patrol: The Mighty Movie,en,33.6617,2023-09-21,6.937,594
0,886396,Batman and Superman: Battle of the Super Sons,Batman and Superman: Battle of the Super Sons,en,10.538,2022-10-17,7.633,366
1,877269,Strange World,Strange World,en,15.2265,2022-11-23,6.217,1465
2,864168,Joy Ride,Joy Ride,en,6.9186,2023-06-22,6.516,509
3,860342,女大学生特殊按摩,女大学生特殊按摩,zh,1.494,2018-02-02,0.0,0
4,857702,LEGO Star Wars Terrifying Tales,LEGO Star Wars Terrifying Tales,en,7.7023,2021-10-01,6.8,288
5,847143,Baby Assassins,ベイビーわるきゅーれ,ja,2.3965,2021-07-30,6.628,98
6,829557,365 Days: This Day,365 dni: Ten dzień,pl,23.062,2022-04-26,5.944,1876
7,822080,The Pineapple Thief: Nothing but the Truth,The Pineapple Thief: Nothing but the Truth,en,0.9895,2021-04-22,8.0,1
8,819876,Crimes of the Future,Crimes of the Future,en,7.5012,2022-05-25,6.018,1328
9,801335,Girl in the Basement,Girl in the Basement,en,13.8998,2021-02-27,7.578,894
10,800787,A Good Person,A Good Person,en,6.3668,2023-03-23,7.007,460
11,798286,Beau Is Afraid,Beau Is Afraid,en,10.792,2023-04-14,6.746,1406
12,795811,Wheel of Fortune and Fantasy,偶然と想像,ja,6.2296,2021-04-11,7.222,371
13,791155,Secret Headquarters,Secret Headquarters,en,6.7417,2022-08-12,6.324,434
14,787310,Survive the Game,Survive the Game,en,3.7946,2021-10-08,5.284,194
15,782095,XX: Graceful Beautiful Beast,XX ダブルエックス しなやかな美獣,ja,1.5327,1997-01-01,8.0,3
16,744275,After We Fell,After We Fell,en,19.4094,2021-09-01,6.998,2782
17,734253,Adipurush,आदिपुरुष,hi,2.589,2023-06-16,4.425,114
18,732203,Gintama: The Very Final,銀魂 THE FINAL,ja,5.8267,2021-01-08,8.2,78
19,723347,Robots,Robots,en,6.5042,2023-04-26,5.509,268
0,106652,Picture of a Nymph,畫中仙,cn,1.827,1988-03-18,5.625,8
1,103750,The Taste of Money,돈의 맛,ko,3.2486,2012-05-17,5.5,64
2,100241,"I, Frankenstein","I, Frankenstein",en,9.2165,2014-01-22,5.385,2108
3,96231,August. Eighth,Август. Восьмого,ru,1.5583,2012-02-22,5.964,70
4,85545,Elles,Elles,fr,3.8017,2011-09-09,5.293,198
5,80662,Guilty of Romance,恋の罪,ja,3.8743,2011-09-30,6.899,248
6,79707,Children Who Chase Lost Voices,星を追う子ども,ja,6.0958,2011-05-07,7.239,813
7,78428,Erotic Ghost Story II,聊齋艷譚續集 五通神,cn,3.1575,1991-01-23,4.9,33
8,77399,Blood Suckers,Blood Suckers,en,1.3998,1971-05-14,4.087,23
9,76640,The Last Stand,The Last Stand,en,11.0462,2013-01-12,6.097,3068
10,74849,The Star Wars Holiday Special,The Star Wars Holiday Special,en,4.3405,1978-11-17,3.4,523
11,74643,The Artist,The Artist,fr,9.7393,2011-10-12,7.433,3611
12,73935,Vamps,Vamps,en,4.2327,2012-08-25,5.305,308
13,70436,The Raven,The Raven,en,7.4989,2012-03-09,6.303,1477
14,65294,The Incredible Hulk,The Incredible Hulk,en,4.1162,1977-11-04,6.458,167
15,64688,21 Jump Street,21 Jump Street,en,17.3829,2012-03-14,6.884,11268
16,63274,Velvet Hands,Mani di velluto,it,1.6468,1979-12-20,6.38,125
17,59965,Abduction,Abduction,en,9.5443,2011-09-22,5.841,3070
18,58409,Tiger Cage,特警屠龍,cn,2.335,1988-07-28,6.5,56
19,57834,Blue Sky,Blue Sky,en,3.038,1994-09-16,6.1,154
0,57212,War Horse,War Horse,en,11.2774,2011-12-25,7.304,3767
1,56288,Spy Kids: All the Time in the World,Spy Kids: All the Time in the World,en,8.7942,2011-08-18,4.689,1085
2,53186,Morgiana,Morgiana,cs,2.3443,1972-09-15,7.243,68
3,52853,Rio Rita,Rio Rita,en,2.9386,1942-03-11,6.028,19
4,52695,In the Line of Duty 3,皇家師姐III雌雄大盜,cn,3.3313,1988-09-28,6.6,33
5,51822,Love Hurts,Amar te duele,es,3.7904,2002-11-08,8.1,380
6,51608,The Man from Nowhere,아저씨,ko,9.9835,2010-08-04,7.701,1561
7,51533,Let the Bullets Fly,让子弹飞,zh,5.7588,2010-12-20,7.8,361
8,50014,The Help,The Help,en,19.2963,2011-08-09,8.206,9278
9,49849,Cowboys & Aliens,Cowboys & Aliens,en,13.2207,2011-07-29,5.708,5617
10,49730,Red Riding Hood,Red Riding Hood,en,15.9507,2011-03-10,6.0,3359
11,48311,Parasite,Parasite,en,4.2651,1982-03-12,4.881,88
12,46315,Valerie and Her Week of Wonders,Valerie a týden divů,cs,3.9624,1970-10-16,6.986,321
13,46164,Retribution,叫,ja,1.9127,2007-02-24,6.518,113
14,45772,Gnomeo & Juliet,Gnomeo & Juliet,en,10.5291,2011-01-13,5.903,2120
15,45380,Crazy Stone,疯狂的石头,zh,2.5795,2006-06-30,7.6,148
16,44741,Malicious,Malizia,it,7.9748,1973-03-29,7.31,373
17,43919,Hatchet II,Hatchet II,en,3.8418,2010-10-01,5.527,414
18,43562,Along the Great Divide,Along the Great Divide,en,2.061,1951-06-02,7.388,49
19,42911,Skyscraper,Skyscraper,en,2.4004,1996-02-29,4.421,70
0,42609,Justine,Justine,en,1.9102,1969-08-06,4.4,13
1,42341,Suspect X,容疑者Xの献身,ja,3.1919,2008-10-04,7.573,144
2,41072,Killer Angels,殺手天使,cn,2.0907,1989-04-07,6.808,13
3,40205,16 Wishes,16 Wishes,en,7.5354,2010-10-02,6.318,1382
4,39853,The Cat Concerto,The Cat Concerto,en,2.5309,1947-04-26,7.635,178
5,39465,Godzilla vs. Mothra,ゴジラvsモスラ,ja,4.2431,1992-12-12,6.917,240
6,39346,Casper: A Spirited Beginning,Casper: A Spirited Beginning,en,4.9786,1997-09-09,5.4,342
7,38543,Ironclad,Ironclad,en,6.2295,2011-03-03,6.152,829
8,38360,The Cranes Are Flying,Летят журавли,ru,4.1733,1957-10-12,7.914,472
9,38199,Unthinkable,Unthinkable,en,9.2164,2010-05-26,6.817,1513
10,37696,Fear X,Fear X,en,2.1953,2003-04-04,5.837,206
11,37308,100 Rifles,100 Rifles,en,4.0037,1969-03-26,5.923,111
12,37100,Sailor Moon R: The Movie - The Promise of the Rose,劇場版 美少女戦士セーラームーンR,ja,4.0814,1993-12-05,7.847,193
13,36221,Postman Blues,ポストマン・ブルース,ja,1.4181,1997-08-16,7.425,40
14,36123,Under the Sea 3D,Under the Sea 3D,en,2.0644,2009-02-13,6.9,61
15,35172,The Son,Le Fils,fr,3.1779,2002-10-04,7.474,173
16,34312,Sleepaway Camp III: Teenage Wasteland,Sleepaway Camp III: Teenage Wasteland,en,3.1535,1989-08-04,5.386,245
17,34297,Inuyasha the Movie 4: Fire on the Mystic Island,犬夜叉 紅蓮の蓬莱島,ja,2.8795,2004-12-23,7.567,120
18,33364,A Patch of Blue,A Patch of Blue,en,3.6336,1965-12-10,7.56,126
19,33155,Galaxina,Galaxina,en,2.4892,1980-06-06,3.9,89
0,438436,Most Beautiful Island,Most Beautiful Island,en,1.7421,2017-11-03,5.566,129
1,429471,Captive State,Captive State,en,7.1591,2019-03-15,5.664,1305
2,428836,Ophelia,Ophelia,en,4.5776,2019-06-28,7.097,619
3,426793,Parallel,Parallel,en,3.8823,2018-04-10,6.0,185
4,417974,Female Workers: Romance At Work,여직원들 : 직장연애사,ko,3.2651,2016-09-22,3.2,6
5,417820,Miss Saigon: 25th Anniversary Performance,Miss Saigon: 25th Anniversary Performance,en,2.8074,2016-09-22,7.95,50
6,413279,Team Thor,Team Thor,en,4.9703,2016-08-28,7.224,597
7,409520,Lommbock,Lommbock,de,1.9791,2017-03-23,6.493,136
8,406994,Better Watch Out,Better Watch Out,en,5.619,2017-10-06,6.649,1689
9,406990,What Happened to Monday,What Happened to Monday,en,11.4684,2017-08-18,7.139,6568
10,397469,New Folder 2,새폴더 2,ko,4.2333,2015-10-23,5.1,5
11,395990,Death Wish,Death Wish,en,12.8542,2018-03-01,6.239,2885
12,383785,Kung Fu Yoga,功夫瑜伽,zh,4.2768,2017-01-27,5.872,445
13,381890,The Mermaid,美人鱼,zh,5.5806,2016-02-08,6.6,500
14,376570,Hush,Hush,en,6.6887,2016-03-12,6.726,4945
15,370665,Dilwale,दिलवाले,hi,2.7583,2015-12-18,6.569,355
16,366141,Cro Minion,Cro Minion,en,2.855,2015-11-04,7.225,264
17,365620,Ferrari,Ferrari,en,17.2926,2023-12-14,6.364,1310
18,364150,The Godfather Trilogy: 1901-1980,The Godfather Trilogy: 1901-1980,en,4.7899,1992-10-21,8.899,178
19,363676,Sully,Sully,en,17.7207,2016-09-07,7.206,7884
0,20537,Caravaggio,Caravaggio,en,2.2588,1986-08-29,6.131,164
1,20342,Secret,不能說的秘密,zh,3.4113,2007-07-27,7.536,208
2,19576,One Piece: The Movie,ワンピース,ja,5.5972,2000-03-04,7.1,408
3,19267,The Big Brawl,The Big Brawl,en,5.1835,1980-08-18,5.9,202
4,19173,Diary of a Nymphomaniac,Diario de una ninfómana,es,11.3113,2008-10-17,5.6,371
5,19142,The Return of Swamp Thing,The Return of Swamp Thing,en,4.2382,1989-05-11,5.468,266
6,18881,Kite,カイト,ja,4.3771,1998-02-25,6.6,189
7,18843,Dr. Dolittle 3,Dr. Dolittle 3,en,4.4175,2006-04-25,5.127,499
8,18764,Twin Dragons,双龙会,cn,6.9846,1992-01-15,6.9,471
9,18631,Beyond the Law,Beyond the Law,en,5.5318,1993-04-22,6.264,174
10,18305,A Better Tomorrow II,英雄本色2,cn,6.0621,1987-12-17,7.084,328
11,17811,The Legend II,方世玉續集,cn,3.4679,1993-07-30,6.7,114
12,17796,Freaked,Freaked,en,5.0095,1993-10-01,6.187,193
13,17443,...And Justice for All,...And Justice for All,en,6.0713,1979-10-19,7.099,618
14,16996,17 Again,17 Again,en,13.0145,2009-03-11,6.321,5527
15,16907,Naruto the Movie: Ninja Clash in the Land of Snow,劇場版 NARUTO 大活劇! 雪姫忍法帖だってばよ!!,ja,10.5972,2004-08-21,7.269,631
16,16871,Drag Me to Hell,Drag Me to Hell,en,13.0467,2009-05-27,6.489,4215
17,16614,Adventureland,Adventureland,en,5.4869,2009-04-03,6.398,2415
18,16608,The Proposition,The Proposition,en,4.2906,2005-10-06,7.004,739
19,16551,Rhinestone,Rhinestone,en,3.5948,1984-06-22,4.822,129
0,261392,American Ultra,American Ultra,en,12.3605,2015-08-19,6.105,3022
1,257512,Detective Conan: Dimensional Sniper,名探偵コナン 異次元の狙撃手,ja,5.7752,2014-04-19,6.819,141
2,255413,anohana: The Flower We Saw That Day - The Movie,劇場版 あの日見た花の名前を僕達はまだ知らない。,ja,3.4213,2013-08-31,7.495,197
3,254578,Phoenix,Phoenix,de,3.9666,2014-09-25,6.828,507
4,254201,The Absent One,Fasandræberne,da,3.9982,2014-10-02,7.0,707
5,252391,Kiki's Delivery Service,魔女の宅急便,ja,2.3842,2014-03-01,5.964,83
6,248156,Schaumküsse,Schaumküsse,de,0.7913,2009-10-21,5.3,3
7,246080,Black Sea,Black Sea,en,5.4713,2014-12-05,6.267,1215
8,240341,Ghost in the Shell: Arise - Border 3: Ghost Tears,攻殻機動隊ARISE border:3 Ghost Tears,ja,4.5255,2014-06-28,6.792,171
9,222953,Josefine M.,Josefine Mutzenbacher,de,2.3035,1970-08-21,4.929,14
10,214758,"Easy Sex, Sad Movies","Sexo fácil, películas tristes",es,2.887,2014-10-16,5.532,62
11,209792,The Little Mermaid,The Little Mermaid,en,2.2483,1992-05-24,5.5,23
12,209276,Starred Up,Starred Up,en,4.656,2014-03-21,7.083,1040
13,205775,In the Heart of the Sea,In the Heart of the Sea,en,12.0249,2015-12-03,6.788,4507
14,204435,Krrish 3,कृष ३,hi,3.0201,2013-11-01,5.621,214
15,202575,The House of Magic,The House of Magic,en,9.0774,2013-12-24,6.301,386
16,196024,The Keeper of Lost Causes,Kvinden i buret,da,5.0828,2013-10-03,7.038,851
17,184465,The Death Ray,Луч смерти,ru,1.2538,1925-03-16,5.2,12
18,169934,Iron Man: Rise of Technovore,アイアンマン：ライズ・オブ・テクノヴォア,ja,3.7466,2013-04-24,6.165,236
19,169219,The Dyatlov Pass Incident,The Dyatlov Pass Incident,en,7.1347,2013-02-27,5.968,761
0,168672,American Hustle,American Hustle,en,13.1046,2013-12-12,6.852,7907
1,161285,In the Heat of the Sun,阳光灿烂的日子,zh,2.8114,1994-09-01,7.845,148
2,160182,My Hero,一本漫畫闖天涯,zh,1.8379,1990-03-22,6.7,25
3,159770,The Dirties,The Dirties,en,2.6455,2013-10-04,6.4,156
4,159164,Dilwale,Dilwale,hi,2.4706,1994-01-29,6.444,18
5,159117,V/H/S/2,V/H/S/2,en,5.3521,2013-06-06,6.212,1231
6,144473,Lan Kwai Fong 2,喜愛夜蒲2,cn,2.9563,2012-11-17,4.625,24
7,143449,Lusty Sisters,色情姉妹,ja,2.6015,1972-11-29,4.8,5
8,141052,Justice League,Justice League,en,28.4544,2017-11-15,6.1,13943
9,140870,Minuscule: Valley of the Lost Ants,Minuscule - La Vallée des fourmis perdues,fr,4.0983,2013-11-17,6.984,489
10,139455,Silent Night,Silent Night,en,2.977,2012-11-30,5.175,338
11,137227,Doraemon: Nobita and the New Steel Troops: Winged Angels,映画ドラえもん 新・のび太と鉄人兵団 ～はばたけ 天使たち～,ja,6.2444,2011-03-05,7.4,89
12,134411,Snitch,Snitch,en,9.3828,2013-02-21,6.133,2533
13,132232,Mama,Mama,en,10.8063,2013-01-17,6.293,4509
14,119517,Zombies vs. Strippers,Zombies vs. Strippers,en,1.6466,2012-07-09,3.232,28
15,115290,Blue Lagoon: The Awakening,Blue Lagoon: The Awakening,en,11.2862,2012-06-16,6.452,1517
16,111440,The Pact,The Pact,en,3.0009,2012-05-25,5.667,543
17,109431,Identity Thief,Identity Thief,en,11.4936,2013-02-07,5.852,3573
18,106652,Picture of a Nymph,畫中仙,cn,1.827,1988-03-18,5.625,8
19,104260,The Machine Gun Dragon,横浜暗黒街 マシンガンの竜,ja,1.3268,1976-02-28,6.5,4
0,22907,Takers,Takers,en,11.2445,2010-08-26,6.253,1418
1,21452,Case Closed: The Fourteenth Target,名探偵コナン 14番目の標的,ja,7.5799,1998-04-18,7.173,237
2,20980,Liquid Sky,Liquid Sky,en,2.2411,1982-08-01,5.8,145
3,20343,Make Mine Music,Make Mine Music,en,3.4577,1946-06-30,5.852,291
4,17979,A Christmas Carol,A Christmas Carol,en,16.8976,2009-11-04,6.911,4991
5,16619,Ordinary People,Ordinary People,en,10.434,1980-09-19,7.4,723
6,16113,The Delta Force,The Delta Force,en,7.5892,1986-02-14,5.995,540
7,15916,Angel's Egg,天使のたまご,ja,5.8196,1985-12-22,7.688,616
8,15601,Scooby-Doo and the Cyber Chase,Scooby-Doo and the Cyber Chase,en,4.3042,2001-10-09,7.3,574
9,14128,Cinderella II: Dreams Come True,Cinderella II: Dreams Come True,en,14.215,2002-02-23,6.1,1557
10,13479,A Charlie Brown Thanksgiving,A Charlie Brown Thanksgiving,en,4.2626,1973-11-20,7.296,302
11,13466,October Sky,October Sky,en,7.8379,1999-02-19,7.682,1497
12,13465,The Adventures of Ichabod and Mr. Toad,The Adventures of Ichabod and Mr. Toad,en,7.2382,1949-10-05,6.534,715
13,13192,Moonwalker,Moonwalker,en,6.0166,1988-10-29,7.109,689
14,12146,The Missing,The Missing,en,7.4052,2003-11-26,6.301,712
15,12105,Yellow Submarine,Yellow Submarine,en,3.6705,1968-07-17,7.2,569
16,11968,Into the Blue,Into the Blue,en,11.4377,2005-09-30,5.9,1704
17,11820,Mona Lisa Smile,Mona Lisa Smile,en,10.9422,2003-12-19,6.911,1941
18,11782,Hard Boiled,辣手神探,cn,8.7711,1992-04-16,7.52,983
19,11674,101 Dalmatians,101 Dalmatians,en,11.651,1996-11-27,5.948,3724
0,56288,Spy Kids: All the Time in the World,Spy Kids: All the Time in the World,en,8.7942,2011-08-18,4.689,1085
1,53186,Morgiana,Morgiana,cs,2.3443,1972-09-15,7.243,68
2,52853,Rio Rita,Rio Rita,en,2.9386,1942-03-11,6.028,19
3,52695,In the Line of Duty 3,皇家師姐III雌雄大盜,cn,3.3313,1988-09-28,6.6,33
4,51822,Love Hurts,Amar te duele,es,3.7904,2002-11-08,8.1,380
5,51608,The Man from Nowhere,아저씨,ko,9.9835,2010-08-04,7.701,1561
6,51533,Let the Bullets Fly,让子弹飞,zh,5.7588,2010-12-20,7.8,361
7,50014,The Help,The Help,en,19.2963,2011-08-09,8.206,9278
8,49849,Cowboys & Aliens,Cowboys & Aliens,en,13.2207,2011-07-29,5.708,5617
9,49730,Red Riding Hood,Red Riding Hood,en,15.9507,2011-03-10,6.0,3359
10,48311,Parasite,Parasite,en,4.2651,1982-03-12,4.881,88
11,46919,Daisies,Sedmikrásky,cs,4.3968,1966-12-30,7.295,454
12,46164,Retribution,叫,ja,1.9127,2007-02-24,6.518,113
13,45772,Gnomeo & Juliet,Gnomeo & Juliet,en,10.5291,2011-01-13,5.903,2120
14,45380,Crazy Stone,疯狂的石头,zh,2.5795,2006-06-30,7.6,148
15,44741,Malicious,Malizia,it,7.9748,1973-03-29,7.31,373
16,43919,Hatchet II,Hatchet II,en,3.8418,2010-10-01,5.527,414
17,43562,Along the Great Divide,Along the Great Divide,en,2.061,1951-06-02,7.388,49
18,42911,Skyscraper,Skyscraper,en,2.4004,1996-02-29,4.421,70
19,42609,Justine,Justine,en,1.9102,1969-08-06,4.4,13
0,42341,Suspect X,容疑者Xの献身,ja,3.1919,2008-10-04,7.573,144
1,41072,Killer Angels,殺手天使,cn,2.0907,1989-04-07,6.808,13
2,40205,16 Wishes,16 Wishes,en,7.5354,2010-10-02,6.318,1382
3,39853,The Cat Concerto,The Cat Concerto,en,2.5309,1947-04-26,7.635,178
4,39465,Godzilla vs. Mothra,ゴジラvsモスラ,ja,4.2431,1992-12-12,6.917,240
5,39346,Casper: A Spirited Beginning,Casper: A Spirited Beginning,en,4.9786,1997-09-09,5.4,342
6,38543,Ironclad,Ironclad,en,6.2295,2011-03-03,6.152,829
7,38360,The Cranes Are Flying,Летят журавли,ru,4.1733,1957-10-12,7.914,472
8,38199,Unthinkable,Unthinkable,en,9.2164,2010-05-26,6.817,1513
9,37696,Fear X,Fear X,en,2.1953,2003-04-04,5.837,206
10,37308,100 Rifles,100 Rifles,en,4.0037,1969-03-26,5.923,111
11,37100,Sailor Moon R: The Movie - The Promise of the Rose,劇場版 美少女戦士セーラームーンR,ja,4.0814,1993-12-05,7.847,193
12,36221,Postman Blues,ポストマン・ブルース,ja,1.4181,1997-08-16,7.425,40
13,36123,Under the Sea 3D,Under the Sea 3D,en,2.0644,2009-02-13,6.9,61
14,35172,The Son,Le Fils,fr,3.1779,2002-10-04,7.474,173
15,34312,Sleepaway Camp III: Teenage Wasteland,Sleepaway Camp III: Teenage Wasteland,en,3.1535,1989-08-04,5.386,245
16,34297,Inuyasha the Movie 4: Fire on the Mystic Island,犬夜叉 紅蓮の蓬莱島,ja,2.8795,2004-12-23,7.567,120
17,33364,A Patch of Blue,A Patch of Blue,en,3.6336,1965-12-10,7.56,126
18,33155,Galaxina,Galaxina,en,2.4892,1980-06-06,3.9,89
19,32568,The Man in the White Suit,The Man in the White Suit,en,3.5641,1951-08-07,6.9,214
0,2110,Wasabi,Wasabi,fr,6.3815,2001-10-31,6.656,1480
1,2093,Amsterdamned,Amsterdamned,nl,3.3168,1988-02-11,6.376,210
2,2013,The Diving Bell and the Butterfly,Le Scaphandre et le Papillon,fr,5.9852,2007-05-23,7.576,1316
3,2003,Anatomy of Hell,Anatomie de l'enfer,fr,4.1957,2004-01-28,4.804,158
4,1788,Footloose,Footloose,en,10.9426,1984-02-17,6.69,2269
5,1717,All the King's Men,All the King's Men,en,5.5608,2006-09-10,5.759,344
6,1619,The Way of the Gun,The Way of the Gun,en,4.03,2000-09-08,6.371,517
7,1574,Chicago,Chicago,en,9.3682,2002-12-10,7.131,2983
8,1491,The Illusionist,The Illusionist,en,12.3491,2006-08-18,7.301,5476
9,1092,The Third Man,The Third Man,en,8.2993,1949-08-31,7.884,2175
10,1051,The French Connection,The French Connection,en,6.7527,1971-10-09,7.492,2206
11,902,The City of Lost Children,La Cité des enfants perdus,fr,6.3491,1995-05-17,7.247,1264
12,892,Delicatessen,Delicatessen,fr,5.0679,1991-04-17,7.314,1691
13,849,Krull,Krull,en,7.469,1983-07-29,6.061,647
14,823,Jin-Roh: The Wolf Brigade,人狼 JIN-ROH,ja,6.3235,1999-11-17,7.397,590
15,768,From Hell,From Hell,en,8.3353,2001-02-08,6.685,3087
16,746,The Last Emperor,The Last Emperor,en,13.5178,1987-10-04,7.59,1983
17,714,Tomorrow Never Dies,Tomorrow Never Dies,en,17.293,1997-12-11,6.389,3550
18,678,Out of the Past,Out of the Past,en,7.3258,1947-11-25,7.66,663
19,649,Belle de Jour,Belle de jour,fr,8.1155,1967-05-24,7.313,1040
0,639,When Harry Met Sally...,When Harry Met Sally...,en,13.5403,1989-07-12,7.406,4741
1,624,Easy Rider,Easy Rider,en,9.1359,1969-06-26,7.046,2224
2,503,Poseidon,Poseidon,en,9.7751,2006-05-03,5.906,2398
3,475,Bonnie and Clyde,Bonnie and Clyde,en,11.5326,1967-08-13,7.49,1851
4,462,Erin Brockovich,Erin Brockovich,en,12.0966,2000-03-17,7.428,3760
5,438,Cube Zero,Cube Zero,en,3.9783,2004-10-10,5.657,1196
6,437,Cube 2: Hypercube,Cube 2: Hypercube,en,6.3639,2002-04-15,5.494,1678
7,343,Harold and Maude,Harold and Maude,en,5.6611,1971-12-20,7.587,1244
8,319,True Romance,True Romance,en,14.2528,1993-09-09,7.538,3174
9,287,Bull Durham,Bull Durham,en,6.3589,1988-06-15,6.636,705
10,269,Breathless,À bout de souffle,fr,6.9707,1960-03-16,7.482,2087
11,261,Cat on a Hot Tin Roof,Cat on a Hot Tin Roof,en,4.2989,1958-08-29,7.626,867
12,179,The Interpreter,The Interpreter,en,10.4896,2005-04-08,6.314,1638
13,69,Walk the Line,Walk the Line,en,11.2208,2005-09-13,7.499,3218
14,1658826,Chage & Aska: On Your Mark,On Your Mark CHAGE & ASKA,ja,1.7085,1995-07-05,7.1,9
15,1192213,Female Teacher 5,女教師5,ja,4.6376,1998-07-15,0.0,0
16,994143,Skinamarink,Skinamarink,en,4.8185,2023-01-13,5.3,403
17,989730,Mononoke the Movie: The Phantom in the Rain,劇場版モノノ怪 唐傘,ja,8.1262,2024-07-26,7.2,82
18,980489,Gran Turismo,Gran Turismo,en,20.9661,2023-08-09,7.694,3572
19,961323,Nimona,Nimona,en,8.7701,2023-06-23,7.853,1497
0,487670,The Death of Superman,The Death of Superman,en,5.841,2019-01-13,7.449,644
1,455207,Crazy Rich Asians,Crazy Rich Asians,en,10.8531,2018-08-15,7.04,4048
2,438674,Dragged Across Concrete,Dragged Across Concrete,en,9.8812,2019-02-21,6.599,1167
3,372836,Surprise,万万没想到,zh,1.5263,2015-12-18,4.171,35
4,348893,Boyka: Undisputed IV,Boyka: Undisputed IV,en,15.1905,2016-08-01,7.225,1501
5,336026,Little Forest: Winter/Spring,リトル・フォレスト 冬・春,ja,1.841,2015-01-28,7.808,107
6,335360,My Little Pony: The Movie,My Little Pony: The Movie,en,13.4757,2017-10-05,7.29,435
7,332210,Storks,Storks,en,9.1716,2016-09-22,6.7,2578
8,308610,Healing Mate,힐링 메이트,ko,2.6558,2014-11-01,5.2,3
9,302699,Central Intelligence,Central Intelligence,en,11.4301,2016-06-15,6.414,6490
10,299054,Expend4bles,Expend4bles,en,18.0845,2023-09-15,6.037,1965
11,297189,Persona3 THE MOVIE #2 Midsummer Knight's Dream,PERSONA3 THE MOVIE —#2 Midsummer Knight's Dream—,ja,3.6795,2014-06-07,7.2,49
12,285923,Grindhouse,Grindhouse,en,6.8139,2007-04-06,7.0,1937
13,285151,"Looney Tunes Golden Collection, Vol. 2","Looney Tunes Golden Collection, Vol. 2",en,0.5818,2004-11-01,9.3,9
14,278154,Ice Age: Collision Course,Ice Age: Collision Course,en,27.9179,2016-06-23,6.123,4982
15,276902,Cut Bank,Cut Bank,en,4.3127,2014-10-04,5.785,369
16,270946,Penguins of Madagascar,Penguins of Madagascar,en,27.0369,2014-11-22,6.547,4579
17,260346,Taken 3,Taken 3,en,20.2619,2014-12-16,6.268,6286
18,251519,Son of Batman,Son of Batman,en,6.8364,2014-05-13,7.086,1179
19,227783,The Nut Job,The Nut Job,en,9.1378,2014-01-17,5.917,1069
0,431562,LEGO Frozen Northern Lights,LEGO Frozen Northern Lights,en,3.2494,2017-01-05,6.5,100
1,423899,Victoria & Abdul,Victoria & Abdul,en,6.8305,2017-09-13,6.9,1229
2,417384,Scary Stories to Tell in the Dark,Scary Stories to Tell in the Dark,en,14.3137,2019-08-08,6.489,2927
3,411840,Surf's Up 2: WaveMania,Surf's Up 2: WaveMania,en,8.6711,2017-01-26,5.9,309
4,403119,47 Meters Down,47 Meters Down,en,6.9511,2017-05-25,5.8,2907
5,399404,Darkest Hour,Darkest Hour,en,13.9214,2017-11-22,7.355,5644
6,397243,The Autopsy of Jane Doe,The Autopsy of Jane Doe,en,14.5044,2016-12-21,6.844,4886
7,374475,Toni Erdmann,Toni Erdmann,de,5.0235,2016-07-14,6.95,1122
8,365222,Ip Man 3,葉問3,cn,6.0436,2015-12-24,7.032,1976
9,360055,Riot,Riot,en,3.9973,2015-09-27,5.6,196
10,346672,Underworld: Blood Wars,Underworld: Blood Wars,en,11.9399,2016-11-24,5.925,4019
11,323373,Deathgasm,Deathgasm,en,3.8716,2015-08-28,6.25,665
12,300602,Capture the Flag,Atrapa la bandera,es,3.7054,2015-08-28,6.084,262
13,295964,Burnt,Burnt,en,10.7928,2015-10-02,6.525,3634
14,287649,Scarlet Innocence,마담 뺑덕,ko,9.9689,2014-10-02,6.1,71
15,285783,The Walk,The Walk,en,11.9683,2015-09-30,6.99,3450
16,283366,Miss Peregrine's Home for Peculiar Children,Miss Peregrine's Home for Peculiar Children,en,18.206,2016-09-28,6.841,10622
17,257344,Pixels,Pixels,en,23.5697,2015-07-16,5.789,8202
18,242224,The Babadook,The Babadook,en,9.9037,2014-05-22,6.5,6558
19,233063,Suck Me Shakespeer,Fack ju Göhte,de,7.6653,2013-11-07,6.999,1789
0,10894,May,May,en,3.5101,2003-04-11,6.6,741
1,10731,The Client,The Client,en,13.0872,1994-07-20,6.691,1437
2,10720,Down with Love,Down with Love,en,7.1571,2003-05-08,6.128,810
3,10622,Mr. Nice Guy,一個好人,cn,7.5423,1997-01-31,6.559,784
4,10549,Hamlet,Hamlet,en,7.5724,1996-12-25,7.309,528
5,10545,The Hunchback of Notre Dame,The Hunchback of Notre Dame,en,16.7724,1996-06-21,7.1,5477
6,10483,Death Race,Death Race,en,17.6585,2008-08-22,6.32,4263
7,10404,Raise the Red Lantern,大红灯笼高高挂,zh,6.1754,1991-12-18,7.914,820
8,10354,True Crime,True Crime,en,6.3093,1999-03-19,6.515,884
9,10285,Jason Goes to Hell: The Final Friday,Jason Goes to Hell: The Final Friday,en,6.6792,1993-08-13,4.584,1138
10,10163,The Lawnmower Man,The Lawnmower Man,en,7.4086,1992-03-05,5.644,875
11,10159,The Rundown,The Rundown,en,11.0202,2003-09-26,6.449,2241
12,10157,Police Academy 2: Their First Assignment,Police Academy 2: Their First Assignment,en,8.2871,1985-03-28,6.1,1782
13,9994,The Great Mouse Detective,The Great Mouse Detective,en,11.598,1986-07-02,7.048,1842
14,9978,Stormbreaker,Stormbreaker,en,5.7166,2006-07-21,5.23,688
15,9972,Lock Up,Lock Up,en,6.6329,1989-08-04,6.799,1367
16,9962,The Good Girl,The Good Girl,en,6.0339,2002-08-07,6.233,699
17,9900,Grandma's Boy,Grandma's Boy,en,6.5177,2006-01-06,6.528,772
18,9769,Lolita,Lolita,en,17.9359,1997-09-27,7.1,2038
19,9697,Lady in the Water,Lady in the Water,en,7.6493,2006-07-19,5.561,1541
0,9691,Assassins,Assassins,en,9.6984,1995-10-06,6.496,1775
1,9678,Little Nicky,Little Nicky,en,8.7492,2000-11-10,5.838,2043
2,9673,Voll Normaaal,Voll Normaaal,de,1.5822,1994-11-10,5.342,76
3,9606,Metropolis,メトロポリス,ja,6.2071,2001-05-26,7.153,581
4,9576,Tootsie,Tootsie,en,6.1767,1982-12-17,7.208,1977
5,9517,Bully,Bully,en,5.0059,2001-06-15,6.7,571
6,9516,Menace II Society,Menace II Society,en,6.7386,1993-05-26,7.519,952
7,9428,The Royal Tenenbaums,The Royal Tenenbaums,en,9.629,2001-10-05,7.456,5194
8,9427,The Full Monty,The Full Monty,en,7.127,1997-08-13,7.002,1852
9,9398,Zoolander,Zoolander,en,9.9857,2001-09-28,6.233,5088
10,9081,Waking Life,Waking Life,en,4.1806,2001-10-19,7.481,983
11,9062,Love Story,Love Story,en,4.9628,1970-12-16,6.812,759
12,9013,Midnight Run,Midnight Run,en,6.8786,1988-07-20,7.188,1339
13,9012,Jackass: The Movie,Jackass: The Movie,en,8.7015,2002-10-25,6.336,1821
14,8649,Bringing Out the Dead,Bringing Out the Dead,en,7.2304,1999-10-22,6.601,1278
15,8398,The Hitcher,The Hitcher,en,6.1657,2007-01-19,5.904,1026
16,8333,The Taking of Pelham One Two Three,The Taking of Pelham One Two Three,en,4.6626,1974-10-02,7.459,655
17,8130,Desperately Seeking Susan,Desperately Seeking Susan,en,4.9082,1985-03-29,6.076,536
18,5919,The Towering Inferno,The Towering Inferno,en,8.22,1974-12-14,7.005,1079
19,5910,Fireworks,HANA-BI,ja,5.3447,1997-10-30,7.672,805
0,10385,Hanging Up,Hanging Up,en,4.6958,2000-02-16,5.282,190
1,10339,Moby Dick,Moby Dick,en,5.1439,1956-06-27,7.054,488
2,10326,Forever Young,Forever Young,en,6.8909,1992-12-16,6.507,1002
3,10314,She's All That,She's All That,en,10.0927,1999-01-29,6.345,2322
4,10166,The Witches,The Witches,en,8.9078,1990-05-25,6.97,1418
5,10066,House of Wax,House of Wax,en,11.49,2005-05-05,6.043,3451
6,9991,Mean Machine,Mean Machine,en,5.2637,2001-12-26,6.3,657
7,9820,The Parent Trap,The Parent Trap,en,29.889,1998-07-28,7.214,4652
8,9767,The Break-Up,The Break-Up,en,11.7236,2006-06-01,5.905,2903
9,9574,Flubber,Flubber,en,9.7825,1997-11-26,5.675,2637
10,9543,Prince of Persia: The Sands of Time,Prince of Persia: The Sands of Time,en,15.1523,2010-05-19,6.313,7330
11,9056,Police Story,警察故事,cn,7.5116,1985-12-14,7.6,1099
12,8916,Antz,Antz,en,12.8301,1998-10-02,6.191,4853
13,8382,Today You Die,Today You Die,en,3.1625,2005-09-13,4.358,127
14,8007,Behind Enemy Lines,Behind Enemy Lines,en,10.4525,2001-11-30,6.454,1714
15,7281,The Trixxer,Der Wixxer,de,3.116,2004-05-20,6.354,239
16,7214,Coach Carter,Coach Carter,en,12.8524,2005-01-14,7.586,3401
17,6399,Who Finds a Friend Finds a Treasure,Chi trova un amico trova un tesoro,it,3.7184,1981-12-09,6.9,698
18,5123,August Rush,August Rush,en,9.664,2007-11-21,7.43,2896
19,4985,The Longest Yard,The Longest Yard,en,7.873,1974-08-21,6.748,337
0,1717,All the King's Men,All the King's Men,en,5.5608,2006-09-10,5.759,344
1,1619,The Way of the Gun,The Way of the Gun,en,4.03,2000-09-08,6.371,517
2,1574,Chicago,Chicago,en,9.3682,2002-12-10,7.131,2983
3,1491,The Illusionist,The Illusionist,en,12.3491,2006-08-18,7.301,5476
4,1092,The Third Man,The Third Man,en,8.2993,1949-08-31,7.884,2175
5,1051,The French Connection,The French Connection,en,6.7527,1971-10-09,7.492,2206
6,902,The City of Lost Children,La Cité des enfants perdus,fr,6.3491,1995-05-17,7.247,1264
7,892,Delicatessen,Delicatessen,fr,5.0679,1991-04-17,7.314,1691
8,849,Krull,Krull,en,7.469,1983-07-29,6.061,647
9,823,Jin-Roh: The Wolf Brigade,人狼 JIN-ROH,ja,6.3235,1999-11-17,7.397,590
10,768,From Hell,From Hell,en,8.3353,2001-02-08,6.685,3087
11,746,The Last Emperor,The Last Emperor,en,13.5178,1987-10-04,7.59,1983
12,714,Tomorrow Never Dies,Tomorrow Never Dies,en,17.293,1997-12-11,6.389,3550
13,678,Out of the Past,Out of the Past,en,7.3258,1947-11-25,7.66,663
14,649,Belle de Jour,Belle de jour,fr,8.1155,1967-05-24,7.313,1040
15,624,Easy Rider,Easy Rider,en,9.1359,1969-06-26,7.046,2224
16,503,Poseidon,Poseidon,en,9.7751,2006-05-03,5.906,2398
17,475,Bonnie and Clyde,Bonnie and Clyde,en,11.5326,1967-08-13,7.49,1851
18,462,Erin Brockovich,Erin Brockovich,en,12.0966,2000-03-17,7.428,3760
19,438,Cube Zero,Cube Zero,en,3.9783,2004-10-10,5.657,1196
0,1205709,Hamlet,Hamlet,en,1.5478,2024-02-27,7.813,8
1,1189199,KIZUMONOGATARI -Koyomi Vamp-,傷物語 -こよみヴァンプ-,ja,2.9272,2024-01-12,7.143,7
2,1186023,Don't Turn Out the Lights,Don't Turn Out the Lights,en,1.5603,2024-07-12,4.415,53
3,1174481,The 47,El 47,ca,3.0296,2024-09-06,7.427,150
4,1160025,Naga,ناقة,ar,2.4327,2023-09-08,5.1,46
5,1120628,Hard Feelings,Hammerharte Jungs,de,6.3781,2023-05-24,5.816,187
6,1118224,Maharaja,மகாராஜா,ta,4.8333,2024-06-14,7.732,256
7,1103621,How to Make Millions Before Grandma Dies,หลานม่า,th,7.9348,2024-04-04,8.1,440
8,1094138,Jackpot!,Jackpot!,en,17.4459,2024-08-13,6.348,840
9,1088157,Godless: The Eastfield Exorcism,Godless: The Eastfield Exorcism,en,2.8676,2023-03-08,6.555,127
10,1084812,Aavesham,ആവേശം,ml,2.1702,2024-04-11,7.5,106
11,1079485,Winnie-the-Pooh: Blood and Honey 2,Winnie-the-Pooh: Blood and Honey 2,en,14.2023,2024-03-26,5.803,500
12,1075016,慾海雙艷,慾海雙艷,zh,4.0704,1995-08-16,4.3,3
13,1062807,SPY x FAMILY CODE: White,劇場版 SPY×FAMILY CODE: White,ja,9.9295,2023-12-22,7.213,682
14,1059572,New Dimension! Crayon Shin-chan the Movie: Battle of Supernatural Powers ~Flying Sushi~,しん次元！クレヨンしんちゃんTHE MOVIE 超能力大決戦 ～とべとべ手巻き寿司～,ja,4.438,2023-08-04,7.061,49
15,1056360,American Fiction,American Fiction,en,7.3618,2023-11-10,7.248,1437
16,1029446,Selina's Gold,Selina's Gold,tl,1.6522,2022-10-28,6.44,42
17,1029281,Strange Darling,Strange Darling,en,9.0136,2024-08-22,6.856,1032
18,1015724,Trick or Treat Scooby-Doo!,Trick or Treat Scooby-Doo!,en,6.4496,2022-10-04,6.947,217
19,1001835,Wifelike,Wifelike,en,10.8628,2022-08-12,6.56,350
0,579,Jaws 2,Jaws 2,en,9.1374,1978-06-16,6.04,2185
1,521,Dial M for Murder,Dial M for Murder,en,8.8209,1954-05-29,8.002,2947
2,397,French Kiss,French Kiss,en,6.4669,1995-05-05,6.487,821
3,326,Snakes on a Plane,Snakes on a Plane,en,8.9765,2006-08-17,5.48,2053
4,229,Bride of Frankenstein,Bride of Frankenstein,en,6.9582,1935-04-20,7.502,1140
5,227,The Outsiders,The Outsiders,en,11.9398,1983-03-25,7.2,1613
6,88,Dirty Dancing,Dirty Dancing,en,18.7863,1987-08-21,7.32,6667
7,1538261,떡주는 당구장 알바녀 무편집,떡주는 당구장 알바녀 무편집,ko,26.4699,2022-05-06,0.0,0
8,1319504,Boot Camp,Boot Camp,en,8.7462,2024-08-02,6.1,60
9,1269799,Quiero que me mantengan,Quiero que me mantengan,es,1.6549,2024-04-05,8.0,3
10,1185851,Welcome to Demon School! Iruma-kun THE STAGE,『魔入りました！入間くん』THE STAGE,ja,1.345,2023-10-04,0.0,0
11,1160018,KILL,KILL,hi,6.2824,2024-07-03,7.16,537
12,1130405,Give a Little Beat,La Famille Hennedricks,fr,1.4936,2024-06-26,5.6,61
13,1032948,V/H/S/85,V/H/S/85,en,3.5278,2023-11-23,5.8,189
14,1010928,Wingwomen,Voleuses,fr,6.1193,2023-11-01,6.126,526
15,1010600,The Strangers: Chapter 1,The Strangers: Chapter 1,en,12.6915,2024-05-15,5.7,834
16,988402,Humanist Vampire Seeking Consenting Suicidal Person,Vampire humaniste cherche suicidaire consentant,fr,8.1263,2023-10-13,7.438,418
17,925102,The Night of the 12th,La Nuit du 12,fr,5.3492,2022-07-13,6.921,798
18,881164,Boston Strangler,Boston Strangler,en,10.8417,2023-03-16,6.631,876
19,869760,Hanu-Man,హను-మాన్,te,2.5613,2024-01-11,6.477,43
0,826113,Alone Together,Alone Together,en,3.9821,2022-07-22,5.098,61
1,823951,November,Novembre,fr,2.9409,2022-10-05,7.04,901
2,816904,Mummies,Momias,es,10.8885,2023-01-05,6.929,517
3,814776,Bottoms,Bottoms,en,8.1263,2023-08-25,6.751,921
4,813477,Shin Kamen Rider,シン・仮面ライダー,ja,4.0181,2023-03-17,6.96,315
5,813208,Ready O/R Knot,不日成婚,cn,1.2571,2021-04-01,7.0,6
6,809140,Father Stu,Father Stu,en,12.6752,2022-04-13,7.1,760
7,804150,Cocaine Bear,Cocaine Bear,en,15.6217,2023-02-22,5.986,2532
8,801913,Sharp Stick,Sharp Stick,en,5.1896,2022-07-29,4.894,52
9,799546,Luckiest Girl Alive,Luckiest Girl Alive,en,4.6967,2022-09-30,6.494,960
10,795514,The Fallout,The Fallout,en,10.0463,2021-03-17,7.5,1335
11,793823,Das Glaszimmer,Das Glaszimmer,de,2.3367,2020-10-12,6.0,2
12,788944,Atithi Bhooto Bhava,अतिथि भूतो भव,hi,1.0937,2022-09-23,9.0,2
13,787723,13 Minutes,13 Minutes,en,10.1608,2021-10-29,5.806,307
14,787699,Wonka,Wonka,en,22.8805,2023-12-06,7.035,4558
15,785663,Old Henry,Old Henry,en,5.9707,2021-10-01,7.275,757
16,783675,The First Slam Dunk,THE FIRST SLAM DUNK,ja,8.4519,2022-12-03,7.764,566
17,779816,White Bird,White Bird,en,8.4616,2023-10-25,7.845,248
18,763788,Dangerous,Dangerous,en,5.3479,2021-11-05,5.983,528
19,762975,Purple Hearts,Purple Hearts,en,14.3065,2022-07-29,8.043,2943
0,218746,Young Mother,젊은 엄마,ko,5.9334,2013-07-31,5.0,20
1,194160,White Star,White Star,de,1.6046,1983-10-27,5.9,16
2,175112,Tinker Bell and the Pirate Fairy,Tinker Bell and the Pirate Fairy,en,9.1527,2014-02-13,6.981,1113
3,146238,Runner Runner,Runner Runner,en,9.735,2013-09-24,5.634,1340
4,121986,Frances Ha,Frances Ha,en,5.6837,2013-05-17,7.331,1865
5,120653,Zee and Co.,Zee and Co.,en,1.6056,1972-01-21,5.7,29
6,100271,A Letter to Momo,ももへの手紙,ja,4.5079,2012-04-21,7.351,415
7,97787,Digimon Adventure,映画 デジモンアドベンチャー,ja,3.372,1999-03-06,7.6,96
8,87428,That's My Boy,That's My Boy,en,14.102,2012-06-14,5.821,2203
9,86838,Seven Psychopaths,Seven Psychopaths,en,10.7148,2012-10-12,6.818,4411
10,77948,The Cold Light of Day,The Cold Light of Day,en,4.7214,2012-04-04,5.373,1008
11,74997,The Human Centipede 2 (Full Sequence),The Human Centipede 2 (Full Sequence),en,17.0952,2011-10-06,4.76,1491
12,72559,G.I. Joe: Retaliation,G.I. Joe: Retaliation,en,13.0762,2013-03-27,5.7,5877
13,64222,Marriage Is a Crazy Thing,"결혼은, 미친 짓이다",ko,2.914,2002-04-26,6.663,40
14,60308,Moneyball,Moneyball,en,12.2613,2011-09-23,7.299,5989
15,56292,Mission: Impossible - Ghost Protocol,Mission: Impossible - Ghost Protocol,en,23.9989,2011-12-07,7.117,11009
16,48750,Les Miserables,Les Misérables,fr,2.0908,1995-03-22,6.6,87
17,47931,Elite Squad: The Enemy Within,Tropa de Elite 2,pt,7.8051,2010-10-08,7.852,2109
18,46315,Valerie and Her Week of Wonders,Valerie a týden divů,cs,3.9624,1970-10-16,6.986,321
19,41436,Paranormal Activity 2,Paranormal Activity 2,en,6.8235,2010-10-20,5.807,2700
0,621013,Chemical Hearts,Chemical Hearts,en,6.1009,2020-08-21,7.297,1170
1,619979,Deep Water,Deep Water,en,14.3595,2022-03-17,5.829,1715
2,619803,The Roundup,범죄도시 2,ko,12.7185,2022-05-18,7.335,464
3,619523,Garden of the Sleepwalkers,O Bosque dos Sonâmbulos,pt,1.257,2017-12-20,6.909,11
4,615210,Peitruss,Peitruss,en,2.6201,2019-10-23,5.5,1
5,615173,The Witch: Part 2. The Other One,마녀 2,ko,12.8176,2022-06-15,7.44,480
6,611808,Small Country: An African Childhood,Petit Pays,fr,3.3521,2020-08-26,7.2,166
7,609972,Paranormal Activity: Next of Kin,Paranormal Activity: Next of Kin,en,8.3172,2021-10-29,6.137,799
8,608195,Ghosts of War,Ghosts of War,en,5.3667,2020-07-03,6.241,597
9,606802,Shusenjo: The Main Battleground of the Comfort Women Issue,Shusenjo: The Main Battleground of the Comfort Women Issue,en,1.2551,2019-07-25,7.4,7
10,602223,The Forever Purge,The Forever Purge,en,15.3084,2021-06-30,6.9,2735
11,601666,I Care a Lot,I Care a Lot,en,11.0229,2021-02-19,6.571,3072
12,597856,Critters Attack!,Critters Attack!,en,3.8061,2020-11-06,5.948,154
13,597208,Nightmare Alley,Nightmare Alley,en,14.0694,2021-12-02,6.94,3490
14,595975,La Belle Époque,La Belle Époque,fr,6.0357,2019-11-06,7.36,1086
15,592984,Hillbilly Elegy,Hillbilly Elegy,en,4.8807,2020-11-09,6.668,1051
16,591538,The Tragedy of Macbeth,The Tragedy of Macbeth,en,10.1296,2021-12-05,6.916,903
17,586810,Mars Express,Mars Express,fr,6.136,2023-11-22,7.466,587
18,583083,The Kissing Booth 2,The Kissing Booth 2,en,8.3125,2020-07-24,7.597,5171
19,581644,The Misfits,The Misfits,en,9.6868,2021-06-03,5.435,535
0,45450,Royal Warriors,皇家戰士,cn,3.3823,1986-06-26,7.108,74
1,44003,The Great Journey,Le Grand Voyage,fr,1.2071,2004-11-09,6.736,36
2,38940,Men of War,Men of War,en,3.3878,1994-09-03,5.209,110
3,36243,"Godzilla, Mothra and King Ghidorah: Giant Monsters All-Out Attack",ゴジラ・モスラ・キングギドラ大怪獣総進撃,ja,3.3557,2001-12-15,7.495,297
4,34636,The NeverEnding Story II: The Next Chapter,Die unendliche Geschichte II - Auf der Suche nach Phantásien,de,6.2231,1990-10-25,5.781,909
5,31414,Satantango,Sátántangó,hu,5.925,1994-04-28,8.05,323
6,31037,MacArthur,MacArthur,en,3.6415,1977-07-15,6.237,97
7,28893,Galaxy of Terror,Galaxy of Terror,en,4.1907,1981-10-01,5.262,267
8,27324,Pulse,回路,ja,5.5758,2001-02-03,6.709,718
9,25838,Devils on the Doorstep,鬼子来了,zh,3.803,2001-10-26,8.203,195
10,22787,Whiteout,Whiteout,en,7.0138,2009-09-09,5.612,878
11,21575,A Prophet,Un prophète,fr,6.0653,2009-08-26,7.56,1782
12,21032,Balto,Balto,en,8.1676,1995-12-22,7.339,2258
13,19673,Sexmission,Seksmisja,pl,5.4399,1984-05-13,7.2,343
14,18111,Bride of Re-Animator,Bride of Re-Animator,en,3.3545,1990-09-01,6.4,512
15,17335,Obsessed,Obsessed,en,7.5307,2009-02-26,5.763,719
16,16657,Protégé,門徒,cn,3.3501,2007-02-13,6.8,120
17,15613,Fire in the Sky,Fire in the Sky,en,6.7311,1993-03-12,6.682,741
18,15152,"OSS 117: Cairo, Nest of Spies","OSS 117 : Le Caire, nid d'espions",fr,4.7152,2006-04-19,7.2,1900
19,14207,The Librarian: Quest for the Spear,The Librarian: Quest for the Spear,en,7.044,2004-07-12,6.3,727
0,13754,Tekkonkinkreet,鉄コン筋クリート,ja,4.2198,2006-12-23,7.388,447
1,13700,Home on the Range,Home on the Range,en,13.0907,2004-04-02,6.066,2211
2,13474,P2,P2,en,4.3511,2007-11-09,6.225,956
3,13417,Kronk's New Groove,Kronk's New Groove,en,8.8276,2005-12-05,6.4,1382
4,13398,Tokyo Godfathers,東京ゴッドファーザーズ,ja,6.173,2003-12-05,7.928,1569
5,13378,Mickey's Twice Upon a Christmas,Mickey's Twice Upon a Christmas,en,9.4603,2004-11-09,7.0,491
6,13056,Punisher: War Zone,Punisher: War Zone,en,10.8935,2008-12-05,5.885,1374
7,12651,Memphis Belle,Memphis Belle,en,4.8275,1990-09-07,6.751,453
8,12614,Victor/Victoria,Victor/Victoria,en,5.7307,1982-04-25,7.273,465
9,12335,Bedknobs and Broomsticks,Bedknobs and Broomsticks,en,5.49,1971-10-07,7.044,1050
10,11980,The Prophecy,The Prophecy,en,6.0536,1995-08-05,6.506,583
11,11859,Fair Game,Fair Game,en,4.8528,1995-11-03,5.205,349
12,11661,Joyeux Noel,Joyeux Noël,fr,3.8243,2005-11-09,7.35,952
13,11615,The Life of David Gale,The Life of David Gale,en,7.9137,2003-02-21,7.432,2254
14,11397,Not Another Teen Movie,Not Another Teen Movie,en,11.7893,2001-12-07,5.823,2372
15,11361,Halloween 5: The Revenge of Michael Myers,Halloween 5: The Revenge of Michael Myers,en,9.9313,1989-10-12,5.309,1379
16,11231,The Next Karate Kid,The Next Karate Kid,en,11.349,1994-07-18,5.392,1209
17,11074,Striking Distance,Striking Distance,en,8.3779,1993-09-17,5.929,992
18,11009,Saturday Night Fever,Saturday Night Fever,en,8.0001,1977-12-16,6.735,2146
19,10890,Stripes,Stripes,en,7.7934,1981-06-26,6.567,1073
0,6957,The 40 Year-Old Virgin,The 40 Year-Old Virgin,en,15.8841,2005-08-11,6.429,7428
1,6878,Homeward Bound: The Incredible Journey,Homeward Bound: The Incredible Journey,en,6.7257,1993-02-03,7.0,1152
2,5902,A Bridge Too Far,A Bridge Too Far,en,8.5348,1977-06-15,7.198,974
3,5511,Le Samouraï,Le Samouraï,fr,9.0231,1967-10-25,7.782,1304
4,4970,Gothika,Gothika,en,6.7218,2003-11-21,6.156,2622
5,4599,Raising Helen,Raising Helen,en,5.305,2004-05-27,6.151,715
6,4551,Be Cool,Be Cool,en,7.6508,2005-03-04,5.461,1003
7,4254,Kal Ho Naa Ho,कल हो ना हो,hi,3.5915,2003-11-27,7.467,458
8,4241,Visitor Q,ビジターQ,ja,4.7619,2001-03-17,6.3,561
9,2323,Field of Dreams,Field of Dreams,en,8.1251,1989-04-21,7.116,1752
10,2011,Persepolis,Persepolis,fr,4.526,2007-06-27,7.878,2245
11,1989,My Blueberry Nights,藍莓之夜,cn,4.1746,2007-11-28,6.4,868
12,1542,Office Space,Office Space,en,9.8201,1999-02-19,7.386,3527
13,962,The Gold Rush,The Gold Rush,en,8.3363,1925-07-13,7.964,1898
14,639,When Harry Met Sally...,When Harry Met Sally...,en,13.5403,1989-07-12,7.406,4741
15,596,The Grapes of Wrath,The Grapes of Wrath,en,6.6351,1940-03-15,7.803,1145
16,579,Jaws 2,Jaws 2,en,9.1374,1978-06-16,6.04,2185
17,521,Dial M for Murder,Dial M for Murder,en,8.8209,1954-05-29,8.002,2947
18,397,French Kiss,French Kiss,en,6.4669,1995-05-05,6.487,821
19,326,Snakes on a Plane,Snakes on a Plane,en,8.9765,2006-08-17,5.48,2053
0,9574,Flubber,Flubber,en,9.7825,1997-11-26,5.676,2638
1,9543,Prince of Persia: The Sands of Time,Prince of Persia: The Sands of Time,en,15.1523,2010-05-19,6.313,7331
2,9056,Police Story,警察故事,cn,7.5116,1985-12-14,7.56,1100
3,8856,The Karate Kid Part II,The Karate Kid Part II,en,9.9627,1986-06-18,6.348,2568
4,8382,Today You Die,Today You Die,en,3.1625,2005-09-13,4.358,127
5,8007,Behind Enemy Lines,Behind Enemy Lines,en,10.4525,2001-11-30,6.454,1714
6,7281,The Trixxer,Der Wixxer,de,3.116,2004-05-20,6.354,239
7,7214,Coach Carter,Coach Carter,en,12.8524,2005-01-14,7.586,3401
8,6399,Who Finds a Friend Finds a Treasure,Chi trova un amico trova un tesoro,it,3.7184,1981-12-09,6.9,698
9,5123,August Rush,August Rush,en,9.664,2007-11-21,7.43,2896
10,4985,The Longest Yard,The Longest Yard,en,7.873,1974-08-21,6.748,337
11,3763,Onibaba,鬼婆,ja,4.0533,1964-11-21,7.682,503
12,2959,License to Wed,License to Wed,en,6.8806,2007-07-04,5.692,947
13,2665,Airplane II: The Sequel,Airplane II: The Sequel,en,7.7599,1982-12-10,6.082,1307
14,2122,The Whole Ten Yards,The Whole Ten Yards,en,7.6289,2004-04-07,5.742,1060
15,2046,The Gift,The Gift,en,7.8783,2000-12-22,6.489,1445
16,1992,Planet Terror,Planet Terror,en,12.771,2007-04-06,6.69,3963
17,1587,What's Eating Gilbert Grape,What's Eating Gilbert Grape,en,11.4311,1993-12-17,7.657,4386
18,1165,The Queen,The Queen,en,7.5583,2006-09-15,6.942,1465
19,993,Sleuth,Sleuth,en,4.642,1972-12-10,7.698,749
0,338766,Hell or High Water,Hell or High Water,en,14.0113,2016-08-11,7.305,5000
1,338762,Bloodshot,Bloodshot,en,7.454,2020-03-05,6.671,5353
2,334524,Gold,Gold,en,8.8141,2016-02-03,6.627,1796
3,333669,Bastille Day,Bastille Day,en,10.5919,2016-04-22,6.317,1569
4,324670,Spectral,Spectral,en,7.8775,2016-12-09,6.573,2104
5,323661,Mune: Guardian of the Moon,"Mune, le gardien de la lune",fr,6.5485,2015-02-05,7.326,622
6,321258,The Boy,The Boy,en,8.8435,2016-01-22,5.976,4018
7,320956,The Cuckold,The Cuckold,en,5.807,2009-08-11,3.5,8
8,317442,The Last: Naruto the Movie,THE LAST -NARUTO THE MOVIE-,ja,11.4888,2014-12-06,7.475,2425
9,316727,The Purge: Election Year,The Purge: Election Year,en,13.9438,2016-06-29,6.379,5587
10,316023,Mike and Dave Need Wedding Dates,Mike and Dave Need Wedding Dates,en,6.3954,2016-07-07,6.044,2665
11,304372,The Perfect Guy,The Perfect Guy,en,3.7422,2015-09-11,5.737,344
12,303858,Money Monster,Money Monster,en,15.7757,2016-05-12,6.4,3201
13,303857,Dragon Ball Z: Resurrection 'F',ドラゴンボールZ 復活の「F」,ja,9.7725,2015-04-18,6.9,2077
14,300669,Don't Breathe,Don't Breathe,en,14.531,2016-06-08,7.019,8149
15,297556,Justice League: Throne of Atlantis,Justice League: Throne of Atlantis,en,7.4425,2015-01-13,6.968,1020
16,296065,Last Shift,Last Shift,en,4.6133,2014-10-25,6.269,748
17,290595,The Huntsman: Winter's War,The Huntsman: Winter's War,en,12.4913,2016-04-06,6.295,5122
18,287948,The Transporter Refueled,The Transporter Refueled,en,11.9618,2015-09-02,5.506,1635
19,284279,Burning,Børning,no,3.5033,2014-08-13,6.4,110
0,339692,Shot Caller,Shot Caller,en,11.6961,2017-07-07,7.0,2298
1,336026,Little Forest: Winter/Spring,リトル・フォレスト 冬・春,ja,1.841,2015-01-28,7.808,107
2,335360,My Little Pony: The Movie,My Little Pony: The Movie,en,13.4757,2017-10-05,7.29,435
3,332210,Storks,Storks,en,9.1716,2016-09-22,6.7,2578
4,308610,Healing Mate,힐링 메이트,ko,2.6558,2014-11-01,5.2,3
5,302699,Central Intelligence,Central Intelligence,en,11.4301,2016-06-15,6.414,6490
6,297189,Persona3 THE MOVIE #2 Midsummer Knight's Dream,PERSONA3 THE MOVIE —#2 Midsummer Knight's Dream—,ja,3.6795,2014-06-07,7.2,49
7,285923,Grindhouse,Grindhouse,en,6.8139,2007-04-06,7.0,1937
8,285151,"Looney Tunes Golden Collection, Vol. 2","Looney Tunes Golden Collection, Vol. 2",en,0.5818,2004-11-01,9.3,9
9,278154,Ice Age: Collision Course,Ice Age: Collision Course,en,27.9179,2016-06-23,6.123,4983
10,276902,Cut Bank,Cut Bank,en,4.3127,2014-10-04,5.785,369
11,270946,Penguins of Madagascar,Penguins of Madagascar,en,27.0369,2014-11-22,6.547,4579
12,266856,The Theory of Everything,The Theory of Everything,en,12.8647,2014-11-07,7.823,11267
13,251519,Son of Batman,Son of Batman,en,6.8364,2014-05-13,7.086,1179
14,227783,The Nut Job,The Nut Job,en,9.1378,2014-01-17,5.917,1069
15,223702,Sausage Party,Sausage Party,en,14.2862,2016-07-11,5.75,7848
16,221912,Raped by an Angel 4: The Rapist's Union,强奸终极篇之最后羔羊,cn,1.9658,1999-01-17,6.1,22
17,212153,Persona3 THE MOVIE #1 Spring of Birth,PERSONA3 THE MOVIE —#1 Spring of Birth—,ja,4.1935,2013-11-23,7.174,72
18,184345,A Haunted House 2,A Haunted House 2,en,12.0841,2014-04-17,6.194,1630
19,157433,Pet Sematary,Pet Sematary,en,12.9935,2019-04-04,5.737,3503
0,193551,All of a Sudden,驚變,cn,5.1147,1996-06-14,6.04,25
1,192136,Mandela: Long Walk to Freedom,Mandela: Long Walk to Freedom,en,4.5136,2013-11-28,6.9,590
2,188161,A Million Ways to Die in the West,A Million Ways to Die in the West,en,15.252,2014-05-22,6.052,4519
3,184219,Pee Mak,พี่มาก..พระโขนง,th,3.2207,2013-03-28,7.207,140
4,180863,T2 Trainspotting,T2 Trainspotting,en,10.5628,2017-01-27,6.935,3447
5,172391,Khumba,Khumba,en,6.0241,2013-07-18,6.022,278
6,171424,The Green Inferno,The Green Inferno,en,7.9712,2014-09-04,5.745,1635
7,169881,The Physician,The Physician,en,10.3261,2013-12-25,7.341,1221
8,167575,Hatchet III,Hatchet III,en,3.6716,2013-06-14,5.667,395
9,160588,Blue Jasmine,Blue Jasmine,en,9.2405,2013-08-01,6.982,3731
10,159897,Man Walking Around a Corner,Man Walking Around a Corner,xx,1.2682,1887-08-18,5.0,96
11,159121,Paulette,Paulette,fr,3.6644,2012-10-04,6.452,425
12,158445,Miracle in Cell No. 7,7번방의 선물,ko,4.9184,2013-01-23,7.885,508
13,157547,Oculus,Oculus,en,7.8246,2014-04-03,6.499,3287
14,156717,Death Race: Inferno,Death Race: Inferno,en,9.5257,2013-01-04,5.876,853
15,156062,Easy Rider: The Ride Back,Easy Rider: The Ride Back,en,1.5768,2012-02-25,4.0,21
16,147773,The Way Way Back,The Way Way Back,en,6.824,2013-06-06,7.13,2005
17,145135,Dark Skies,Dark Skies,en,7.6962,2013-02-21,6.376,2029
18,140378,Trilogy of Lust II,血戀II,cn,2.4524,1996-10-29,4.9,15
19,137116,Smurfs: The Lost Village,Smurfs: The Lost Village,en,12.9508,2017-03-23,6.363,1592
0,127183,Psychotica,Psychotica,de,1.6248,2006-06-04,3.1,5
1,126963,Dragon Ball Z: Battle of Gods,ドラゴンボールZ 神と神,ja,11.6014,2013-03-30,6.851,1689
2,123025,"Batman: The Dark Knight Returns, Part 1","Batman: The Dark Knight Returns, Part 1",en,7.5246,2012-09-25,7.741,1742
3,121856,Assassin's Creed,Assassin's Creed,en,9.1586,2016-12-21,5.446,8252
4,119698,The Dinosaur Project,The Dinosaur Project,en,2.9355,2012-08-09,5.807,345
5,116776,Dragon Ball: Mystical Adventure,ドラゴンボール 魔訶不思議大冒険,ja,3.6256,1988-07-09,6.676,315
6,115782,Jobs,Jobs,en,7.8171,2013-08-15,6.128,2659
7,111972,Hibla,Hibla,tl,5.2632,2002-11-13,4.1,8
8,111934,Concrete,コンクリート,ja,4.8702,2004-02-11,5.0,34
9,109689,I Want You,Tengo ganas de ti,es,10.8336,2012-06-22,7.46,1985
10,109099,Passion,Passion,en,6.0586,2013-02-13,5.216,464
11,105077,Battlestar Galactica: The Plan,Battlestar Galactica: The Plan,en,4.6945,2009-10-27,6.717,500
12,105001,Iceman,冰封俠：重生之門,cn,3.2535,2014-04-17,5.6,222
13,100592,The Hand,Ruka,cs,2.2589,1965-10-26,7.4,84
14,89231,The Chief of Chukotka,Начальник Чукотки,ru,1.2784,1967-04-17,5.9,21
15,86628,L'Américain,L'Américain,fr,4.0217,2004-07-07,2.976,21
16,85877,The 33D Invader,蜜桃成熟時33D,cn,10.1321,2011-10-06,5.606,33
17,82654,Warm Bodies,Warm Bodies,en,7.9735,2013-01-31,6.5,6488
18,81424,The Cat Came Back,The Cat Came Back,en,1.3947,1988-06-22,7.12,75
19,74187,Evil Thoughts,Cattivi pensieri,it,1.6505,1976-10-26,5.533,15
0,17185,Advise & Consent,Advise & Consent,en,3.8123,1962-06-06,7.198,126
1,16657,Protégé,門徒,cn,3.3501,2007-02-13,6.8,120
2,15613,Fire in the Sky,Fire in the Sky,en,6.7311,1993-03-12,6.682,741
3,15152,"OSS 117: Cairo, Nest of Spies","OSS 117 : Le Caire, nid d'espions",fr,4.7152,2006-04-19,7.2,1900
4,14207,The Librarian: Quest for the Spear,The Librarian: Quest for the Spear,en,7.044,2004-07-12,6.3,727
5,13700,Home on the Range,Home on the Range,en,13.0907,2004-04-02,6.066,2211
6,13474,P2,P2,en,4.3511,2007-11-09,6.225,956
7,13417,Kronk's New Groove,Kronk's New Groove,en,8.8276,2005-12-05,6.4,1382
8,13378,Mickey's Twice Upon a Christmas,Mickey's Twice Upon a Christmas,en,9.4603,2004-11-09,7.0,491
9,13056,Punisher: War Zone,Punisher: War Zone,en,10.8935,2008-12-05,5.885,1374
10,12651,Memphis Belle,Memphis Belle,en,4.8275,1990-09-07,6.751,453
11,12614,Victor/Victoria,Victor/Victoria,en,5.7307,1982-04-25,7.273,465
12,12335,Bedknobs and Broomsticks,Bedknobs and Broomsticks,en,5.49,1971-10-07,7.044,1050
13,11859,Fair Game,Fair Game,en,4.8528,1995-11-03,5.205,349
14,11775,Intolerable Cruelty,Intolerable Cruelty,en,8.0685,2003-10-10,5.964,1714
15,11661,Joyeux Noel,Joyeux Noël,fr,3.8243,2005-11-09,7.35,952
16,11615,The Life of David Gale,The Life of David Gale,en,7.9137,2003-02-21,7.432,2254
17,11397,Not Another Teen Movie,Not Another Teen Movie,en,11.7893,2001-12-07,5.823,2372
18,11361,Halloween 5: The Revenge of Michael Myers,Halloween 5: The Revenge of Michael Myers,en,9.9313,1989-10-12,5.309,1379
19,11074,Striking Distance,Striking Distance,en,8.3779,1993-09-17,5.929,992
0,11009,Saturday Night Fever,Saturday Night Fever,en,8.0001,1977-12-16,6.735,2146
1,10890,Stripes,Stripes,en,7.7934,1981-06-26,6.567,1073
2,10877,Exit Wounds,Exit Wounds,en,7.9765,2001-03-16,5.931,604
3,10851,Revolver,Revolver,en,5.4803,2005-09-11,6.36,1619
4,10760,Sydney White,Sydney White,en,5.3378,2007-09-21,6.459,1127
5,10724,Firefox,Firefox,en,6.2566,1982-06-18,6.1,645
6,10679,Iron Sky,Iron Sky,en,6.359,2012-04-04,5.748,1846
7,10669,Deliverance,Deliverance,en,7.6942,1972-08-18,7.316,1874
8,10466,The Money Pit,The Money Pit,en,9.3359,1986-03-26,6.518,1282
9,10414,The Mighty Ducks,The Mighty Ducks,en,5.4385,1992-10-02,6.607,1011
10,10385,Hanging Up,Hanging Up,en,4.6958,2000-02-16,5.282,190
11,10375,D-Tox,D-Tox,en,6.5984,2002-01-04,5.57,740
12,10339,Moby Dick,Moby Dick,en,5.1439,1956-06-27,7.054,488
13,10314,She's All That,She's All That,en,10.0927,1999-01-29,6.343,2323
14,10166,The Witches,The Witches,en,8.9078,1990-05-25,6.97,1418
15,10066,House of Wax,House of Wax,en,11.49,2005-05-05,6.043,3451
16,9991,Mean Machine,Mean Machine,en,5.2637,2001-12-26,6.3,657
17,9957,The Benchwarmers,The Benchwarmers,en,6.6884,2006-04-07,5.864,966
18,9870,Forgetting Sarah Marshall,Forgetting Sarah Marshall,en,9.8953,2008-04-17,6.508,3789
19,9820,The Parent Trap,The Parent Trap,en,29.889,1998-07-28,7.214,4652
0,565028,Candyman,Candyman,en,10.0111,2021-08-25,5.994,1834
1,552269,Joe Bell,Joe Bell,en,3.9507,2020-09-14,6.5,271
2,546822,Detective Conan: The Disappearance of Conan Edogawa - The Worst Two Days in History,名探偵コナン 江戸川コナン失踪事件 〜史上最悪の2日間〜,ja,5.5216,2015-01-30,7.05,40
3,542438,Bikini Inception,Bikini Inception,xx,1.563,2015-05-19,5.0,5
4,542178,"The French Dispatch of the Liberty, Kansas Evening Sun","The French Dispatch of the Liberty, Kansas Evening Sun",en,13.2887,2021-10-21,7.008,3092
5,537915,After,After,en,18.5397,2019-04-11,7.104,8570
6,536437,Hypnotic,Hypnotic,en,9.7472,2023-05-11,6.19,1559
7,522681,Escape Room,Escape Room,en,15.1442,2019-01-03,6.545,5169
8,521777,Good Boys,Good Boys,en,18.6862,2019-08-14,6.8,2069
9,519465,Queen of Hearts,Dronningen,da,13.1261,2019-03-27,6.911,393
10,518244,Scandalous Sex,Scandalous Sex,en,4.606,2004-01-01,6.9,104
11,517814,Capernaum,کفرناحوم,ar,8.0057,2018-09-20,8.15,2034
12,517582,Dirty Computer,Dirty Computer,en,2.1389,2018-04-23,7.1,54
13,512200,Jumanji: The Next Level,Jumanji: The Next Level,en,22.4308,2019-12-04,6.869,9606
14,509526,Aunt's Temptation,이모의 유혹,ko,3.2393,2018-03-02,7.3,3
15,508947,Turning Red,Turning Red,en,28.6494,2022-03-10,7.33,6043
16,508747,Us and Them,后来的我们,zh,4.0349,2018-04-28,7.537,177
17,508439,Onward,Onward,en,22.6576,2020-02-29,7.634,6699
18,507532,Finestkind,Finestkind,en,3.8353,2023-09-08,6.851,354
19,505945,Team Darryl,Team Darryl,en,3.7895,2018-02-20,6.163,202
0,38438,Buffet Froid,Buffet froid,fr,2.2674,1979-12-19,7.065,352
1,38317,Zookeeper,Zookeeper,en,6.5918,2011-07-06,5.446,1822
2,38142,5 Centimeters per Second,秒速5センチメートル,ja,6.8508,2007-03-03,7.3,2214
3,37933,Tales from Earthsea,ゲド戦記,ja,6.8583,2006-07-29,6.529,1538
4,37834,Knight and Day,Knight and Day,en,18.4181,2010-06-15,6.238,5036
5,37455,Police Python 357,Police Python 357,fr,2.4599,1976-03-31,6.701,102
6,37257,Witness for the Prosecution,Witness for the Prosecution,en,10.6334,1957-12-17,8.205,1766
7,37172,Athadu,అతడు,te,1.5897,2005-08-10,7.8,80
8,36657,X-Men,X-Men,en,1.3212,2000-07-13,7.023,12532
9,36218,Pokémon: Jirachi Wish Maker,劇場版ポケットモンスター アドバンスジェネレーション 七夜の願い星 ジラーチ,ja,3.6955,2003-07-19,6.573,307
10,35688,Why Did I Get Married Too?,Why Did I Get Married Too?,en,9.3056,2010-04-02,6.6,177
11,34996,The Addiction,The Addiction,en,4.1515,1995-10-06,6.495,324
12,34106,You Can't Take It with You,You Can't Take It with You,en,4.3001,1938-09-01,7.485,465
13,34065,Pokémon: Destiny Deoxys,劇場版ポケットモンスター アドバンスジェネレーション 裂空の訪問者 デオキシス,ja,3.8646,2004-07-22,6.625,304
14,33875,Pokémon Heroes,劇場版ポケットモンスター 水の都の護神 ラティアスとラティオス,ja,4.1574,2002-07-13,6.728,408
15,33521,Dracula,Dracula,en,3.8678,1979-07-20,6.375,292
16,31945,The Sicilian,The Sicilian,en,3.6089,1987-10-07,5.194,152
17,31589,The Bad Sleep Well,悪い奴ほどよく眠る,ja,4.2801,1960-09-19,7.7,295
18,30197,The Producers,The Producers,en,6.0631,1968-03-18,7.059,934
19,29533,The Sexual Story of O,Historia sexual de O,es,1.5907,1984-09-20,4.2,19
0,1174481,The 47,El 47,ca,3.0296,2024-09-06,7.427,150
1,1160025,Naga,ناقة,ar,2.4327,2023-09-08,5.1,46
2,1151534,Nowhere,Nowhere,es,8.635,2023-09-29,7.3,1622
3,1149791,Premalu,പ്രേമലു,ml,3.2964,2024-02-09,7.781,73
4,1120628,Hard Feelings,Hammerharte Jungs,de,6.3781,2023-05-24,5.816,187
5,1118224,Maharaja,மகாராஜா,ta,4.8333,2024-06-14,7.732,256
6,1103621,How to Make Millions Before Grandma Dies,หลานม่า,th,7.9348,2024-04-04,8.1,440
7,1094138,Jackpot!,Jackpot!,en,17.4459,2024-08-13,6.348,840
8,1088157,Godless: The Eastfield Exorcism,Godless: The Eastfield Exorcism,en,2.8676,2023-03-08,6.555,127
9,1084812,Aavesham,ആവേശം,ml,2.1702,2024-04-11,7.5,106
10,1079485,Winnie-the-Pooh: Blood and Honey 2,Winnie-the-Pooh: Blood and Honey 2,en,14.2023,2024-03-26,5.803,500
11,1075016,慾海雙艷,慾海雙艷,zh,4.0704,1995-08-16,4.3,3
12,1062807,SPY x FAMILY CODE: White,劇場版 SPY×FAMILY CODE: White,ja,9.9295,2023-12-22,7.213,682
13,1059572,New Dimension! Crayon Shin-chan the Movie: Battle of Supernatural Powers ~Flying Sushi~,しん次元！クレヨンしんちゃんTHE MOVIE 超能力大決戦 ～とべとべ手巻き寿司～,ja,4.438,2023-08-04,7.061,49
14,1056360,American Fiction,American Fiction,en,7.3618,2023-11-10,7.248,1437
15,1029446,Selina's Gold,Selina's Gold,tl,1.6522,2022-10-28,6.44,42
16,1029281,Strange Darling,Strange Darling,en,9.0136,2024-08-22,6.856,1032
17,1015724,Trick or Treat Scooby-Doo!,Trick or Treat Scooby-Doo!,en,6.4496,2022-10-04,6.947,217
18,1001835,Wifelike,Wifelike,en,10.8628,2022-08-12,6.56,350
19,993729,South Park the Streaming Wars Part 2,South Park the Streaming Wars Part 2,en,3.1104,2022-07-13,7.046,207
0,24873,Death Wish 3,Death Wish 3,en,6.6663,1985-11-01,6.232,498
1,24756,The Art of War III: Retribution,The Art of War III: Retribution,en,2.9376,2009-08-24,3.989,44
2,24122,The Rebound,The Rebound,en,6.8688,2009-09-16,6.502,982
3,24086,The Boy Who Could Fly,The Boy Who Could Fly,en,11.2161,1986-08-15,6.3,151
4,23823,Wrong Turn 3: Left for Dead,Wrong Turn 3: Left for Dead,en,11.9579,2009-10-08,5.7,1320
5,23518,Seven Days in May,Seven Days in May,en,4.2247,1964-02-01,7.366,235
6,23160,Werckmeister Harmonies,Werckmeister harmóniák,hu,4.4397,2001-02-01,7.873,397
7,23082,The Invention of Lying,The Invention of Lying,en,8.6667,2009-10-02,6.215,2408
8,23023,Tooth Fairy,Tooth Fairy,en,9.7257,2010-01-14,5.492,2152
9,22954,Invictus,Invictus,en,7.6365,2009-12-11,7.179,4431
10,22947,Up in the Air,Up in the Air,en,9.6564,2009-12-04,6.901,4140
11,22855,Superman/Batman: Public Enemies,Superman/Batman: Public Enemies,en,4.915,2009-09-29,7.09,741
12,22843,Evangelion: 2.0 You Can (Not) Advance,ヱヴァンゲリヲン新劇場版：破,ja,5.5228,2009-06-26,7.815,1045
13,22527,The Wrong Man,The Wrong Man,en,5.3111,1956-12-22,7.139,628
14,21861,LOL (Laughing Out Loud),LOL (Laughing Out Loud),fr,3.1808,2009-02-04,6.515,1355
15,21832,Neon Genesis Evangelion: Death and Rebirth,新世紀エヴァンゲリオン劇場版 シト新生,ja,5.286,1997-03-15,7.412,517
16,21683,Batman: Mystery of the Batwoman,Batman: Mystery of the Batwoman,en,6.1502,2003-10-21,6.717,461
17,21422,Detective Conan: The Time Bombed Skyscraper,名探偵コナン 時計じかけの摩天楼,ja,5.5014,1997-04-19,7.433,282
18,21208,Orphan,Orphan,en,12.3379,2009-07-24,6.991,5767
19,20857,Hardball,Hardball,en,5.2871,2001-09-14,6.493,582
0,20766,The Road,The Road,en,13.0232,2009-11-25,7.02,4425
1,20411,Until Death,Until Death,en,4.0142,2007-01-19,5.965,243
2,19901,Daybreakers,Daybreakers,en,8.9692,2010-01-06,6.284,2255
3,18892,Jawbreaker,Jawbreaker,en,6.9318,1999-01-30,6.439,613
4,18736,The Lizzie McGuire Movie,The Lizzie McGuire Movie,en,7.7953,2003-05-02,6.333,1360
5,18644,King Creole,King Creole,en,3.3318,1958-07-02,6.4,113
6,18162,Land of the Lost,Land of the Lost,en,8.443,2009-06-05,5.48,1503
7,18148,Tokyo Story,東京物語,ja,6.1516,1953-11-03,8.147,1262
8,18129,The Grifters,The Grifters,en,4.0746,1990-08-08,6.506,496
9,17708,Corky Romano,Corky Romano,en,4.4247,2001-10-12,4.455,189
10,17433,Street Fighter Alpha: The Movie,ストリートファイターZERO - THE ANIMATION -,ja,4.0416,1999-12-22,6.437,111
11,17381,BMX Bandits,BMX Bandits,en,4.7935,1983-12-29,5.6,164
12,17295,The Battle of Algiers,La battaglia di Algeri,it,8.2216,1966-09-08,7.9,927
13,17058,Scarlet Street,Scarlet Street,en,4.1312,1945-12-25,7.598,455
14,16808,Pokémon Ranger and the Temple of the Sea,劇場版ポケットモンスター アドバンスジェネレーション ポケモンレンジャーと蒼海の王子 マナフィ,ja,4.041,2006-07-15,6.456,229
15,16769,Coal Miner's Daughter,Coal Miner's Daughter,en,4.2252,1980-03-07,7.22,288
16,16306,Fantastic Planet,La Planète sauvage,fr,4.1072,1973-12-01,7.638,1144
17,16162,The Best Man,The Best Man,en,3.9507,1999-10-22,6.643,161
18,16072,Gods and Generals,Gods and Generals,en,4.0086,2003-02-21,6.409,208
19,15969,The Return of Jafar,The Return of Jafar,en,12.6762,1994-12-15,6.234,3488
0,15602,Grumpier Old Men,Grumpier Old Men,en,4.0915,1995-12-22,6.5,441
1,15400,Mickey's Once Upon a Christmas,Mickey's Once Upon a Christmas,en,6.9743,1999-10-31,7.1,734
2,15318,The Taste of Tea,茶の味,ja,4.7188,2004-07-17,7.559,179
3,15171,Charlotte's Web,Charlotte's Web,en,3.3081,1973-03-01,6.905,430
4,15167,Barbie in the Nutcracker,Barbie in the Nutcracker,en,10.2701,2001-09-30,6.899,1137
5,15139,The Pagemaster,The Pagemaster,en,8.1249,1994-11-23,6.404,810
6,14931,Miami Blues,Miami Blues,en,2.6504,1990-04-20,6.015,229
7,14864,The Hot Spot,The Hot Spot,en,10.3079,1990-10-12,6.3,312
8,14677,Last Train from Gun Hill,Last Train from Gun Hill,en,4.7619,1959-07-29,7.1,228
9,14337,Primer,Primer,en,6.0521,2004-10-08,6.748,2544
10,14324,Virgin Territory,Virgin Territory,en,12.7992,2007-12-17,5.0,387
11,14275,Hoop Dreams,Hoop Dreams,en,2.2219,1994-09-12,7.593,344
12,14191,Aquamarine,Aquamarine,en,9.2309,2006-03-03,6.474,1615
13,14172,Wake of Death,Wake of Death,en,4.2332,2004-12-28,6.096,281
14,14168,3:10 to Yuma,3:10 to Yuma,en,6.8014,1957-08-07,7.3,436
15,13851,Batman: Gotham Knight,Batman: Gotham Knight,en,5.2061,2008-07-08,6.734,792
16,13757,Melody Time,Melody Time,en,3.6247,1948-05-27,6.099,354
17,13701,Immortal Beloved,Immortal Beloved,en,5.4828,1994-12-16,7.099,379
18,13676,The Little Mermaid: Ariel's Beginning,The Little Mermaid: Ariel's Beginning,en,0.4636,2008-08-25,6.684,1093
19,13666,The Wolf Man,The Wolf Man,en,4.4456,1941-12-09,7.039,696
0,192136,Mandela: Long Walk to Freedom,Mandela: Long Walk to Freedom,en,4.5136,2013-11-28,6.9,590
1,188161,A Million Ways to Die in the West,A Million Ways to Die in the West,en,15.252,2014-05-22,6.052,4519
2,184219,Pee Mak,พี่มาก..พระโขนง,th,3.2207,2013-03-28,7.207,140
3,180863,T2 Trainspotting,T2 Trainspotting,en,10.5628,2017-01-27,6.934,3448
4,175574,Free Birds,Free Birds,en,12.6272,2013-10-30,5.893,882
5,171424,The Green Inferno,The Green Inferno,en,7.9712,2014-09-04,5.745,1635
6,169881,The Physician,The Physician,en,10.3261,2013-12-25,7.341,1221
7,167575,Hatchet III,Hatchet III,en,3.6716,2013-06-14,5.667,395
8,160588,Blue Jasmine,Blue Jasmine,en,9.2405,2013-08-01,6.982,3731
9,159897,Man Walking Around a Corner,Man Walking Around a Corner,xx,1.2682,1887-08-18,5.0,96
10,159121,Paulette,Paulette,fr,3.6644,2012-10-04,6.452,425
11,158445,Miracle in Cell No. 7,7번방의 선물,ko,4.9184,2013-01-23,7.885,508
12,157547,Oculus,Oculus,en,7.8246,2014-04-03,6.499,3287
13,156717,Death Race: Inferno,Death Race: Inferno,en,9.5257,2013-01-04,5.876,853
14,156062,Easy Rider: The Ride Back,Easy Rider: The Ride Back,en,1.5768,2012-02-25,4.0,21
15,147773,The Way Way Back,The Way Way Back,en,6.824,2013-06-06,7.13,2005
16,145135,Dark Skies,Dark Skies,en,7.6962,2013-02-21,6.376,2029
17,140378,Trilogy of Lust II,血戀II,cn,2.4524,1996-10-29,4.9,15
18,137116,Smurfs: The Lost Village,Smurfs: The Lost Village,en,12.9508,2017-03-23,6.363,1592
19,127183,Psychotica,Psychotica,de,1.6248,2006-06-04,3.1,5
0,123025,"Batman: The Dark Knight Returns, Part 1","Batman: The Dark Knight Returns, Part 1",en,7.5246,2012-09-25,7.741,1743
1,119698,The Dinosaur Project,The Dinosaur Project,en,2.9355,2012-08-09,5.807,345
2,116776,Dragon Ball: Mystical Adventure,ドラゴンボール 魔訶不思議大冒険,ja,3.6256,1988-07-09,6.676,315
3,115782,Jobs,Jobs,en,7.8171,2013-08-15,6.128,2659
4,111972,Hibla,Hibla,tl,5.2632,2002-11-13,4.1,8
5,109689,I Want You,Tengo ganas de ti,es,10.8336,2012-06-22,7.46,1985
6,109099,Passion,Passion,en,6.0586,2013-02-13,5.216,464
7,105077,Battlestar Galactica: The Plan,Battlestar Galactica: The Plan,en,4.6945,2009-10-27,6.717,500
8,105001,Iceman,冰封俠：重生之門,cn,3.2535,2014-04-17,5.6,222
9,100592,The Hand,Ruka,cs,2.2589,1965-10-26,7.4,84
10,89231,The Chief of Chukotka,Начальник Чукотки,ru,1.2784,1967-04-17,5.9,21
11,86834,Noah,Noah,en,15.4121,2014-03-07,5.678,6740
12,86628,L'Américain,L'Américain,fr,4.0217,2004-07-07,2.976,21
13,85877,The 33D Invader,蜜桃成熟時33D,cn,10.1321,2011-10-06,5.606,33
14,82654,Warm Bodies,Warm Bodies,en,7.9735,2013-01-31,6.5,6488
15,81424,The Cat Came Back,The Cat Came Back,en,1.3947,1988-06-22,7.12,75
16,77617,Detective Conan: Quarter of Silence,名探偵コナン 沈黙の15分（クォーター）,ja,8.8207,2011-04-16,7.07,158
17,76122,Marvel One-Shot: The Consultant,Marvel One-Shot: The Consultant,en,5.4344,2011-09-13,6.316,653
18,74187,Evil Thoughts,Cattivi pensieri,it,1.6505,1976-10-26,5.533,15
19,72113,Carnage,Carnage,en,6.8994,2011-09-16,7.164,3220
0,11545,Rushmore,Rushmore,en,7.2897,1998-12-11,7.392,2811
1,11503,The Serpent and the Rainbow,The Serpent and the Rainbow,en,4.5361,1988-02-05,6.402,569
2,11471,A Better Tomorrow,英雄本色,cn,5.8684,1986-08-02,7.358,639
3,11457,Life as a House,Life as a House,en,5.1596,2001-10-25,7.107,462
4,11456,Domestic Disturbance,Domestic Disturbance,en,4.9454,2001-10-28,5.763,480
5,11444,The Closet,Le Placard,fr,4.4626,2001-01-17,6.4,533
6,11351,Jeepers Creepers 2,Jeepers Creepers 2,en,9.6279,2003-08-08,6.199,1885
7,11283,Nanny McPhee,Nanny McPhee,en,10.7077,2005-10-21,6.69,3280
8,11237,Anacondas: The Hunt for the Blood Orchid,Anacondas: The Hunt for the Blood Orchid,en,9.3231,2004-08-25,5.505,1138
9,11177,Mask,Mask,en,4.4272,1985-03-08,7.258,508
10,11158,"Honey, I Blew Up the Kid","Honey, I Blew Up the Kid",en,4.9391,1992-07-16,5.283,1311
11,11134,Police Story 3: Super Cop,警察故事 III：超級警察,cn,6.5291,1992-07-04,6.939,602
12,11132,Confessions of a Teenage Drama Queen,Confessions of a Teenage Drama Queen,en,6.959,2004-02-17,5.731,968
13,11101,Stalingrad,Stalingrad,de,6.3764,1993-01-20,7.337,655
14,11086,The Majestic,The Majestic,en,7.4685,2001-12-21,6.757,866
15,11081,Taking Lives,Taking Lives,en,8.6933,2004-03-19,6.37,1804
16,11006,Smokey and the Bandit,Smokey and the Bandit,en,7.7231,1977-05-27,7.0,834
17,10995,The Lover,L'Amant,fr,12.0444,1992-01-22,7.015,780
18,10923,Agent Cody Banks,Agent Cody Banks,en,4.7508,2003-03-14,5.549,1196
19,10880,The Noah's Ark Principle,Das Arche Noah Prinzip,de,1.3973,1984-02-24,5.045,33
0,10869,Herbie Rides Again,Herbie Rides Again,en,3.9795,1974-02-12,6.2,452
1,10843,After Hours,After Hours,en,9.3882,1985-09-13,7.49,1834
2,10808,Dr. Dolittle 2,Dr. Dolittle 2,en,6.1552,2001-06-22,5.3,1796
3,10768,The Final Conflict,The Final Conflict,en,4.7175,1981-03-20,5.8,670
4,10756,The Haunted Mansion,The Haunted Mansion,en,8.5411,2003-11-26,5.685,2186
5,10708,Daddy Day Care,Daddy Day Care,en,8.5264,2003-05-09,5.919,2295
6,10649,The Enforcer,The Enforcer,en,8.0005,1976-12-16,6.729,1024
7,10647,Pay It Forward,Pay It Forward,en,7.3674,2000-10-20,7.388,2085
8,10646,Tomcats,Tomcats,en,4.8976,2001-03-30,5.129,294
9,10616,Contract Killer,殺手之王,cn,4.964,1998-04-03,7.102,270
10,10601,Peter Pan,Peter Pan,en,10.5468,2003-12-18,7.1,2811
11,10596,Replicant,Replicant,en,5.5203,2001-05-11,5.854,550
12,10592,Hart's War,Hart's War,en,7.1108,2002-02-15,6.376,1105
13,10591,The Girl Next Door,The Girl Next Door,en,19.8703,2004-04-09,6.756,4179
14,10590,We Were Soldiers,We Were Soldiers,en,8.9882,2002-03-01,7.137,2363
15,10555,Shark Tale,Shark Tale,en,19.8999,2004-09-20,6.047,6836
16,10535,Spy Hard,Spy Hard,en,8.565,1996-05-24,5.415,795
17,10533,The Scarlet Letter,The Scarlet Letter,en,5.5769,1995-10-13,6.1,538
18,10528,Sherlock Holmes,Sherlock Holmes,en,18.9689,2009-12-23,7.223,15040
19,10489,Cujo,Cujo,en,5.5523,1983-08-10,6.18,1167
0,43593,Piranha 3D,Piranha 3D,en,9.7674,2010-08-20,5.425,2458
1,42941,30 Days of Night: Dark Days,30 Days of Night: Dark Days,en,6.3484,2010-10-04,5.0,613
2,42811,Free and Easy,Free and Easy,en,1.8294,1930-03-22,6.071,14
3,42735,Fanatic,Fanatic,en,2.1762,1965-03-21,6.6,56
4,42229,A Special Day,Una giornata particolare,it,3.4443,1977-08-11,8.1,789
5,41630,No Strings Attached,No Strings Attached,en,23.708,2011-01-21,6.298,5076
6,41355,The Memphis Belle,The Memphis Belle,en,1.0448,1944-04-13,6.7,45
7,41343,The God of Cookery,食神,cn,4.2378,1996-12-21,7.179,232
8,41283,Faster,Faster,en,9.9035,2010-11-23,6.355,2160
9,41216,Legend of the Guardians: The Owls of Ga'Hoole,Legend of the Guardians: The Owls of Ga'Hoole,en,10.4238,2010-07-10,6.843,2559
10,40751,Ashes of Time,東邪西毒,cn,3.9645,1994-09-17,7.08,408
11,40180,The Night Caller,Peur sur la ville,fr,2.7739,1975-04-09,7.182,289
12,40147,Night of the Demons III,Night of the Demons III,en,1.8677,1997-10-07,5.28,109
13,40043,Island of Death,Τα Παιδιά Του Διαβόλου,el,1.5846,1976-04-26,4.769,106
14,39973,Slave of the Cannibal God,La montagna del dio cannibale,it,4.553,1978-07-12,5.171,114
15,39205,Detective Conan: The Private Eyes' Requiem,名探偵コナン 探偵たちの鎮魂歌（レクイエム）,ja,5.7761,2006-04-15,7.137,172
16,39202,Detective Conan: Crossroad in the Ancient Capital,名探偵コナン 迷宮の十字路,ja,5.4699,2003-04-19,7.126,187
17,39108,Dragon Ball Z: Wrath of the Dragon,ドラゴンボールZ 龍拳爆発!!悟空がやらねば誰がやる,ja,8.6705,1995-07-15,7.3,813
18,39103,Dragon Ball Z: The Return of Cooler,ドラゴンボールZ 激突!!100億パワーの戦士たち,ja,7.6823,1992-03-07,6.5,1121
19,39102,Dragon Ball Z: Lord Slug,ドラゴンボールゼット 超スーパーサイヤ人じんだ孫そん悟ご空くう,ja,4.8748,1991-03-19,6.5,603
0,39057,Pokémon: Arceus and the Jewel of Life,劇場版ポケットモンスター ダイヤモンド&パール アルセウス 超克の時空へ,ja,4.1965,2009-07-18,7.069,321
1,38810,Dogtooth,Κυνόδοντας,el,6.4533,2009-10-22,7.037,2688
2,38579,Marmaduke,Marmaduke,en,7.5566,2010-06-03,5.253,831
3,38438,Buffet Froid,Buffet froid,fr,2.2674,1979-12-19,7.065,352
4,38317,Zookeeper,Zookeeper,en,6.5918,2011-07-06,5.446,1822
5,38142,5 Centimeters per Second,秒速5センチメートル,ja,6.8508,2007-03-03,7.3,2214
6,37933,Tales from Earthsea,ゲド戦記,ja,6.8583,2006-07-29,6.528,1538
7,37834,Knight and Day,Knight and Day,en,18.4181,2010-06-15,6.238,5036
8,37455,Police Python 357,Police Python 357,fr,2.4599,1976-03-31,6.701,102
9,37257,Witness for the Prosecution,Witness for the Prosecution,en,10.6334,1957-12-17,8.205,1766
10,37172,Athadu,అతడు,te,1.5897,2005-08-10,7.8,80
11,36657,X-Men,X-Men,en,1.3212,2000-07-13,7.023,12533
12,36218,Pokémon: Jirachi Wish Maker,劇場版ポケットモンスター アドバンスジェネレーション 七夜の願い星 ジラーチ,ja,3.6955,2003-07-19,6.573,307
13,35688,Why Did I Get Married Too?,Why Did I Get Married Too?,en,9.3056,2010-04-02,6.6,177
14,34996,The Addiction,The Addiction,en,4.1515,1995-10-06,6.494,325
15,34106,You Can't Take It with You,You Can't Take It with You,en,4.3001,1938-09-01,7.485,465
16,34065,Pokémon: Destiny Deoxys,劇場版ポケットモンスター アドバンスジェネレーション 裂空の訪問者 デオキシス,ja,3.8646,2004-07-22,6.625,304
17,33875,Pokémon Heroes,劇場版ポケットモンスター 水の都の護神 ラティアスとラティオス,ja,4.1574,2002-07-13,6.728,408
18,33521,Dracula,Dracula,en,3.8678,1979-07-20,6.374,293
19,31947,King Kong Lives,King Kong Lives,en,5.7127,1986-12-16,5.223,273
0,259072,Wrong Turn 6: Last Resort,Wrong Turn 6: Last Resort,en,5.7354,2014-08-22,5.412,1014
1,258230,A Monster Calls,A Monster Calls,en,14.0488,2016-10-07,7.31,3646
2,258216,Nymphomaniac: Vol. I,Nymphomaniac: Vol. I,en,2.3521,2013-12-25,6.851,3753
3,257562,Tunnel Warfare,地道战,zh,1.6669,1965-01-01,6.5,18
4,254194,Starry Eyes,Starry Eyes,en,3.0486,2014-07-29,6.057,528
5,253412,Everest,Everest,en,12.1332,2015-09-10,6.828,5353
6,251783,Pleasure or Pain,Pleasure or Pain,en,5.4618,2013-09-05,4.816,95
7,241842,Dead Snow 2: Red vs. Dead,Død Snø 2,no,5.0078,2014-02-12,6.555,725
8,239529,Lupin the Third vs. Detective Conan: The Movie,ルパン三世VS名探偵コナン THE MOVIE,ja,8.9161,2013-12-07,6.881,185
9,228161,Home,Home,en,15.1935,2015-03-18,6.791,4318
10,227348,Paranormal Activity: The Marked Ones,Paranormal Activity: The Marked Ones,en,6.4752,2014-01-01,5.441,1582
11,224141,Into the Woods,Into the Woods,en,13.2961,2014-12-24,5.757,4470
12,222935,The Fault in Our Stars,The Fault in Our Stars,en,19.0902,2014-06-03,7.59,11696
13,218043,Left Behind,Left Behind,en,12.4119,2014-10-03,4.303,1431
14,216282,Into the Storm,Into the Storm,en,11.0602,2014-08-06,6.074,2231
15,215830,Open Grave,Open Grave,en,3.113,2013-08-13,5.987,796
16,205587,The Judge,The Judge,en,15.8404,2014-10-08,7.329,4534
17,199534,Wolf Creek 2,Wolf Creek 2,en,5.4455,2013-08-30,6.38,733
18,198277,Begin Again,Begin Again,en,9.8988,2013-09-07,7.234,4077
19,198184,Chappie,Chappie,en,20.5013,2015-03-04,6.792,8665
0,25754,Children of the Corn,Children of the Corn,en,2.9728,2009-06-10,4.4,216
1,25676,Rob-B-Hood,寶貝計劃,cn,5.2687,2006-09-28,6.969,703
2,25539,Winners & Sinners,奇謀妙計五福星,cn,5.3132,1983-07-07,7.0,229
3,25475,Tinker Bell and the Lost Treasure,Tinker Bell and the Lost Treasure,en,12.6397,2009-09-03,6.838,1159
4,25221,For the Boys,For the Boys,en,3.3445,1991-11-22,6.4,85
5,24873,Death Wish 3,Death Wish 3,en,6.6663,1985-11-01,6.232,499
6,24756,The Art of War III: Retribution,The Art of War III: Retribution,en,2.9376,2009-08-24,3.989,44
7,24122,The Rebound,The Rebound,en,6.8688,2009-09-16,6.502,982
8,24086,The Boy Who Could Fly,The Boy Who Could Fly,en,11.2161,1986-08-15,6.3,151
9,23823,Wrong Turn 3: Left for Dead,Wrong Turn 3: Left for Dead,en,11.9579,2009-10-08,5.7,1320
10,23518,Seven Days in May,Seven Days in May,en,4.2247,1964-02-01,7.366,235
11,23160,Werckmeister Harmonies,Werckmeister harmóniák,hu,4.4397,2001-02-01,7.873,397
12,23082,The Invention of Lying,The Invention of Lying,en,8.6667,2009-10-02,6.215,2408
13,23023,Tooth Fairy,Tooth Fairy,en,9.7257,2010-01-14,5.491,2153
14,22954,Invictus,Invictus,en,7.6365,2009-12-11,7.179,4431
15,22947,Up in the Air,Up in the Air,en,9.6564,2009-12-04,6.901,4140
16,22855,Superman/Batman: Public Enemies,Superman/Batman: Public Enemies,en,4.915,2009-09-29,7.09,741
17,22843,Evangelion: 2.0 You Can (Not) Advance,ヱヴァンゲリヲン新劇場版：破,ja,5.5228,2009-06-26,7.815,1045
18,22527,The Wrong Man,The Wrong Man,en,5.3111,1956-12-22,7.139,628
19,21832,Neon Genesis Evangelion: Death and Rebirth,新世紀エヴァンゲリオン劇場版 シト新生,ja,5.286,1997-03-15,7.412,517
0,9059,Tales from the Crypt: Demon Knight,Tales from the Crypt: Demon Knight,en,5.3539,1995-01-13,6.852,583
1,9037,Grease 2,Grease 2,en,6.463,1982-06-11,5.256,759
2,8998,Friends with Money,Friends with Money,en,7.1622,2006-04-07,5.143,618
3,8983,Felidae,Felidae,de,1.9518,1994-11-03,6.665,155
4,8974,The War of the Worlds,The War of the Worlds,en,6.5704,1953-04-03,6.806,731
5,8923,Green Street Hooligans,Green Street Hooligans,en,8.904,2005-09-09,7.278,2640
6,8868,Asterix vs. Caesar,Astérix et la Surprise de César,fr,4.5495,1985-03-06,6.549,661
7,8851,The Blob,The Blob,en,4.1558,1958-09-10,6.239,687
8,8461,Funny Games,Funny Games,en,7.4754,2008-03-14,6.5,2344
9,8367,Robin Hood: Prince of Thieves,Robin Hood: Prince of Thieves,en,17.5488,1991-06-14,6.853,3695
10,8293,Howards End,Howards End,en,5.4536,1992-03-13,7.001,610
11,8275,American Pie Presents: The Naked Mile,American Pie Presents: The Naked Mile,en,12.0886,2006-12-04,5.493,2235
12,8067,A Life Less Ordinary,A Life Less Ordinary,en,4.733,1997-10-24,6.2,512
13,7552,Fun with Dick and Jane,Fun with Dick and Jane,en,8.2929,2005-12-21,6.236,2757
14,7500,Sonatine,Sonatine,ja,4.3856,1993-09-10,7.516,706
15,7350,The Bucket List,The Bucket List,en,10.5038,2007-12-25,7.192,4223
16,7183,Perfect Stranger,Perfect Stranger,en,7.1037,2007-04-11,5.827,1066
17,6951,Turner & Hooch,Turner & Hooch,en,6.0679,1989-07-28,6.324,1480
18,6278,Reign of Fire,Reign of Fire,en,12.4963,2002-07-09,6.215,2542
19,6068,Six Days Seven Nights,Six Days Seven Nights,en,9.6724,1998-06-12,6.11,1675
0,97430,The Man with the Iron Fists,The Man with the Iron Fists,en,8.8699,2012-11-02,5.518,1251
1,96724,Anna Karenina,Anna Karenina,en,8.4904,2012-09-06,6.694,2448
2,89231,The Chief of Chukotka,Начальник Чукотки,ru,1.2784,1967-04-17,5.9,21
3,86834,Noah,Noah,en,15.4121,2014-03-07,5.678,6740
4,86628,L'Américain,L'Américain,fr,4.0217,2004-07-07,2.976,21
5,85877,The 33D Invader,蜜桃成熟時33D,cn,10.1321,2011-10-06,5.606,33
6,82654,Warm Bodies,Warm Bodies,en,7.9735,2013-01-31,6.5,6488
7,81424,The Cat Came Back,The Cat Came Back,en,1.3947,1988-06-22,7.12,75
8,77617,Detective Conan: Quarter of Silence,名探偵コナン 沈黙の15分（クォーター）,ja,8.8207,2011-04-16,7.07,158
9,76122,Marvel One-Shot: The Consultant,Marvel One-Shot: The Consultant,en,5.4344,2011-09-13,6.316,653
10,74187,Evil Thoughts,Cattivi pensieri,it,1.6505,1976-10-26,5.533,15
11,72113,Carnage,Carnage,en,6.8994,2011-09-16,7.164,3220
12,71672,Wrong Turn 4: Bloody Beginnings,Wrong Turn 4: Bloody Beginnings,en,10.8685,2011-10-17,5.755,1263
13,70349,Beauty and the Beast,Panna a netvor,cs,3.032,1979-03-02,7.526,95
14,70074,Bullet to the Head,Bullet to the Head,en,9.0623,2012-11-14,5.607,1419
15,70027,The Wrecking Crew,The Wrecking Crew,en,1.9039,2008-03-11,7.343,86
16,68727,Trance,Trance,en,4.856,2013-03-27,6.613,2418
17,67221,Hands of Steel,Vendetta dal futuro,it,2.092,1986-03-26,5.3,90
18,66163,Iron Angels,天使行動,cn,2.411,1987-03-10,6.7,38
19,65759,Happy Feet Two,Happy Feet Two,en,12.8457,2011-11-17,6.208,1770
0,14191,Aquamarine,Aquamarine,en,9.2309,2006-03-03,6.474,1615
1,14172,Wake of Death,Wake of Death,en,4.2332,2004-12-28,6.096,281
2,14168,3:10 to Yuma,3:10 to Yuma,en,6.8014,1957-08-07,7.283,437
3,13851,Batman: Gotham Knight,Batman: Gotham Knight,en,5.2061,2008-07-08,6.734,792
4,13757,Melody Time,Melody Time,en,3.6247,1948-05-27,6.099,354
5,13701,Immortal Beloved,Immortal Beloved,en,5.4828,1994-12-16,7.099,379
6,13676,The Little Mermaid: Ariel's Beginning,The Little Mermaid: Ariel's Beginning,en,0.4636,2008-08-25,6.684,1093
7,13666,The Wolf Man,The Wolf Man,en,4.4456,1941-12-09,7.039,697
8,13647,The Invincible Iron Man,The Invincible Iron Man,en,4.5683,2007-01-23,6.135,274
9,13523,Sex Drive,Sex Drive,en,10.4236,2008-10-16,6.398,1524
10,13497,Drumline,Drumline,en,8.1844,2002-12-13,6.973,582
11,13496,American Outlaws,American Outlaws,en,4.5819,2001-08-17,5.914,296
12,13489,Lost Boys: The Tribe,Lost Boys: The Tribe,en,4.3209,2008-07-29,4.8,212
13,13252,Cleaner,Cleaner,en,9.9291,2007-09-11,6.095,968
14,13179,Tinker Bell,Tinker Bell,en,13.1403,2008-09-11,6.956,1628
15,13156,Secondhand Lions,Secondhand Lions,en,8.5395,2003-09-19,7.237,860
16,13127,SPL: Kill Zone,殺破狼,cn,6.0996,2005-11-18,6.973,364
17,13027,Eagle Eye,Eagle Eye,en,14.5354,2008-09-25,6.509,3228
18,12914,Stargate: Continuum,Stargate: Continuum,en,4.5551,2008-07-29,7.127,622
19,12663,Red Scorpion,Red Scorpion,en,4.0274,1988-12-24,5.994,319
0,12657,Soul Plane,Soul Plane,en,6.9675,2004-05-28,5.508,518
1,12653,Romasanta: The Werewolf Hunt,Romasanta,en,2.7753,2004-05-13,5.132,110
2,12122,Village of the Damned,Village of the Damned,en,6.3576,1995-04-28,6.104,953
3,12106,The Quick and the Dead,The Quick and the Dead,en,11.3411,1995-02-09,6.555,2037
4,12102,Kramer vs. Kramer,Kramer vs. Kramer,en,8.8938,1979-12-07,7.564,2539
5,11986,Betty Blue,37°2 le matin,fr,5.7693,1986-04-09,7.2,479
6,11953,Kagemusha,影武者,ja,7.4447,1980-04-26,7.813,766
7,11951,Vanishing Point,Vanishing Point,en,5.7429,1971-01-15,7.085,544
8,11909,Bullet in the Head,喋血街頭,cn,5.9068,1990-08-17,7.559,332
9,11908,Hatchet,Hatchet,en,4.9279,2006-04-27,5.763,748
10,11891,Kung Pow: Enter the Fist,Kung Pow: Enter the Fist,en,5.1995,2002-01-25,6.552,816
11,11886,Robin Hood,Robin Hood,en,11.7879,1973-11-08,7.31,4744
12,11852,The Hot Chick,The Hot Chick,en,14.5199,2002-12-13,6.36,2253
13,11841,The 36th Chamber of Shaolin,少林三十六房,zh,6.0676,1978-02-02,7.481,520
14,11835,Death Sentence,Death Sentence,en,6.71,2007-08-31,6.81,1309
15,11831,Amistad,Amistad,en,1.6381,1997-12-10,7.016,1459
16,11830,Tampopo,タンポポ,ja,3.9539,1985-11-23,7.785,452
17,11823,Wimbledon,Wimbledon,en,4.9163,2004-09-13,6.234,1102
18,11816,On Golden Pond,On Golden Pond,en,5.9492,1981-12-04,7.276,527
19,11811,Leprechaun,Leprechaun,en,5.0409,1993-01-08,5.564,885
0,644617,RiffTrax Live: House on Haunted Hill,RiffTrax Live: House on Haunted Hill,en,0.9096,2010-10-28,8.5,6
1,630940,Jokyoshi Nikki 2 Abakareta Sei,女教師日記２　暴かれた性,ja,9.6155,1996-06-13,8.857,7
2,624653,Thunderbolts and Lightning Strikes,Fulmini e Saette,it,1.5489,2019-06-21,5.5,2
3,613345,Queens of The Field,Une belle équipe,fr,2.0837,2020-01-15,6.016,159
4,586742,Dreambuilders,Drømmebyggerne,da,7.1506,2020-02-06,7.5,178
5,579473,True: Happy Hearts Day,True: Happy Hearts Day,en,1.0564,2019-02-01,5.0,5
6,566100,Cemara's Family,Keluarga Cemara,id,2.7855,2019-01-03,8.0,28
7,564427,Minha Vida em Marte,Minha Vida em Marte,pt,1.5182,2018-12-27,7.862,290
8,563853,A Samurai Never Tells a Lie,手討,ja,1.3073,1963-05-29,9.5,2
9,530671,Far to the West,Далеко на западе,ru,0.7371,1969-03-26,8.0,2
10,514080,Torment is a Woman,العذاب امرأة,ar,0.7437,1977-11-21,6.0,1
11,504503,Rebirth Island,Остров возрождения,kk,1.7595,2024-06-20,5.2,6
12,499317,Thomas & Friends: On Site with Thomas and Other Adventures,Thomas & Friends: On Site with Thomas and Other Adventures,en,1.7126,2006-08-15,8.0,2
13,489931,American Animals,American Animals,en,5.075,2018-06-01,6.737,1246
14,486418,Ice Cream and the Sound of Raindrops,アイスと雨音,ja,0.9358,2018-03-03,7.5,4
15,485789,Bhaagamathie,భాగమతి,te,1.0704,2018-01-26,6.013,38
16,482204,My Sister-in-law's Job,형수의 직업,ko,4.27,2017-08-31,4.75,8
17,480897,"Krasner, Norman: Beloved Husband of Irma","Krasner, Norman: Beloved Husband of Irma",en,0.7024,1974-01-01,4.0,1
18,480536,A Horrible Woman,En frygtelig kvinde,da,1.2594,2017-12-25,6.3,39
19,475094,The Captain,Der Hauptmann,de,4.7196,2018-02-02,7.21,524
0,473920,S.M.A.R.T. Chase,S.M.A.R.T. Chase,en,3.7308,2017-09-30,4.821,112
1,468205,"No Date, No Signature",بدون تاریخ بدون امضا,fa,2.759,2017-08-01,6.775,140
2,464111,Zygote,Zygote,en,2.7862,2017-07-12,6.987,194
3,463861,Jealous,Jalouse,fr,2.3732,2017-11-08,5.895,244
4,462526,The Satanic Verses Affair,The Satanic Verses Affair,en,1.0769,2009-03-07,0.0,0
5,460557,The Thousand Faces of Dunjia,奇门遁甲,zh,2.7781,2017-12-15,6.3,85
6,457842,Arrhythmia,Аритмия,ru,2.0098,2017-10-12,6.997,169
7,451278,Eat Your Heart Out,Eat Your Heart Out,en,2.3931,1997-01-01,4.5,6
8,450547,Mistaken Identity,烏龍賊替身,cn,1.1454,1988-10-06,9.5,2
9,431179,Los ojos de América,Los ojos de América,es,2.0494,2014-11-02,7.0,2
10,422199,The Kind Wife,착한 아내,ko,2.1822,2016-09-06,5.0,3
11,419192,McLaren,McLaren,en,2.9141,2016-02-14,7.434,114
12,406000,The Teacher,Učiteľka,sk,3.237,2016-07-21,6.841,107
13,404165,Erotic Agent,聊齋艷奇之陸判性經,zh,1.6458,2003-12-25,6.7,3
14,403032,The Tenants Downstairs,樓下的房客,zh,1.9874,2016-06-23,6.25,40
15,402581,What Every Woman Wants,What Every Woman Wants,en,1.2157,1954-06-10,6.6,5
16,398175,Brawl in Cell Block 99,Brawl in Cell Block 99,en,7.3642,2017-09-23,6.955,1632
17,390734,Kingsglaive: Final Fantasy XV,キングスグレイブ ファイナルファンタジーXV,ja,6.1,2016-07-09,6.767,776
18,387834,Married Women,유부녀들,ko,3.9096,2015-10-14,7.0,3
19,383736,This Is Japan,日本残酷物語,ja,1.0533,1963-06-22,0.0,0
0,375785,Then Came You,Then Came You,en,6.5047,2018-12-05,7.453,568
1,373593,Su.. Su... Sudhi Vathmeekam,സു.. സു... സുധി വാത്മീകം,ml,1.7999,2015-11-23,7.2,24
2,365729,Daffy Duck,Daffy Duck,en,0.5325,1994-08-15,6.0,1
3,351962,Love Letter in the Sand,変態病棟 白衣責め,ja,1.7829,1988-07-28,5.846,13
4,348441,Bring Me The Horizon : Live at Wembley,Bring Me The Horizon : Live at Wembley,en,1.3452,2015-07-24,8.6,12
5,341006,The Belko Experiment,The Belko Experiment,en,5.713,2017-03-17,6.174,1722
6,339095,The Last Days of American Crime,The Last Days of American Crime,en,3.6787,2020-06-05,6.451,865
7,338693,David Macaulay: Castle,David Macaulay: Castle,en,0.8152,1983-01-01,6.0,1
8,337678,Playing Shindai,Игра в Шиндай,ru,1.5638,2007-08-23,0.0,0
9,336592,The Science of Interstellar,The Science of Interstellar,en,2.3781,2014-11-13,6.9,35
10,335970,Joe Dirt 2: Beautiful Loser,Joe Dirt 2: Beautiful Loser,en,3.5994,2015-07-16,4.894,179
11,328589,The Lady in the Van,The Lady in the Van,en,5.5389,2015-10-30,6.404,818
12,320508,There Are Monsters,There Are Monsters,en,1.1671,2013-09-13,5.0,19
13,310331,Cypress,Cypress,en,0.5764,2003-09-20,5.2,2
14,294193,Auntie Who Was Respectable,Mici néni két élete,hu,1.2345,1962-09-21,8.0,3
15,291081,Red Riding: The Year of Our Lord 1974,Red Riding: The Year of Our Lord 1974,en,3.099,2009-11-11,6.608,291
16,279254,Ghost in the Shell: Arise - Border 4: Ghost Stands Alone,攻殻機動隊ARISE border: 4 Ghost Stands Alone,ja,3.2847,2014-09-06,6.933,149
17,276624,I Am a Hero,アイアムアヒーロー,ja,4.0291,2016-04-23,7.458,527
18,274480,Among Ravens,Among Ravens,en,1.3714,2014-07-18,4.825,20
19,270034,The Yuppie Fantasia,小男人周記,cn,1.6562,1989-05-20,6.5,6
0,10040,Miss Congeniality 2: Armed and Fabulous,Miss Congeniality 2: Armed and Fabulous,en,11.7964,2005-03-11,5.742,2016
1,10033,Just Friends,Just Friends,en,9.0053,2005-11-23,6.208,1847
2,9924,The Hard Corps,The Hard Corps,en,6.2856,2006-12-05,6.1,271
3,9895,Man of the Year,Man of the Year,en,6.0307,2006-10-09,5.946,523
4,9880,The Princess Diaries,The Princess Diaries,en,20.0383,2001-08-03,6.962,5366
5,9846,To Live and Die in L.A.,To Live and Die in L.A.,en,6.9762,1985-11-01,7.123,839
6,9823,Mortal Kombat: Annihilation,Mortal Kombat: Annihilation,en,9.2475,1997-11-11,4.6,1402
7,9776,Head of State,Head of State,en,4.8459,2003-03-28,5.583,326
8,9763,Goal!,Goal!,en,7.1464,2005-09-29,6.8,1247
9,9759,Cellular,Cellular,en,9.2913,2004-09-06,6.402,2168
10,9664,Flyboys,Flyboys,en,5.8478,2006-09-22,6.5,874
11,9642,Asterix and the Vikings,Astérix et les Vikings,fr,6.5957,2006-04-12,6.1,773
12,9477,King Arthur,King Arthur,en,11.333,2004-07-07,6.305,3006
13,9400,Set It Off,Set It Off,en,5.4125,1996-11-06,7.23,410
14,9396,Crocodile Dundee II,Crocodile Dundee II,en,7.1797,1988-05-19,5.867,1272
15,9394,They Call Me Trinity,Lo chiamavano Trinità...,it,9.6054,1970-12-22,7.552,1501
16,9357,One Hour Photo,One Hour Photo,en,8.263,2002-08-21,6.671,1987
17,9342,The Mask of Zorro,The Mask of Zorro,en,16.0179,1998-07-16,6.58,4449
18,9318,Asterix in Britain,Astérix chez les Bretons,fr,5.3194,1986-12-03,6.782,747
19,9292,Hudson Hawk,Hudson Hawk,en,7.6301,1991-05-23,5.73,1178
0,20411,Until Death,Until Death,en,4.0142,2007-01-19,5.965,243
1,19901,Daybreakers,Daybreakers,en,8.9692,2010-01-06,6.284,2255
2,18644,King Creole,King Creole,en,3.3318,1958-07-02,6.4,113
3,18162,Land of the Lost,Land of the Lost,en,8.443,2009-06-05,5.481,1504
4,18148,Tokyo Story,東京物語,ja,6.1516,1953-11-03,8.147,1262
5,18129,The Grifters,The Grifters,en,4.0746,1990-08-08,6.503,497
6,17708,Corky Romano,Corky Romano,en,4.4247,2001-10-12,4.455,189
7,17433,Street Fighter Alpha: The Movie,ストリートファイターZERO - THE ANIMATION -,ja,4.0416,1999-12-22,6.437,111
8,17381,BMX Bandits,BMX Bandits,en,4.7935,1983-12-29,5.6,164
9,17295,The Battle of Algiers,La battaglia di Algeri,it,8.2216,1966-09-08,7.9,927
10,17058,Scarlet Street,Scarlet Street,en,4.1312,1945-12-25,7.598,455
11,16808,Pokémon Ranger and the Temple of the Sea,劇場版ポケットモンスター アドバンスジェネレーション ポケモンレンジャーと蒼海の王子 マナフィ,ja,4.041,2006-07-15,6.456,229
12,16769,Coal Miner's Daughter,Coal Miner's Daughter,en,4.2252,1980-03-07,7.22,288
13,16347,Auntie Mame,Auntie Mame,en,3.176,1958-12-04,7.023,129
14,16306,Fantastic Planet,La Planète sauvage,fr,4.1072,1973-12-01,7.638,1145
15,16162,The Best Man,The Best Man,en,3.9507,1999-10-22,6.643,161
16,16072,Gods and Generals,Gods and Generals,en,4.0086,2003-02-21,6.411,209
17,15969,The Return of Jafar,The Return of Jafar,en,12.6762,1994-12-15,6.234,3488
18,15745,Made,Made,en,3.4433,2001-07-13,5.8,213
19,15602,Grumpier Old Men,Grumpier Old Men,en,4.0915,1995-12-22,6.5,441
0,72348,Conviction,Conviction,en,1.6437,2002-09-29,4.143,7
1,70841,Doraemon: Nobita's Dinosaur,映画ドラえもん のび太の恐竜2006,ja,7.17,2006-03-04,7.369,98
2,65632,The 10th Victim,La decima vittima,it,3.1166,1965-12-02,6.642,243
3,64835,Corpo Celeste,Corpo celeste,it,2.4933,2011-05-20,6.862,109
4,61202,Zindagi Na Milegi Dobara,ज़िन्दगी ना मिलेगी दोबारा,hi,2.9718,2011-07-15,7.643,438
5,57680,The Simple Life of Noah Dearborn,The Simple Life of Noah Dearborn,en,2.3802,1999-05-09,6.167,21
6,55059,Happy Together,Happy Together,en,3.2255,1989-05-04,5.9,76
7,54559,Orientation Day,Orientation Day,en,2.1999,2010-12-13,6.914,214
8,54551,Banana,Banana,en,3.0735,2010-12-13,7.08,306
9,54133,Madhouse,Madhouse,en,1.9016,1981-03-04,5.6,70
10,53073,Lijavec,Lijavec,cs,1.4463,1997-01-01,7.3,5
11,52900,Michael Jackson Memorial,Michael Jackson Memorial,de,1.5805,2009-07-07,7.974,19
12,52663,The Foul King,반칙왕,ko,1.5276,2000-02-04,6.9,98
13,52450,Cut Off,Cut Off,en,1.3503,2006-01-01,4.714,7
14,50758,The Swindle,Squadra antitruffa,it,2.8892,1977-11-18,6.5,37
15,50577,The Year Without a Santa Claus,The Year Without a Santa Claus,en,2.4773,2006-12-11,5.8,20
16,50544,Friends with Benefits,Friends with Benefits,en,13.4938,2011-07-21,6.638,8521
17,49953,A Turtle's Tale: Sammy's Adventures,A Turtle's Tale: Sammy's Adventures,en,8.2809,2010-08-04,6.1,702
18,49787,The Reef,The Reef,en,2.3269,2010-05-15,5.637,613
19,49478,Warriors of Virtue,Warriors of Virtue,en,3.7724,1997-05-02,4.753,77
0,49196,Lord of the Dance,Lord of the Dance,en,1.4735,1997-10-14,7.316,19
1,48921,Shadow Builder,Shadow Builder,en,2.0089,1998-11-01,4.707,46
2,47971,xXx: Return of Xander Cage,xXx: Return of Xander Cage,en,22.5343,2017-01-13,6.128,9329
3,43549,The Experiment,The Experiment,en,5.8175,2010-07-15,6.366,1356
4,43317,Artists and Models,Artists and Models,en,2.9392,1955-11-07,6.6,143
5,41428,Tetsuo: The Iron Man,鉄男,ja,5.202,1989-07-01,6.973,736
6,41368,The Rescue,The Rescue,en,2.5655,1988-08-05,5.3,34
7,41225,Spirits of the Dead,Histoires extraordinaires,fr,2.8871,1968-05-16,6.242,188
8,38099,Hand of Death,少林門,zh,2.8116,1976-07-15,6.628,98
9,37707,Splice,Splice,en,7.7828,2010-06-03,5.878,2519
10,37653,The Three Brothers,Les Trois Frères,fr,2.4818,1995-12-13,6.967,827
11,36593,Naked Gun 33⅓: The Final Insult,Naked Gun 33⅓: The Final Insult,en,12.4601,1994-03-18,6.518,2618
12,35073,"The Beast from 20,000 Fathoms","The Beast from 20,000 Fathoms",en,3.965,1953-06-13,6.591,208
13,32926,Recep Ivedik 3,Recep İvedik 3,tr,2.4945,2010-02-12,4.644,149
14,32595,The Marsupials: The Howling III,The Marsupials: The Howling III,en,3.4054,1987-05-15,4.5,155
15,29161,Phenomena,Phenomena,en,5.546,1985-01-25,6.776,943
16,28032,Thumbelina,Thumbelina,en,12.4131,1994-03-30,6.5,554
17,26127,Joshua Tree,Joshua Tree,en,4.7305,1993-04-08,6.165,185
18,25913,Balto: Wolf Quest,Balto: Wolf Quest,en,5.2299,2002-04-30,6.4,576
19,25694,Alice in Wonderland,Alice in Wonderland,en,2.3379,1933-12-18,6.1,66
0,24684,An Education,An Education,en,6.1485,2009-10-29,6.933,1464
1,21448,Mickey's Magical Christmas: Snowed in at the House of Mouse,Mickey's Magical Christmas: Snowed in at the House of Mouse,en,5.892,2001-11-06,6.958,287
2,21259,Testament,Testament,en,4.9274,1983-11-04,6.412,144
3,20377,The Brave Little Toaster Goes to Mars,The Brave Little Toaster Goes to Mars,en,3.5574,1998-05-19,5.7,92
4,20278,Africa Screams,Africa Screams,en,1.5151,1949-05-04,5.725,69
5,18998,Darkman II: The Return of Durant,Darkman II: The Return of Durant,en,4.3332,1995-07-11,5.608,306
6,18588,52 Pick-Up,52 Pick-Up,en,4.2942,1986-11-07,6.057,158
7,16774,Hellboy Animated: Sword of Storms,Hellboy Animated: Sword of Storms,en,4.2977,2006-10-28,6.321,162
8,16690,Return to Never Land,Return to Never Land,en,10.6361,2002-02-14,6.471,2423
9,16276,The Tiger Brigades,Les Brigades du Tigre,fr,2.7808,2006-04-14,5.618,141
10,14649,Have Mercy on Us All,Pars vite et reviens tard,fr,1.3338,2007-01-24,5.946,83
11,14475,Used Cars,Used Cars,en,6.1573,1980-07-11,6.428,305
12,14094,Christmas in Wonderland,Christmas in Wonderland,en,2.3879,2007-12-27,5.439,93
13,13818,Heartburn,Heartburn,en,4.7296,1986-07-25,6.002,223
14,13396,The Snowman,The Snowman,en,3.744,1982-12-26,7.586,367
15,13310,Let the Right One In,Låt den rätte komma in,sv,7.7178,2008-10-24,7.545,3357
16,13199,American Me,American Me,en,5.194,1992-03-13,7.5,423
17,13009,Zombie Strippers!,Zombie Strippers!,en,7.3042,2008-04-18,4.843,452
18,12597,Hellraiser: Inferno,Hellraiser: Inferno,en,4.5333,2000-10-31,5.379,548
19,12205,Dark Water,仄暗い水の底から,ja,4.9552,2002-01-19,6.83,755
0,168,Star Trek IV: The Voyage Home,Star Trek IV: The Voyage Home,en,9.2584,1986-11-26,7.184,1716
1,132,Gimme Shelter,Gimme Shelter,en,3.5546,1970-12-13,7.353,201
2,117,The Untouchables,The Untouchables,en,16.5793,1987-06-03,7.752,6323
3,108,Three Colors: Blue,Trois couleurs : Bleu,fr,5.5011,1993-09-08,7.615,1950
4,93,Anatomy of a Murder,Anatomy of a Murder,en,7.4656,1959-07-01,7.8,1215
5,64,Talk to Her,Hable con ella,es,5.8205,2002-03-15,7.566,1483
6,1722816,年轻母亲,年轻母亲,zh,1.5577,2013-07-31,0.0,0
7,1669231,ამომავალი მზის ქვეყანა,ამომავალი მზის ქვეყანა,ka,0.7358,2010-12-01,0.0,0
8,1662391,中西里菜 FIRST DVD~AKB48 Graduation~ LIMITED EDITION,中西里菜 FIRST DVD~AKB48 Graduation~ LIMITED EDITION,ja,0.7499,2009-04-24,0.0,0
9,1633534,9/11: As it Happened,9/11: As it Happened,en,0.9946,2023-10-10,0.0,0
10,1427607,Mahou Shoujo Lyrical Nanoha Lyrical☆Live - Day 1,魔法少女リリカルなのは リリカル☆ライブ - Day 1,ja,1.4118,2020-01-18,0.0,0
11,1336342,小警风云之从警记,小警风云之从警记,zh,0.6983,2018-12-10,4.0,1
12,1291239,Gharat Ganpati,घरत  गणपती,mr,1.0365,2024-07-26,7.6,5
13,1241752,Rita,Rita,tl,38.2428,2024-03-22,6.3,25
14,1235623,Eye for an Eye 2,目中无人2,zh,4.4571,2024-07-21,6.3,68
15,1214123,Zakir Khan: Mannpasand,Zakir Khan: Mannpasand,hi,1.0929,2023-12-07,8.0,6
16,1196656,Sugar Baby,Sugar Baby,tl,6.8015,2023-11-24,5.2,10
17,1190586,Leggings Mania,레깅스 마니아,ko,1.9356,2023-07-13,6.542,12
18,1152559,Yule Log,Yule Log,en,1.1538,2023-07-15,3.0,6
19,1135869,Salome,Kelas Bintang - Salome,xx,4.3541,2023-05-13,10.0,2
0,4918,The Fourth Protocol,The Fourth Protocol,en,4.6316,1987-03-20,6.3,213
1,4379,Monster-in-Law,Monster-in-Law,en,10.1139,2005-05-13,6.2,1798
2,2135,The Time Machine,The Time Machine,en,11.2169,2002-03-04,6.359,2664
3,1372,Blood Diamond,Blood Diamond,en,19.3046,2006-12-08,7.559,8541
4,1362,The Hobbit,The Hobbit,en,4.5723,1977-11-27,6.596,380
5,1163,The Miracle Worker,The Miracle Worker,en,2.9491,2000-11-12,7.2,39
6,982,The Manchurian Candidate,The Manchurian Candidate,en,5.7084,1962-10-24,7.513,840
7,695,Short Cuts,Short Cuts,en,4.7626,1993-10-01,7.221,710
8,400,Things to Do in Denver When You're Dead,Things to Do in Denver When You're Dead,en,7.1455,1995-12-01,6.447,444
9,379,Miller's Crossing,Miller's Crossing,en,6.6416,1990-09-21,7.444,1908
10,309,The Celebration,Festen,da,4.5431,1998-06-19,7.692,1317
11,237,Young Adam,Young Adam,en,5.2457,2003-09-26,5.875,200
12,109,Three Colors: White,Trois couleurs : Blanc,fr,6.7703,1994-01-26,7.434,1369
13,1756533,What if My Girlfriend Was a Yokai Hunter... （Working Title),もしも、僕の彼女が妖怪ハンターだったら。。。（仮）,ja,2.1435,2022-08-31,0.0,0
14,1720555,IPX-129 鐵粉限定！粉絲感謝祭！和桃乃木香奈去溫泉進行2日18次的性愛旅行 悄悄地將全員的精液都接受了！！,IPX-129 鐵粉限定！粉絲感謝祭！和桃乃木香奈去溫泉進行2日18次的性愛旅行 悄悄地將全員的精液都接受了！！,ja,1.7876,2018-10-13,0.0,0
15,1148677,Doraemon the Movie: Nobita's Earth Symphony,映画ドラえもん のび太の地球交響楽,ja,4.6887,2024-03-01,6.744,39
16,1109237,The Monk and the Gun,The Monk and the Gun,dz,3.0622,2023-10-17,7.184,125
17,987573,Believers,ビリーバーズ,ja,4.2426,2022-07-08,5.6,11
18,917007,Bed Rest,Bed Rest,en,5.9417,2023-02-10,6.2,277
19,915824,Secret Love: My Friend’s Mom 2,밀애 : 친구엄마 2,ko,2.2375,2019-06-21,5.0,1
0,10649,The Enforcer,The Enforcer,en,8.0005,1976-12-16,6.729,1024
1,10647,Pay It Forward,Pay It Forward,en,7.3674,2000-10-20,7.388,2086
2,10646,Tomcats,Tomcats,en,4.8976,2001-03-30,5.129,294
3,10616,Contract Killer,殺手之王,cn,4.964,1998-04-03,7.102,270
4,10601,Peter Pan,Peter Pan,en,10.5468,2003-12-18,7.131,2812
5,10596,Replicant,Replicant,en,5.5203,2001-05-11,5.854,550
6,10592,Hart's War,Hart's War,en,7.1108,2002-02-15,6.376,1105
7,10591,The Girl Next Door,The Girl Next Door,en,19.8703,2004-04-09,6.756,4179
8,10590,We Were Soldiers,We Were Soldiers,en,8.9882,2002-03-01,7.137,2363
9,10535,Spy Hard,Spy Hard,en,8.565,1996-05-24,5.415,795
10,10533,The Scarlet Letter,The Scarlet Letter,en,5.5769,1995-10-13,6.1,538
11,10528,Sherlock Holmes,Sherlock Holmes,en,18.9689,2009-12-23,7.223,15041
12,10489,Cujo,Cujo,en,5.5523,1983-08-10,6.181,1168
13,10474,The Basketball Diaries,The Basketball Diaries,en,9.0386,1995-04-21,7.402,2288
14,10442,So I Married an Axe Murderer,So I Married an Axe Murderer,en,5.1949,1993-07-30,6.111,496
15,10437,The Muppet Christmas Carol,The Muppet Christmas Carol,en,7.347,1992-12-11,7.451,1210
16,10380,An American Tail: Fievel Goes West,An American Tail: Fievel Goes West,en,8.623,1991-11-21,6.319,814
17,10327,"Legally Blonde 2: Red, White & Blonde","Legally Blonde 2: Red, White & Blonde",en,11.6768,2003-07-02,5.715,1807
18,10323,Clash of the Titans,Clash of the Titans,en,9.5622,1981-06-12,6.93,891
19,10313,The Men Who Stare at Goats,The Men Who Stare at Goats,en,8.2478,2009-10-17,5.972,2477
0,672322,Rurouni Kenshin: The Beginning,るろうに剣心 最終章 The Beginning,ja,9.9357,2021-06-04,7.667,560
1,672208,A Hero,قهرمان,fa,3.5337,2021-12-15,7.335,402
2,653725,Crip Camp: A Disability Revolution,Crip Camp: A Disability Revolution,en,2.3131,2020-03-25,7.2,169
3,644617,RiffTrax Live: House on Haunted Hill,RiffTrax Live: House on Haunted Hill,en,0.9096,2010-10-28,8.5,6
4,630940,Jokyoshi Nikki 2 Abakareta Sei,女教師日記２　暴かれた性,ja,9.6155,1996-06-13,8.857,7
5,624653,Thunderbolts and Lightning Strikes,Fulmini e Saette,it,1.5489,2019-06-21,5.5,2
6,613345,Queens of The Field,Une belle équipe,fr,2.0837,2020-01-15,6.016,159
7,586742,Dreambuilders,Drømmebyggerne,da,7.1506,2020-02-06,7.5,178
8,579473,True: Happy Hearts Day,True: Happy Hearts Day,en,1.0564,2019-02-01,5.0,5
9,566100,Cemara's Family,Keluarga Cemara,id,2.7855,2019-01-03,8.0,28
10,564427,Minha Vida em Marte,Minha Vida em Marte,pt,1.5182,2018-12-27,7.862,290
11,563853,A Samurai Never Tells a Lie,手討,ja,1.3073,1963-05-29,9.5,2
12,544735,Verdi: Aida (Bregenz Festival),Aida,it,1.191,2010-06-01,0.0,0
13,530671,Far to the West,Далеко на западе,ru,0.7371,1969-03-26,8.0,2
14,514080,Torment is a Woman,العذاب امرأة,ar,0.7437,1977-11-21,6.0,1
15,504503,Rebirth Island,Остров возрождения,kk,1.7595,2024-06-20,5.2,6
16,499317,Thomas & Friends: On Site with Thomas and Other Adventures,Thomas & Friends: On Site with Thomas and Other Adventures,en,1.7126,2006-08-15,8.0,2
17,489931,American Animals,American Animals,en,5.075,2018-06-01,6.737,1246
18,486418,Ice Cream and the Sound of Raindrops,アイスと雨音,ja,0.9358,2018-03-03,7.5,4
19,485789,Bhaagamathie,భాగమతి,te,1.0704,2018-01-26,6.013,38
0,482204,My Sister-in-law's Job,형수의 직업,ko,4.27,2017-08-31,4.75,8
1,480897,"Krasner, Norman: Beloved Husband of Irma","Krasner, Norman: Beloved Husband of Irma",en,0.7024,1974-01-01,4.0,1
2,480536,A Horrible Woman,En frygtelig kvinde,da,1.2594,2017-12-25,6.3,39
3,475094,The Captain,Der Hauptmann,de,4.7196,2018-02-02,7.21,524
4,473920,S.M.A.R.T. Chase,S.M.A.R.T. Chase,en,3.7308,2017-09-30,4.821,112
5,468205,"No Date, No Signature",بدون تاریخ بدون امضا,fa,2.759,2017-08-01,6.775,140
6,464111,Zygote,Zygote,en,2.7862,2017-07-12,6.987,194
7,463861,Jealous,Jalouse,fr,2.3732,2017-11-08,5.895,244
8,462526,The Satanic Verses Affair,The Satanic Verses Affair,en,1.0769,2009-03-07,0.0,0
9,460557,The Thousand Faces of Dunjia,奇门遁甲,zh,2.7781,2017-12-15,6.3,85
10,457842,Arrhythmia,Аритмия,ru,2.0098,2017-10-12,6.997,169
11,451278,Eat Your Heart Out,Eat Your Heart Out,en,2.3931,1997-01-01,4.5,6
12,450547,Mistaken Identity,烏龍賊替身,cn,1.1454,1988-10-06,9.5,2
13,431179,Los ojos de América,Los ojos de América,es,2.0494,2014-11-02,7.0,2
14,422199,The Kind Wife,착한 아내,ko,2.1822,2016-09-06,5.0,3
15,419192,McLaren,McLaren,en,2.9141,2016-02-14,7.434,114
16,406000,The Teacher,Učiteľka,sk,3.237,2016-07-21,6.841,107
17,404165,Erotic Agent,聊齋艷奇之陸判性經,zh,1.6458,2003-12-25,6.7,3
18,403032,The Tenants Downstairs,樓下的房客,zh,1.9874,2016-06-23,6.25,40
19,402581,What Every Woman Wants,What Every Woman Wants,en,1.2157,1954-06-10,6.6,5
0,32926,Recep Ivedik 3,Recep İvedik 3,tr,2.4945,2010-02-12,4.644,149
1,32595,The Marsupials: The Howling III,The Marsupials: The Howling III,en,3.4054,1987-05-15,4.5,155
2,29161,Phenomena,Phenomena,en,5.546,1985-01-25,6.773,944
3,28032,Thumbelina,Thumbelina,en,12.4131,1994-03-30,6.5,554
4,26127,Joshua Tree,Joshua Tree,en,4.7305,1993-04-08,6.165,185
5,25913,Balto: Wolf Quest,Balto: Wolf Quest,en,5.2299,2002-04-30,6.4,576
6,25694,Alice in Wonderland,Alice in Wonderland,en,2.3379,1933-12-18,6.1,66
7,24684,An Education,An Education,en,6.1485,2009-10-29,6.933,1464
8,21448,Mickey's Magical Christmas: Snowed in at the House of Mouse,Mickey's Magical Christmas: Snowed in at the House of Mouse,en,5.892,2001-11-06,6.958,287
9,21259,Testament,Testament,en,4.9274,1983-11-04,6.412,144
10,20377,The Brave Little Toaster Goes to Mars,The Brave Little Toaster Goes to Mars,en,3.5574,1998-05-19,5.7,92
11,20278,Africa Screams,Africa Screams,en,1.5151,1949-05-04,5.725,69
12,18998,Darkman II: The Return of Durant,Darkman II: The Return of Durant,en,4.3332,1995-07-11,5.608,306
13,18588,52 Pick-Up,52 Pick-Up,en,4.2942,1986-11-07,6.057,158
14,16774,Hellboy Animated: Sword of Storms,Hellboy Animated: Sword of Storms,en,4.2977,2006-10-28,6.321,162
15,16690,Return to Never Land,Return to Never Land,en,10.6361,2002-02-14,6.471,2423
16,16276,The Tiger Brigades,Les Brigades du Tigre,fr,2.7808,2006-04-14,5.618,141
17,14649,Have Mercy on Us All,Pars vite et reviens tard,fr,1.3338,2007-01-24,5.946,83
18,14475,Used Cars,Used Cars,en,6.1573,1980-07-11,6.43,306
19,14094,Christmas in Wonderland,Christmas in Wonderland,en,2.3879,2007-12-27,5.439,93
0,279254,Ghost in the Shell: Arise - Border 4: Ghost Stands Alone,攻殻機動隊ARISE border: 4 Ghost Stands Alone,ja,3.2847,2014-09-06,6.933,149
1,276624,I Am a Hero,アイアムアヒーロー,ja,4.0291,2016-04-23,7.458,527
2,274480,Among Ravens,Among Ravens,en,1.3714,2014-07-18,4.825,20
3,270034,The Yuppie Fantasia,小男人周記,cn,1.6562,1989-05-20,6.5,6
4,260516,Lupin the Third: Jigen's Gravestone,LUPIN THE IIIRD 次元大介の墓標,ja,3.6979,2014-06-21,7.377,146
5,255667,For the Love of a Child,For the Love of a Child,en,3.231,2006-01-09,7.333,9
6,253266,Print the Legend,Print the Legend,en,1.0007,2014-03-09,6.654,68
7,253232,Tora-san's Love Call,男はつらいよ 寅次郎恋歌,ja,1.3187,1971-12-29,8.4,7
8,250480,The Many Adventures of Winnie the Pooh,The Many Adventures of Winnie the Pooh,en,9.5562,1977-03-11,7.245,1199
9,250360,A Very Unsettled Summer,O vara foarte instabila,en,1.4317,2013-11-01,4.643,7
10,236264,Customers Wanted,Customers Wanted,en,1.7276,1939-01-27,5.824,17
11,229407,Puppy,Puppy,en,2.0433,2013-12-10,7.254,246
12,217151,Blind Melon: Letters from a Porcupine,Blind Melon: Letters from a Porcupine,en,0.7754,2001-09-11,10.0,1
13,205724,Welcome to the Jungle,Welcome to the Jungle,en,4.6103,2013-04-27,5.036,466
14,201153,Rhythm on the Reservation,Rhythm on the Reservation,en,1.0921,1939-07-07,5.5,10
15,192102,3 Days to Kill,3 Days to Kill,en,9.5392,2014-02-14,6.105,2376
16,189203,All the President's Men Revisited,All the President's Men Revisited,en,1.9867,2013-04-21,7.0,10
17,187425,Sink & Rise,싱크 앤 라이즈,ko,0.9846,2004-03-01,5.417,12
18,172828,Bad Milo!,Bad Milo!,en,4.3774,2013-08-28,5.739,262
19,169796,Winter Kept Us Warm,Winter Kept Us Warm,en,1.3376,1965-09-25,5.727,11
0,162566,100% Service,100% Service,en,1.586,1931-08-01,6.6,5
1,161889,I Heard,I Heard,en,1.3501,1933-09-01,6.8,16
2,161847,Betty Boop's Crazy Inventions,Betty Boop's Crazy Inventions,en,1.3202,1933-01-27,6.278,18
3,158783,New Year's Concert 2012,Neujahrskonzert der Wiener Philharmoniker 2012,de,0.7263,2012-01-01,0.0,0
4,158752,Escape from Tomorrow,Escape from Tomorrow,en,1.9649,2013-10-11,4.796,248
5,149170,A Nest of Gentry,Дворянское гнездо,ru,1.2768,1969-08-25,5.7,14
6,146203,The Last Exorcism Part II,The Last Exorcism Part II,en,6.8649,2013-02-28,4.668,615
7,145756,Aladdin and His Wonderful Lamp,Aladdin and His Wonderful Lamp,en,1.1569,1939-04-07,7.114,35
8,130951,Trailing Double Trouble,Trailing Double Trouble,en,0.8578,1940-10-10,7.5,2
9,120884,Fairy Tale Killer,追凶,cn,1.7854,2012-05-10,4.2,14
10,117751,Ustad Hotel,ഉസ്‌താദ്‌ Hotel,ml,1.8709,2012-06-29,7.535,114
11,115573,Naked of Defenses,無防備,ja,0.9741,2008-10-01,0.0,0
12,113594,A Turtle's Tale 2: Sammy's Escape from Paradise,A Turtle's Tale 2: Sammy's Escape from Paradise,en,6.5737,2012-08-01,5.8,222
13,113296,Wildlife South Africa 3D,Wildlife Südafrika 3D,de,3.4911,2012-05-13,8.2,2
14,112157,Space-Time Traveler - Time Stranger,時空の旅人 -Time Stranger-,ja,2.0646,1986-12-20,6.25,14
15,108634,Typhoon Club,台風クラブ,ja,3.4244,1985-08-31,6.5,71
16,107438,The Crawlers,The Crawlers,en,1.8638,1991-10-18,3.789,45
17,102949,Alive or Preferably Dead,"Vivi o, preferibilmente, morti",it,2.6266,1969-09-17,6.5,19
18,102784,Two Rabbits,2 Coelhos,pt,1.7756,2012-01-20,6.853,156
19,101173,Coriolanus,Coriolanus,en,4.7893,2011-02-14,5.838,515
0,98568,Enter Nowhere,Enter Nowhere,en,2.6855,2015-02-02,6.363,245
1,96399,Outlaws - For Greater Glory,For Greater Glory: The True Story of Cristiada,en,3.8094,2012-06-01,6.9,179
2,84228,Julia X,Julia X,en,2.8948,2011-09-24,4.793,121
3,81914,Sleepwalker,梦游 3D,cn,1.2639,2011-10-23,4.0,11
4,76077,Operation Swallow: The Battle for Heavy Water,Kampen om tungtvannet,no,1.6939,1948-02-05,5.406,16
5,73362,TRON: The Next Day,TRON: The Next Day,en,2.1664,2011-03-14,5.623,106
6,72348,Conviction,Conviction,en,1.6437,2002-09-29,4.143,7
7,70841,Doraemon: Nobita's Dinosaur,映画ドラえもん のび太の恐竜2006,ja,7.17,2006-03-04,7.369,98
8,65632,The 10th Victim,La decima vittima,it,3.1166,1965-12-02,6.642,243
9,64835,Corpo Celeste,Corpo celeste,it,2.4933,2011-05-20,6.862,109
10,61202,Zindagi Na Milegi Dobara,ज़िन्दगी ना मिलेगी दोबारा,hi,2.9718,2011-07-15,7.643,438
11,57680,The Simple Life of Noah Dearborn,The Simple Life of Noah Dearborn,en,2.3802,1999-05-09,6.167,21
12,55059,Happy Together,Happy Together,en,3.2255,1989-05-04,5.9,76
13,54559,Orientation Day,Orientation Day,en,2.1999,2010-12-13,6.914,214
14,54551,Banana,Banana,en,3.0735,2010-12-13,7.08,306
15,54133,Madhouse,Madhouse,en,1.9016,1981-03-04,5.6,70
16,53073,Lijavec,Lijavec,cs,1.4463,1997-01-01,7.3,5
17,52900,Michael Jackson Memorial,Michael Jackson Memorial,de,1.5805,2009-07-07,7.974,19
18,52663,The Foul King,반칙왕,ko,1.5276,2000-02-04,6.9,98
19,52450,Cut Off,Cut Off,en,1.3503,2006-01-01,4.714,7
0,50758,The Swindle,Squadra antitruffa,it,2.8892,1977-11-18,6.5,37
1,50577,The Year Without a Santa Claus,The Year Without a Santa Claus,en,2.4773,2006-12-11,5.8,20
2,50544,Friends with Benefits,Friends with Benefits,en,13.4938,2011-07-21,6.638,8521
3,49953,A Turtle's Tale: Sammy's Adventures,A Turtle's Tale: Sammy's Adventures,en,8.2809,2010-08-04,6.1,702
4,49787,The Reef,The Reef,en,2.3269,2010-05-15,5.637,613
5,49478,Warriors of Virtue,Warriors of Virtue,en,3.7724,1997-05-02,4.753,77
6,49196,Lord of the Dance,Lord of the Dance,en,1.4735,1997-10-14,7.316,19
7,48921,Shadow Builder,Shadow Builder,en,2.0089,1998-11-01,4.707,46
8,47971,xXx: Return of Xander Cage,xXx: Return of Xander Cage,en,22.5343,2017-01-13,6.128,9329
9,43549,The Experiment,The Experiment,en,5.8175,2010-07-15,6.366,1356
10,43317,Artists and Models,Artists and Models,en,2.9392,1955-11-07,6.6,143
11,41428,Tetsuo: The Iron Man,鉄男,ja,5.202,1989-07-01,6.973,737
12,41368,The Rescue,The Rescue,en,2.5655,1988-08-05,5.3,34
13,41225,Spirits of the Dead,Histoires extraordinaires,fr,2.8871,1968-05-16,6.242,188
14,38099,Hand of Death,少林門,zh,2.8116,1976-07-15,6.628,98
15,37707,Splice,Splice,en,7.7828,2010-06-03,5.877,2520
16,37653,The Three Brothers,Les Trois Frères,fr,2.4818,1995-12-13,6.967,827
17,36593,Naked Gun 33⅓: The Final Insult,Naked Gun 33⅓: The Final Insult,en,12.4601,1994-03-18,6.518,2618
18,35073,"The Beast from 20,000 Fathoms","The Beast from 20,000 Fathoms",en,3.965,1953-06-13,6.591,208
19,32926,Recep Ivedik 3,Recep İvedik 3,tr,2.4945,2010-02-12,4.644,149
0,38637,Vaaranam Aayiram,வாரணம் ஆயிரம்,ta,2.3312,2008-11-14,7.3,78
1,38358,The Last Exorcism,The Last Exorcism,en,7.2044,2010-08-27,5.685,1144
2,37433,Neo Tokyo,迷宮物語,ja,2.947,1989-04-15,6.705,132
3,36236,The Witches,Le streghe,it,2.5359,1967-02-22,6.0,79
4,36095,Cure,キュア,ja,8.3484,1997-12-27,7.6,867
5,35038,Dragon Fight,龍在天涯,cn,3.7044,1989-09-01,6.2,36
6,34388,Funeral in Berlin,Funeral in Berlin,en,4.1219,1966-12-22,6.4,170
7,33839,Cheaper by the Dozen,Cheaper by the Dozen,en,3.1796,1950-03-31,6.4,89
8,33518,Alligator,Alligator,en,5.1014,1980-11-14,6.046,401
9,32985,Solomon Kane,Solomon Kane,en,8.5095,2009-12-23,6.044,1580
10,32037,The Cassandra Crossing,The Cassandra Crossing,en,4.6592,1976-12-18,6.234,239
11,31414,Satantango,Sátántangó,hu,5.925,1994-04-28,8.05,323
12,31262,The Man from London,A Londoni férfi,hu,3.4308,2008-09-24,7.0,112
13,31102,Pollyanna,Pollyanna,en,3.241,1960-05-19,6.961,219
14,30793,House of Dracula,House of Dracula,en,2.8607,1945-12-07,5.5,152
15,28178,Hachi: A Dog's Tale,Hachi: A Dog's Tale,en,17.7001,2009-06-08,8.003,7327
16,27767,Slumber Party Massacre III,Slumber Party Massacre III,en,2.5264,1990-09-07,4.961,115
17,27517,The Man Who Laughs,The Man Who Laughs,en,3.1812,1928-11-04,7.3,228
18,27476,Nightmare Sisters,Nightmare Sisters,en,2.5504,1988-06-15,5.6,123
19,27374,Lake Mungo,Lake Mungo,en,6.9561,2009-07-30,6.144,731
0,483980,Z-O-M-B-I-E-S,Z-O-M-B-I-E-S,en,5.8914,2018-02-16,7.244,786
1,483863,Tiny Christmas,Tiny Christmas,en,2.1189,2017-12-02,6.2,32
2,475946,Blade Runner: Black Out 2022,ブレードランナー ブラックアウト 2022,en,2.5994,2017-09-26,7.105,460
3,471972,Chef,Chef,hi,2.4395,2017-10-06,5.529,34
4,465123,Rifftrax Live: Samurai Cop,Rifftrax Live: Samurai Cop,en,0.7842,2017-04-13,6.0,8
5,460793,Olaf's Frozen Adventure,Olaf's Frozen Adventure,en,10.6159,2017-10-27,6.5,1517
6,448916,2036 Origin Unknown,2036 Origin Unknown,en,2.8897,2018-06-08,4.695,298
7,446807,The Girl in the Spider's Web,The Girl in the Spider's Web,en,8.473,2018-10-25,6.161,1565
8,446791,All the Money in the World,All the Money in the World,en,9.796,2017-12-21,6.492,2469
9,432798,Bring Me the Horizon: Live at the Royal Albert Hall,Bring Me the Horizon: Live at the Royal Albert Hall,en,1.275,2016-04-22,9.2,4
10,427964,Camp Blood 4,Camp Blood 4,en,0.9766,2016-02-21,3.2,22
11,419831,I Kill Giants,I Kill Giants,en,6.3416,2017-11-15,6.169,1284
12,419639,The Thinning,The Thinning,en,3.9193,2016-10-12,6.599,389
13,415842,American Assassin,American Assassin,en,12.3216,2017-07-14,6.412,3319
14,409276,What a Good Secretary Wants,착한 여비서의 목적,ko,3.37,2016-05-20,5.7,7
15,407627,Ice Sharks,Ice Sharks,en,2.8422,2016-07-26,4.798,124
16,402464,Some Freaks,Some Freaks,en,1.5244,2016-07-24,6.108,60
17,401246,The Square,The Square,sv,7.8364,2017-08-25,6.741,1787
18,378462,The Gigolo 2,鴨王2,cn,4.2055,2016-01-14,4.2,15
19,374856,Detective Conan: The Darkest Nightmare,名探偵コナン 純黒の悪夢（ナイトメア）,ja,5.205,2016-04-16,6.76,127
0,371608,The Strangers: Prey at Night,The Strangers: Prey at Night,en,10.2283,2018-03-07,5.729,1539
1,369196,I Spit on Your Grave: Déjà Vu,I Spit on Your Grave: Déjà Vu,en,3.4331,2019-04-23,3.019,157
2,360784,Hidden,Hidden,en,7.0189,2015-09-15,6.962,1240
3,345934,Air Strike,Air Strike,en,5.3058,2018-10-26,5.088,294
4,339692,Shot Caller,Shot Caller,en,11.6961,2017-07-07,7.0,2298
5,339530,Tremors 5: Bloodlines,Tremors 5: Bloodlines,en,4.3225,2015-10-06,5.552,473
6,338676,Extinction,Extinction,en,5.9747,2015-08-07,6.335,835
7,337107,Valley of Love,Valley of Love,fr,2.3223,2015-06-17,5.9,94
8,329103,Russian Lolita,Русская Лолита,ru,14.6603,2007-01-03,5.2,131
9,327795,Uncle Moustache,عمو سیبیلو,fa,2.3595,1970-01-02,7.0,3
10,321528,Batman vs. Robin,Batman vs. Robin,en,6.6,2015-04-03,7.219,1020
11,319304,Pervert Ward: S&M Clinic,変態病棟 SM診療室,ja,2.0281,1989-09-02,5.529,17
12,318378,Morbus,Morbus (o bon profit),ca,1.1555,1983-05-02,3.4,5
13,308403,Homesick,De nærmeste,no,3.8019,2015-03-27,5.246,61
14,298099,Erotic Ghost Story: Perfect Match,聊齋艷譚之幽媾,cn,3.7033,1997-11-06,2.6,10
15,297270,Tinker Bell and the Legend of the NeverBeast,Tinker Bell and the Legend of the NeverBeast,en,12.9461,2014-12-12,7.427,1247
16,295830,Attack on Titan,進撃の巨人 ATTACK ON TITAN,ja,7.9542,2015-08-01,6.137,864
17,293771,Dead Rising: Watchtower,Dead Rising: Watchtower,en,4.1391,2015-03-27,5.163,390
18,286687,Love Lesson,화려한 외출,ko,14.3076,2013-12-05,6.8,43
19,264397,The Incident,El Incidente,es,3.8528,2014-05-17,6.889,190
0,256040,Bāhubali: The Beginning,బాహుబలి:ద బిగినింగ్,te,6.6542,2015-07-10,7.562,963
1,250610,The Crew,The Crew,en,2.7916,1994-10-01,4.1,13
2,243238,The Fire Rises: The Creation and Impact of The Dark Knight Trilogy,The Fire Rises: The Creation and Impact of The Dark Knight Trilogy,en,2.6938,2013-09-24,6.875,28
3,242828,When Marnie Was There,思い出のマーニー,ja,10.1052,2014-07-19,7.918,2020
4,242090,The One I Love,The One I Love,en,4.1529,2014-08-08,6.871,808
5,238615,Self/less,Self/less,en,15.5424,2015-07-10,6.427,3370
6,223702,Sausage Party,Sausage Party,en,14.2862,2016-07-11,5.75,7847
7,221912,Raped by an Angel 4: The Rapist's Union,强奸终极篇之最后羔羊,cn,1.9658,1999-01-17,6.1,22
8,221461,Hero - Beyond the Boundary of Time,正牌韋小寶之奉旨溝女,cn,1.9841,1993-06-12,5.1,14
9,218381,Extraction,Extraction,en,3.8147,2013-09-05,4.91,61
10,190860,Fascination Coral Reef: Mysterious Worlds Underwater,Fascination Coral Reef: Mysterious Worlds Underwater,en,0.9347,2012-05-04,7.0,2
11,184345,A Haunted House 2,A Haunted House 2,en,12.0841,2014-04-17,6.194,1630
12,166076,Superman: Unbound,Superman: Unbound,en,4.9249,2013-04-23,6.599,474
13,161331,Mulberry,뽕,ko,1.6391,1986-02-08,5.8,15
14,152747,All Is Lost,All Is Lost,en,6.5225,2013-08-23,6.647,1812
15,134575,Secrets of the Heavenly Book,天书奇谭,zh,2.0805,1983-01-01,7.822,45
16,134375,Home Alone: The Holiday Heist,Home Alone: The Holiday Heist,en,8.0804,2012-12-03,5.092,503
17,134366,Grave Encounters 2,Grave Encounters 2,en,4.7755,2012-10-12,5.6,1046
18,126277,American Mary,American Mary,en,4.2339,2013-01-11,6.263,612
19,125509,Wrong Turn 5: Bloodlines,Wrong Turn 5: Bloodlines,en,10.6828,2012-10-18,5.494,1078
0,121734,"Tad, the Lost Explorer",Las aventuras de Tadeo Jones,es,6.5229,2012-08-10,6.3,636
1,114072,Pressure,Pressure,en,1.1974,1976-11-19,6.5,13
2,106747,Machete Kills,Machete Kills,en,9.6422,2013-09-12,5.621,2094
3,101731,The Magic of Belle Isle,The Magic of Belle Isle,en,4.2863,2012-07-06,7.0,460
4,97367,The Place Beyond the Pines,The Place Beyond the Pines,en,11.7564,2013-03-20,6.981,5322
5,94901,About Cherry,About Cherry,en,5.9379,2012-02-14,4.598,325
6,91683,Edge of Sanity,Edge of Sanity,en,2.0483,1989-04-14,5.364,66
7,86837,Amour,Amour,fr,7.3261,2012-09-20,7.752,1819
8,84204,Grabbers,Grabbers,en,4.5131,2012-08-10,6.091,529
9,82700,After Earth,After Earth,en,8.4681,2013-05-30,5.178,6975
10,82693,Silver Linings Playbook,Silver Linings Playbook,en,15.9759,2012-11-16,7.155,12847
11,80389,Get the Gringo,Get the Gringo,en,9.0468,2012-03-15,6.607,1855
12,78192,Michael Jackson: The Life of an Icon,Michael Jackson: The Life of an Icon,en,3.0481,2011-11-02,8.094,192
13,77866,Contraband,Contraband,en,8.8663,2012-01-12,6.344,2281
14,77356,Head Against the Wall,La Tête contre les murs,fr,1.6208,1959-03-20,6.8,41
15,76788,Mankatha,மங்காத்தா,ta,1.7577,2011-08-31,6.8,75
16,76493,The Dictator,The Dictator,en,19.0678,2012-05-15,6.246,6616
17,73937,The Big Year,The Big Year,en,5.9397,2011-10-13,6.002,912
18,73324,A Distant Cry from Spring,遙かなる山の呼び声,ja,1.8911,1980-03-15,7.4,30
19,72197,The Pirates! In an Adventure with Scientists!,The Pirates! In an Adventure with Scientists!,en,11.6914,2012-03-12,6.539,1257
0,39148,Dragon Ball: The Path to Power,ドラゴンボール 最強への道,ja,3.4901,1996-03-04,7.4,411
1,30783,Test Tube Teens from the Year 2000,Test Tube Teens from the Year 2000,en,1.6744,1994-07-27,4.087,23
2,28503,Dementia 13,Dementia 13,en,2.0261,1963-09-25,5.5,199
3,28043,Black Sabbath,I tre volti della paura,it,3.7718,1963-08-17,7.165,493
4,27022,The Sorcerer's Apprentice,The Sorcerer's Apprentice,en,13.1351,2010-07-13,6.145,5383
5,26811,Dr. Terror's House of Horrors,Dr. Terror's House of Horrors,en,3.6249,1965-02-23,6.465,200
6,25050,Still Walking,歩いても 歩いても,ja,3.6794,2008-06-28,7.801,465
7,24667,The Olsen Gang,Olsen-banden,no,2.1552,1969-08-11,7.5,22
8,20620,Seconds,Seconds,en,4.4617,1966-10-05,7.352,454
9,17700,Deep Sea 3D,Deep Sea 3D,en,2.6585,2006-03-03,6.571,84
10,16119,Cinderella III: A Twist in Time,Cinderella III: A Twist in Time,en,13.2154,2007-02-06,6.6,1354
11,15403,Ben 10: Secret of the Omnitrix,Ben 10: Secret of the Omnitrix,en,5.7481,2007-08-10,7.449,285
12,15373,Role Models,Role Models,en,8.2727,2008-11-07,6.483,2217
13,15070,Undisputed,Undisputed,en,9.9951,2002-07-17,6.519,860
14,13339,Three O'Clock High,Three O'Clock High,en,4.9849,1987-10-09,6.799,314
15,13310,Let the Right One In,Låt den rätte komma in,sv,7.7178,2008-10-24,7.545,3357
16,11954,Lifeforce,Lifeforce,en,8.4501,1985-06-21,6.199,768
17,11878,Yojimbo,用心棒,ja,6.5237,1961-04-25,8.08,1747
18,11837,Watership Down,Watership Down,en,6.0013,1978-10-14,7.196,734
19,11713,Fist of Fury,精武門,zh,8.4249,1972-03-22,7.225,1114
0,11571,Journey to the Center of the Earth,Journey to the Center of the Earth,en,5.8408,1959-12-15,6.895,528
1,11528,The Sandlot,The Sandlot,en,9.6234,1993-04-07,7.563,1382
2,11282,Harold & Kumar Go to White Castle,Harold & Kumar Go to White Castle,en,9.1973,2004-07-02,6.582,2373
3,11212,Baby's Day Out,Baby's Day Out,en,12.6549,1994-07-01,6.421,1509
4,11199,Wild Hogs,Wild Hogs,en,8.2191,2007-03-02,5.971,2515
5,11047,Asterix the Gaul,Astérix le Gaulois,fr,5.4115,1967-12-20,6.473,824
6,10950,I Am Sam,I Am Sam,en,11.4956,2001-12-28,7.56,2583
7,10731,The Client,The Client,en,13.0872,1994-07-20,6.691,1437
8,10587,Police Academy 4: Citizens on Patrol,Police Academy 4: Citizens on Patrol,en,9.0551,1987-04-02,5.519,1317
9,10503,Happy-Go-Lucky,Happy-Go-Lucky,en,5.5004,2008-04-18,6.575,526
10,10406,Encino Man,Encino Man,en,5.9682,1992-05-22,5.8,742
11,10400,The Hurricane,The Hurricane,en,7.3325,1999-09-17,7.44,1569
12,10398,Double Jeopardy,Double Jeopardy,en,12.3851,1999-09-24,6.637,1553
13,10184,He's Just Not That Into You,He's Just Not That Into You,en,12.5878,2009-02-06,6.62,4117
14,10024,My Sister's Keeper,My Sister's Keeper,en,8.8848,2009-06-26,7.369,2302
15,9560,A Walk in the Clouds,A Walk in the Clouds,en,10.1789,1995-05-27,7.383,1155
16,9464,Buffalo '66,Buffalo '66,en,5.8977,1998-01-20,7.13,1089
17,9273,Ace Ventura: When Nature Calls,Ace Ventura: When Nature Calls,en,10.4,1995-11-10,6.345,4703
18,9044,Tristan & Isolde,Tristan & Isolde,en,8.2212,2006-04-07,6.688,868
19,8869,Eight Legged Freaks,Eight Legged Freaks,en,10.4558,2002-07-17,5.812,1388
0,54559,Orientation Day,Orientation Day,en,2.1999,2010-12-13,6.914,214
1,54551,Banana,Banana,en,3.0735,2010-12-13,7.08,306
2,54133,Madhouse,Madhouse,en,1.9016,1981-03-04,5.6,70
3,53073,Lijavec,Lijavec,cs,1.4463,1997-01-01,7.3,5
4,52900,Michael Jackson Memorial,Michael Jackson Memorial,de,1.5805,2009-07-07,7.974,19
5,52663,The Foul King,반칙왕,ko,1.5276,2000-02-04,6.9,98
6,52450,Cut Off,Cut Off,en,1.3503,2006-01-01,4.714,7
7,50758,The Swindle,Squadra antitruffa,it,2.8892,1977-11-18,6.5,37
8,50577,The Year Without a Santa Claus,The Year Without a Santa Claus,en,2.4773,2006-12-11,5.8,20
9,50544,Friends with Benefits,Friends with Benefits,en,13.4938,2011-07-21,6.638,8521
10,49953,A Turtle's Tale: Sammy's Adventures,A Turtle's Tale: Sammy's Adventures,en,8.2809,2010-08-04,6.1,702
11,49787,The Reef,The Reef,en,2.3269,2010-05-15,5.637,613
12,49478,Warriors of Virtue,Warriors of Virtue,en,3.7724,1997-05-02,4.753,77
13,49196,Lord of the Dance,Lord of the Dance,en,1.4735,1997-10-14,7.316,19
14,48921,Shadow Builder,Shadow Builder,en,2.0089,1998-11-01,4.707,46
15,47971,xXx: Return of Xander Cage,xXx: Return of Xander Cage,en,22.5343,2017-01-13,6.128,9329
16,43549,The Experiment,The Experiment,en,5.8175,2010-07-15,6.366,1356
17,43317,Artists and Models,Artists and Models,en,2.9392,1955-11-07,6.6,143
18,41428,Tetsuo: The Iron Man,鉄男,ja,5.202,1989-07-01,6.973,737
19,41225,Spirits of the Dead,Histoires extraordinaires,fr,2.8871,1968-05-16,6.242,188
0,419831,I Kill Giants,I Kill Giants,en,6.3416,2017-11-15,6.169,1284
1,419639,The Thinning,The Thinning,en,3.9193,2016-10-12,6.599,389
2,415842,American Assassin,American Assassin,en,12.3216,2017-07-14,6.412,3319
3,409276,What a Good Secretary Wants,착한 여비서의 목적,ko,3.37,2016-05-20,5.7,7
4,407627,Ice Sharks,Ice Sharks,en,2.8422,2016-07-26,4.798,124
5,402464,Some Freaks,Some Freaks,en,1.5244,2016-07-24,6.108,60
6,401246,The Square,The Square,sv,7.8364,2017-08-25,6.741,1787
7,378462,The Gigolo 2,鴨王2,cn,4.2055,2016-01-14,4.2,15
8,374856,Detective Conan: The Darkest Nightmare,名探偵コナン 純黒の悪夢（ナイトメア）,ja,5.205,2016-04-16,6.76,127
9,371608,The Strangers: Prey at Night,The Strangers: Prey at Night,en,10.2283,2018-03-07,5.729,1539
10,369698,Viking,Викинг,ru,2.9995,2016-12-29,4.883,179
11,369196,I Spit on Your Grave: Déjà Vu,I Spit on Your Grave: Déjà Vu,en,3.4331,2019-04-23,3.019,157
12,360784,Hidden,Hidden,en,7.0189,2015-09-15,6.962,1240
13,345934,Air Strike,Air Strike,en,5.3058,2018-10-26,5.088,294
14,339692,Shot Caller,Shot Caller,en,11.6961,2017-07-07,7.0,2298
15,339530,Tremors 5: Bloodlines,Tremors 5: Bloodlines,en,4.3225,2015-10-06,5.552,473
16,338676,Extinction,Extinction,en,5.9747,2015-08-07,6.335,835
17,337107,Valley of Love,Valley of Love,fr,2.3223,2015-06-17,5.9,94
18,329103,Russian Lolita,Русская Лолита,ru,14.6603,2007-01-03,5.2,131
19,327795,Uncle Moustache,عمو سیبیلو,fa,2.3595,1970-01-02,7.0,3
0,16276,The Tiger Brigades,Les Brigades du Tigre,fr,2.7808,2006-04-14,5.618,141
1,14649,Have Mercy on Us All,Pars vite et reviens tard,fr,1.3338,2007-01-24,5.946,83
2,14475,Used Cars,Used Cars,en,6.1573,1980-07-11,6.43,306
3,14094,Christmas in Wonderland,Christmas in Wonderland,en,2.3879,2007-12-27,5.439,93
4,13818,Heartburn,Heartburn,en,4.7296,1986-07-25,6.002,223
5,13396,The Snowman,The Snowman,en,3.744,1982-12-26,7.586,367
6,13199,American Me,American Me,en,5.194,1992-03-13,7.5,423
7,13009,Zombie Strippers!,Zombie Strippers!,en,7.3042,2008-04-18,4.843,452
8,12597,Hellraiser: Inferno,Hellraiser: Inferno,en,4.5333,2000-10-31,5.379,548
9,12205,Dark Water,仄暗い水の底から,ja,4.9552,2002-01-19,6.83,755
10,11454,Manhunter,Manhunter,en,0.4085,1986-08-15,7.011,1595
11,11285,Cocoon: The Return,Cocoon: The Return,en,5.3267,1988-09-13,6.461,1039
12,11187,Child's Play 3,Child's Play 3,en,11.0285,1991-08-30,5.905,1798
13,11144,They Called Him Bulldozer,Lo chiamavano Bulldozer,it,2.7994,1978-09-15,6.879,356
14,11141,Laws of Attraction,Laws of Attraction,en,4.1362,2004-04-04,5.825,469
15,11023,Thirteen,Thirteen,en,8.9919,2003-08-20,6.699,1830
16,10970,Silent Movie,Silent Movie,en,3.9612,1976-06-17,6.535,355
17,10794,The Party,The Party,en,3.8326,1968-04-04,7.29,888
18,10735,What a Girl Wants,What a Girl Wants,en,8.2647,2003-03-27,6.303,1752
19,10652,Hamburger Hill,Hamburger Hill,en,5.1445,1987-08-07,6.582,526
